frozen_variant_key	assembly	reference_accession	forward_reference_base	reporting_hgvs	source_rsid	validation_status	reference_sequence_url	hgvs_validator_url	validation_response_sha256	scope
GRCh37:6:25685878:G:GTATAAT	GRCh37	NC_000006.11	G	NC_000006.11:g.25685895_25685900dup	rs71544650	source_panel_REF_ALT_and_HGVS_normalization_verified	https://grch37.rest.ensembl.org/sequence/region/human/6:25685848..25685918:1?content-type=application/json	https://mutalyzer.nl/api/normalize/NC_000006.11%3Ag.25685878_25685879insTATAAT	ef0c9e5495446bb1f9c592f394250c13ba810363100127adcce456099c78c53b	Figure 3 displayed input; analytical key unchanged
GRCh37:6:25710571:A:G	GRCh37	NC_000006.11	G	NC_000006.11:g.25710571G>A		reference_base_and_HGVS_normalization_verified	https://grch37.rest.ensembl.org/sequence/region/human/6:25710541..25710611:1?content-type=application/json	https://mutalyzer.nl/api/normalize/NC_000006.11%3Ag.25710571G%3EA	c9962d0134daae3db7262549b66b8580d604e5f9bee55ef845b63a044fafa7af	Figure 3 displayed input; analytical key unchanged
GRCh37:6:25715657:A:G	GRCh37	NC_000006.11	G	NC_000006.11:g.25715657G>A		reference_base_and_HGVS_normalization_verified	https://grch37.rest.ensembl.org/sequence/region/human/6:25715627..25715697:1?content-type=application/json	https://mutalyzer.nl/api/normalize/NC_000006.11%3Ag.25715657G%3EA	565673167a6db9f923bed5ba3e348490e44ed9b5ab85e7ababae5a1fec0dacb4	Figure 3 displayed input; analytical key unchanged
GRCh37:6:25878848:A:G	GRCh37	NC_000006.11	A	NC_000006.11:g.25878848A>G		reference_base_and_HGVS_normalization_verified	https://grch37.rest.ensembl.org/sequence/region/human/6:25878818..25878888:1?content-type=application/json	https://mutalyzer.nl/api/normalize/NC_000006.11%3Ag.25878848A%3EG	ac5ce89603f16904beae9169ca01ab7eca18042598e749dc809cb834c4330a40	Figure 3 displayed input; analytical key unchanged
GRCh37:6:25918225:C:T	GRCh37	NC_000006.11	T	NC_000006.11:g.25918225T>C		reference_base_and_HGVS_normalization_verified	https://grch37.rest.ensembl.org/sequence/region/human/6:25918195..25918265:1?content-type=application/json	https://mutalyzer.nl/api/normalize/NC_000006.11%3Ag.25918225T%3EC	a0f48754c674b78dab52351e62a8f3fc1a3edc1d25427229bd035ea767cc920a	Figure 3 displayed input; analytical key unchanged
GRCh37:6:25918855:A:G	GRCh37	NC_000006.11	G	NC_000006.11:g.25918855G>A		reference_base_and_HGVS_normalization_verified	https://grch37.rest.ensembl.org/sequence/region/human/6:25918825..25918895:1?content-type=application/json	https://mutalyzer.nl/api/normalize/NC_000006.11%3Ag.25918855G%3EA	876ff1f04d9d9428b1c6c78f11d1f80ae84a71c03dcc9e664fffc64f808a1990	Figure 3 displayed input; analytical key unchanged
GRCh37:6:26093141:A:G	GRCh37	NC_000006.11	G	NC_000006.11:g.26093141G>A		reference_base_and_HGVS_normalization_verified	https://grch37.rest.ensembl.org/sequence/region/human/6:26093111..26093181:1?content-type=application/json	https://mutalyzer.nl/api/normalize/NC_000006.11%3Ag.26093141G%3EA	da051d822e0205a9587a4226dc01d9952526e5039ee063414f4c74005382ee69	Figure 3 displayed input; analytical key unchanged
GRCh37:6:26123502:C:T	GRCh37	NC_000006.11	T	NC_000006.11:g.26123502T>C		reference_base_and_HGVS_normalization_verified	https://grch37.rest.ensembl.org/sequence/region/human/6:26123472..26123542:1?content-type=application/json	https://mutalyzer.nl/api/normalize/NC_000006.11%3Ag.26123502T%3EC	4bbce56ee95535e6d0a78b73a3719e79602fa1ecd506744aeb812f60bd30d036	Figure 3 displayed input; analytical key unchanged
GRCh37:6:26485717:A:C	GRCh37	NC_000006.11	A	NC_000006.11:g.26485717A>C		reference_base_and_HGVS_normalization_verified	https://grch37.rest.ensembl.org/sequence/region/human/6:26485687..26485757:1?content-type=application/json	https://mutalyzer.nl/api/normalize/NC_000006.11%3Ag.26485717A%3EC	313dfe9b48c70f7fd283dee477962a3ff11ee053089a4d367bd05a81ec1a40bf	Figure 3 displayed input; analytical key unchanged
GRCh37:6:26599509:A:G	GRCh37	NC_000006.11	A	NC_000006.11:g.26599509A>G		reference_base_and_HGVS_normalization_verified	https://grch37.rest.ensembl.org/sequence/region/human/6:26599479..26599549:1?content-type=application/json	https://mutalyzer.nl/api/normalize/NC_000006.11%3Ag.26599509A%3EG	bc8be13078c13b18a729d3a113150dbb67edbf47eff4df21443f258f7b2570a0	Figure 3 displayed input; analytical key unchanged
GRCh37:19:19379549:C:T	GRCh37	NC_000019.9	C	NC_000019.9:g.19379549C>T		reference_base_and_HGVS_normalization_verified	https://grch37.rest.ensembl.org/sequence/region/human/19:19379519..19379589:1?content-type=application/json	https://mutalyzer.nl/api/normalize/NC_000019.9%3Ag.19379549C%3ET	2a3815cdac7a05d5ccb189c7730d53ed73d03fc89c8f1e9cdd3874d813ceb3f3	Figure 3 displayed input; analytical key unchanged
