event_id	gene_symbol	trait	variant_key	EUR_block
IQCN__CIRR	IQCN	CIRR	GRCh37:19:19379549:C:T	EUR:chr19:18409862-19877471
ARMC6__LIVER_FAT	ARMC6	LIVER_FAT	GRCh37:19:19379549:C:T	EUR:chr19:18409862-19877471
ATP13A1__LIVER_FAT	ATP13A1	LIVER_FAT	GRCh37:19:19379549:C:T	EUR:chr19:18409862-19877471
CERS1__LIVER_FAT	CERS1	LIVER_FAT	GRCh37:19:19379549:C:T	EUR:chr19:18409862-19877471
CILP2__LIVER_FAT	CILP2	LIVER_FAT	GRCh37:19:19379549:C:T	EUR:chr19:18409862-19877471
COMP__LIVER_FAT	COMP	LIVER_FAT	GRCh37:19:19379549:C:T	EUR:chr19:18409862-19877471
COPE__LIVER_FAT	COPE	LIVER_FAT	GRCh37:19:19379549:C:T	EUR:chr19:18409862-19877471
CRLF1__LIVER_FAT	CRLF1	LIVER_FAT	GRCh37:19:19379549:C:T	EUR:chr19:18409862-19877471
CRTC1__LIVER_FAT	CRTC1	LIVER_FAT	GRCh37:19:19379549:C:T	EUR:chr19:18409862-19877471
DDX49__LIVER_FAT	DDX49	LIVER_FAT	GRCh37:19:19379549:C:T	EUR:chr19:18409862-19877471
ELL__LIVER_FAT	ELL	LIVER_FAT	GRCh37:19:19379549:C:T	EUR:chr19:18409862-19877471
FKBP8__LIVER_FAT	FKBP8	LIVER_FAT	GRCh37:19:19379549:C:T	EUR:chr19:18409862-19877471
GATAD2A__LIVER_FAT	GATAD2A	LIVER_FAT	GRCh37:19:19379549:C:T	EUR:chr19:18409862-19877471
GDF1__LIVER_FAT	GDF1	LIVER_FAT	GRCh37:19:19379549:C:T	EUR:chr19:18409862-19877471
GDF15__LIVER_FAT	GDF15	LIVER_FAT	GRCh37:19:19379549:C:T	EUR:chr19:18409862-19877471
GMIP__LIVER_FAT	GMIP	LIVER_FAT	GRCh37:19:19379549:C:T	EUR:chr19:18409862-19877471
HAPLN4__LIVER_FAT	HAPLN4	LIVER_FAT	GRCh37:19:19379549:C:T	EUR:chr19:18409862-19877471
HOMER3__LIVER_FAT	HOMER3	LIVER_FAT	GRCh37:19:19379549:C:T	EUR:chr19:18409862-19877471
IQCN__LIVER_FAT	IQCN	LIVER_FAT	GRCh37:19:19379549:C:T	EUR:chr19:18409862-19877471
ISYNA1__LIVER_FAT	ISYNA1	LIVER_FAT	GRCh37:19:19379549:C:T	EUR:chr19:18409862-19877471
JUND__LIVER_FAT	JUND	LIVER_FAT	GRCh37:19:19379549:C:T	EUR:chr19:18409862-19877471
KLHL26__LIVER_FAT	KLHL26	LIVER_FAT	GRCh37:19:19379549:C:T	EUR:chr19:18409862-19877471
KXD1__LIVER_FAT	KXD1	LIVER_FAT	GRCh37:19:19379549:C:T	EUR:chr19:18409862-19877471
LPAR2__LIVER_FAT	LPAR2	LIVER_FAT	GRCh37:19:19379549:C:T	EUR:chr19:18409862-19877471
LRRC25__LIVER_FAT	LRRC25	LIVER_FAT	GRCh37:19:19379549:C:T	EUR:chr19:18409862-19877471
LSM4__LIVER_FAT	LSM4	LIVER_FAT	GRCh37:19:19379549:C:T	EUR:chr19:18409862-19877471
MAU2__LIVER_FAT	MAU2	LIVER_FAT	GRCh37:19:19379549:C:T	EUR:chr19:18409862-19877471
NCAN__LIVER_FAT	NCAN	LIVER_FAT	GRCh37:19:19379549:C:T	EUR:chr19:18409862-19877471
NDUFA13__LIVER_FAT	NDUFA13	LIVER_FAT	GRCh37:19:19379549:C:T	EUR:chr19:18409862-19877471
NR2C2AP__LIVER_FAT	NR2C2AP	LIVER_FAT	GRCh37:19:19379549:C:T	EUR:chr19:18409862-19877471
PBX4__LIVER_FAT	PBX4	LIVER_FAT	GRCh37:19:19379549:C:T	EUR:chr19:18409862-19877471
PGPEP1__LIVER_FAT	PGPEP1	LIVER_FAT	GRCh37:19:19379549:C:T	EUR:chr19:18409862-19877471
REX1BD__LIVER_FAT	REX1BD	LIVER_FAT	GRCh37:19:19379549:C:T	EUR:chr19:18409862-19877471
RFXANK__LIVER_FAT	RFXANK	LIVER_FAT	GRCh37:19:19379549:C:T	EUR:chr19:18409862-19877471
SLC25A42__LIVER_FAT	SLC25A42	LIVER_FAT	GRCh37:19:19379549:C:T	EUR:chr19:18409862-19877471
SSBP4__LIVER_FAT	SSBP4	LIVER_FAT	GRCh37:19:19379549:C:T	EUR:chr19:18409862-19877471
SUGP2__LIVER_FAT	SUGP2	LIVER_FAT	GRCh37:19:19379549:C:T	EUR:chr19:18409862-19877471
TMEM161A__LIVER_FAT	TMEM161A	LIVER_FAT	GRCh37:19:19379549:C:T	EUR:chr19:18409862-19877471
TMEM59L__LIVER_FAT	TMEM59L	LIVER_FAT	GRCh37:19:19379549:C:T	EUR:chr19:18409862-19877471
TSSK6__LIVER_FAT	TSSK6	LIVER_FAT	GRCh37:19:19379549:C:T	EUR:chr19:18409862-19877471
UBA52__LIVER_FAT	UBA52	LIVER_FAT	GRCh37:19:19379549:C:T	EUR:chr19:18409862-19877471
UPF1__LIVER_FAT	UPF1	LIVER_FAT	GRCh37:19:19379549:C:T	EUR:chr19:18409862-19877471
YJEFN3__LIVER_FAT	YJEFN3	LIVER_FAT	GRCh37:19:19379549:C:T	EUR:chr19:18409862-19877471
ZNF101__LIVER_FAT	ZNF101	LIVER_FAT	GRCh37:19:19379549:C:T	EUR:chr19:18409862-19877471
ZNF14__LIVER_FAT	ZNF14	LIVER_FAT	GRCh37:19:19379549:C:T	EUR:chr19:18409862-19877471
ZNF253__LIVER_FAT	ZNF253	LIVER_FAT	GRCh37:19:19379549:C:T	EUR:chr19:18409862-19877471
ZNF486__LIVER_FAT	ZNF486	LIVER_FAT	GRCh37:19:19379549:C:T	EUR:chr19:18409862-19877471
ZNF506__LIVER_FAT	ZNF506	LIVER_FAT	GRCh37:19:19379549:C:T	EUR:chr19:18409862-19877471
ZNF682__LIVER_FAT	ZNF682	LIVER_FAT	GRCh37:19:19379549:C:T	EUR:chr19:18409862-19877471
ZNF90__LIVER_FAT	ZNF90	LIVER_FAT	GRCh37:19:19379549:C:T	EUR:chr19:18409862-19877471
ZNF93__LIVER_FAT	ZNF93	LIVER_FAT	GRCh37:19:19379549:C:T	EUR:chr19:18409862-19877471
IQCN__NAFLD	IQCN	NAFLD	GRCh37:19:19379549:C:T	EUR:chr19:18409862-19877471
ARMC6__ALT	ARMC6	ALT	GRCh37:19:19379549:C:T	EUR:chr19:18409862-19877471
ATP13A1__ALT	ATP13A1	ALT	GRCh37:19:19379549:C:T	EUR:chr19:18409862-19877471
CERS1__ALT	CERS1	ALT	GRCh37:19:19379549:C:T	EUR:chr19:18409862-19877471
CILP2__ALT	CILP2	ALT	GRCh37:19:19379549:C:T	EUR:chr19:18409862-19877471
COMP__ALT	COMP	ALT	GRCh37:19:19379549:C:T	EUR:chr19:18409862-19877471
COPE__ALT	COPE	ALT	GRCh37:19:19379549:C:T	EUR:chr19:18409862-19877471
CRLF1__ALT	CRLF1	ALT	GRCh37:19:19379549:C:T	EUR:chr19:18409862-19877471
CRTC1__ALT	CRTC1	ALT	GRCh37:19:19379549:C:T	EUR:chr19:18409862-19877471
DDX49__ALT	DDX49	ALT	GRCh37:19:19379549:C:T	EUR:chr19:18409862-19877471
ELL__ALT	ELL	ALT	GRCh37:19:19379549:C:T	EUR:chr19:18409862-19877471
FKBP8__ALT	FKBP8	ALT	GRCh37:19:19379549:C:T	EUR:chr19:18409862-19877471
GATAD2A__ALT	GATAD2A	ALT	GRCh37:19:19379549:C:T	EUR:chr19:18409862-19877471
GDF1__ALT	GDF1	ALT	GRCh37:19:19379549:C:T	EUR:chr19:18409862-19877471
GDF15__ALT	GDF15	ALT	GRCh37:19:19379549:C:T	EUR:chr19:18409862-19877471
GMIP__ALT	GMIP	ALT	GRCh37:19:19379549:C:T	EUR:chr19:18409862-19877471
HAPLN4__ALT	HAPLN4	ALT	GRCh37:19:19379549:C:T	EUR:chr19:18409862-19877471
HOMER3__ALT	HOMER3	ALT	GRCh37:19:19379549:C:T	EUR:chr19:18409862-19877471
IQCN__ALT	IQCN	ALT	GRCh37:19:19379549:C:T	EUR:chr19:18409862-19877471
ISYNA1__ALT	ISYNA1	ALT	GRCh37:19:19379549:C:T	EUR:chr19:18409862-19877471
JUND__ALT	JUND	ALT	GRCh37:19:19379549:C:T	EUR:chr19:18409862-19877471
KLHL26__ALT	KLHL26	ALT	GRCh37:19:19379549:C:T	EUR:chr19:18409862-19877471
KXD1__ALT	KXD1	ALT	GRCh37:19:19379549:C:T	EUR:chr19:18409862-19877471
LPAR2__ALT	LPAR2	ALT	GRCh37:19:19379549:C:T	EUR:chr19:18409862-19877471
LRRC25__ALT	LRRC25	ALT	GRCh37:19:19379549:C:T	EUR:chr19:18409862-19877471
LSM4__ALT	LSM4	ALT	GRCh37:19:19379549:C:T	EUR:chr19:18409862-19877471
MAU2__ALT	MAU2	ALT	GRCh37:19:19379549:C:T	EUR:chr19:18409862-19877471
NCAN__ALT	NCAN	ALT	GRCh37:19:19379549:C:T	EUR:chr19:18409862-19877471
NDUFA13__ALT	NDUFA13	ALT	GRCh37:19:19379549:C:T	EUR:chr19:18409862-19877471
NR2C2AP__ALT	NR2C2AP	ALT	GRCh37:19:19379549:C:T	EUR:chr19:18409862-19877471
PBX4__ALT	PBX4	ALT	GRCh37:19:19379549:C:T	EUR:chr19:18409862-19877471
PGPEP1__ALT	PGPEP1	ALT	GRCh37:19:19379549:C:T	EUR:chr19:18409862-19877471
REX1BD__ALT	REX1BD	ALT	GRCh37:19:19379549:C:T	EUR:chr19:18409862-19877471
RFXANK__ALT	RFXANK	ALT	GRCh37:19:19379549:C:T	EUR:chr19:18409862-19877471
SLC25A42__ALT	SLC25A42	ALT	GRCh37:19:19379549:C:T	EUR:chr19:18409862-19877471
SSBP4__ALT	SSBP4	ALT	GRCh37:19:19379549:C:T	EUR:chr19:18409862-19877471
SUGP2__ALT	SUGP2	ALT	GRCh37:19:19379549:C:T	EUR:chr19:18409862-19877471
TMEM161A__ALT	TMEM161A	ALT	GRCh37:19:19379549:C:T	EUR:chr19:18409862-19877471
TMEM59L__ALT	TMEM59L	ALT	GRCh37:19:19379549:C:T	EUR:chr19:18409862-19877471
TSSK6__ALT	TSSK6	ALT	GRCh37:19:19379549:C:T	EUR:chr19:18409862-19877471
UBA52__ALT	UBA52	ALT	GRCh37:19:19379549:C:T	EUR:chr19:18409862-19877471
UPF1__ALT	UPF1	ALT	GRCh37:19:19379549:C:T	EUR:chr19:18409862-19877471
YJEFN3__ALT	YJEFN3	ALT	GRCh37:19:19379549:C:T	EUR:chr19:18409862-19877471
ZNF101__ALT	ZNF101	ALT	GRCh37:19:19379549:C:T	EUR:chr19:18409862-19877471
ZNF14__ALT	ZNF14	ALT	GRCh37:19:19379549:C:T	EUR:chr19:18409862-19877471
ZNF253__ALT	ZNF253	ALT	GRCh37:19:19379549:C:T	EUR:chr19:18409862-19877471
ZNF486__ALT	ZNF486	ALT	GRCh37:19:19379549:C:T	EUR:chr19:18409862-19877471
ZNF506__ALT	ZNF506	ALT	GRCh37:19:19379549:C:T	EUR:chr19:18409862-19877471
ZNF682__ALT	ZNF682	ALT	GRCh37:19:19379549:C:T	EUR:chr19:18409862-19877471
ZNF90__ALT	ZNF90	ALT	GRCh37:19:19379549:C:T	EUR:chr19:18409862-19877471
ZNF93__ALT	ZNF93	ALT	GRCh37:19:19379549:C:T	EUR:chr19:18409862-19877471
IQCN__ALP	IQCN	ALP	GRCh37:19:19379549:C:T	EUR:chr19:18409862-19877471
JUND__ALP	JUND	ALP	GRCh37:19:19379549:C:T	EUR:chr19:18409862-19877471
ARMC6__BILI	ARMC6	BILI	GRCh37:19:19379549:C:T	EUR:chr19:18409862-19877471
ATP13A1__BILI	ATP13A1	BILI	GRCh37:19:19379549:C:T	EUR:chr19:18409862-19877471
CERS1__BILI	CERS1	BILI	GRCh37:19:19379549:C:T	EUR:chr19:18409862-19877471
CILP2__BILI	CILP2	BILI	GRCh37:19:19379549:C:T	EUR:chr19:18409862-19877471
COMP__BILI	COMP	BILI	GRCh37:19:19379549:C:T	EUR:chr19:18409862-19877471
COPE__BILI	COPE	BILI	GRCh37:19:19379549:C:T	EUR:chr19:18409862-19877471
CRLF1__BILI	CRLF1	BILI	GRCh37:19:19379549:C:T	EUR:chr19:18409862-19877471
CRTC1__BILI	CRTC1	BILI	GRCh37:19:19379549:C:T	EUR:chr19:18409862-19877471
DDX49__BILI	DDX49	BILI	GRCh37:19:19379549:C:T	EUR:chr19:18409862-19877471
ELL__BILI	ELL	BILI	GRCh37:19:19379549:C:T	EUR:chr19:18409862-19877471
FKBP8__BILI	FKBP8	BILI	GRCh37:19:19379549:C:T	EUR:chr19:18409862-19877471
GATAD2A__BILI	GATAD2A	BILI	GRCh37:19:19379549:C:T	EUR:chr19:18409862-19877471
GDF1__BILI	GDF1	BILI	GRCh37:19:19379549:C:T	EUR:chr19:18409862-19877471
GDF15__BILI	GDF15	BILI	GRCh37:19:19379549:C:T	EUR:chr19:18409862-19877471
GMIP__BILI	GMIP	BILI	GRCh37:19:19379549:C:T	EUR:chr19:18409862-19877471
HAPLN4__BILI	HAPLN4	BILI	GRCh37:19:19379549:C:T	EUR:chr19:18409862-19877471
HOMER3__BILI	HOMER3	BILI	GRCh37:19:19379549:C:T	EUR:chr19:18409862-19877471
IQCN__BILI	IQCN	BILI	GRCh37:19:19379549:C:T	EUR:chr19:18409862-19877471
ISYNA1__BILI	ISYNA1	BILI	GRCh37:19:19379549:C:T	EUR:chr19:18409862-19877471
JUND__BILI	JUND	BILI	GRCh37:19:19379549:C:T	EUR:chr19:18409862-19877471
KLHL26__BILI	KLHL26	BILI	GRCh37:19:19379549:C:T	EUR:chr19:18409862-19877471
KXD1__BILI	KXD1	BILI	GRCh37:19:19379549:C:T	EUR:chr19:18409862-19877471
LPAR2__BILI	LPAR2	BILI	GRCh37:19:19379549:C:T	EUR:chr19:18409862-19877471
LRRC25__BILI	LRRC25	BILI	GRCh37:19:19379549:C:T	EUR:chr19:18409862-19877471
LSM4__BILI	LSM4	BILI	GRCh37:19:19379549:C:T	EUR:chr19:18409862-19877471
MAU2__BILI	MAU2	BILI	GRCh37:19:19379549:C:T	EUR:chr19:18409862-19877471
NCAN__BILI	NCAN	BILI	GRCh37:19:19379549:C:T	EUR:chr19:18409862-19877471
NDUFA13__BILI	NDUFA13	BILI	GRCh37:19:19379549:C:T	EUR:chr19:18409862-19877471
NR2C2AP__BILI	NR2C2AP	BILI	GRCh37:19:19379549:C:T	EUR:chr19:18409862-19877471
PBX4__BILI	PBX4	BILI	GRCh37:19:19379549:C:T	EUR:chr19:18409862-19877471
PGPEP1__BILI	PGPEP1	BILI	GRCh37:19:19379549:C:T	EUR:chr19:18409862-19877471
REX1BD__BILI	REX1BD	BILI	GRCh37:19:19379549:C:T	EUR:chr19:18409862-19877471
RFXANK__BILI	RFXANK	BILI	GRCh37:19:19379549:C:T	EUR:chr19:18409862-19877471
SLC25A42__BILI	SLC25A42	BILI	GRCh37:19:19379549:C:T	EUR:chr19:18409862-19877471
SSBP4__BILI	SSBP4	BILI	GRCh37:19:19379549:C:T	EUR:chr19:18409862-19877471
SUGP2__BILI	SUGP2	BILI	GRCh37:19:19379549:C:T	EUR:chr19:18409862-19877471
TMEM161A__BILI	TMEM161A	BILI	GRCh37:19:19379549:C:T	EUR:chr19:18409862-19877471
TMEM59L__BILI	TMEM59L	BILI	GRCh37:19:19379549:C:T	EUR:chr19:18409862-19877471
TSSK6__BILI	TSSK6	BILI	GRCh37:19:19379549:C:T	EUR:chr19:18409862-19877471
UBA52__BILI	UBA52	BILI	GRCh37:19:19379549:C:T	EUR:chr19:18409862-19877471
UPF1__BILI	UPF1	BILI	GRCh37:19:19379549:C:T	EUR:chr19:18409862-19877471
YJEFN3__BILI	YJEFN3	BILI	GRCh37:19:19379549:C:T	EUR:chr19:18409862-19877471
ZNF101__BILI	ZNF101	BILI	GRCh37:19:19379549:C:T	EUR:chr19:18409862-19877471
ZNF14__BILI	ZNF14	BILI	GRCh37:19:19379549:C:T	EUR:chr19:18409862-19877471
ZNF253__BILI	ZNF253	BILI	GRCh37:19:19379549:C:T	EUR:chr19:18409862-19877471
ZNF486__BILI	ZNF486	BILI	GRCh37:19:19379549:C:T	EUR:chr19:18409862-19877471
ZNF506__BILI	ZNF506	BILI	GRCh37:19:19379549:C:T	EUR:chr19:18409862-19877471
ZNF682__BILI	ZNF682	BILI	GRCh37:19:19379549:C:T	EUR:chr19:18409862-19877471
ZNF90__BILI	ZNF90	BILI	GRCh37:19:19379549:C:T	EUR:chr19:18409862-19877471
ZNF93__BILI	ZNF93	BILI	GRCh37:19:19379549:C:T	EUR:chr19:18409862-19877471
