accession	artifact_role	official_url	local_file	status	downloaded_at	bytes
GCST90860790	summary_statistics	https://ftp.ebi.ac.uk/pub/databases/gwas/summary_statistics/GCST90860001-GCST90861000/GCST90860790/GCST90860790.tsv.gz	analysis_update_2026_hcc_gwas/02_inputs/raw_gwas/GCST90860790.tsv.gz	downloaded	2026-08-27T09:34:42+08:00	728350130
GCST90860790	metadata	https://ftp.ebi.ac.uk/pub/databases/gwas/summary_statistics/GCST90860001-GCST90861000/GCST90860790/GCST90860790.tsv.gz-meta.yaml	analysis_update_2026_hcc_gwas/02_inputs/metadata/GCST90860790.tsv.gz-meta.yaml	downloaded	2026-08-27T09:17:53+08:00	2155
GCST90860790	official_checksum_manifest	https://ftp.ebi.ac.uk/pub/databases/gwas/summary_statistics/GCST90860001-GCST90861000/GCST90860790/md5sum.txt	analysis_update_2026_hcc_gwas/02_inputs/checksums/GCST90860790.md5sum.txt	downloaded	2026-08-27T09:17:53+08:00	160
GCST90860791	summary_statistics	https://ftp.ebi.ac.uk/pub/databases/gwas/summary_statistics/GCST90860001-GCST90861000/GCST90860791/GCST90860791.tsv.gz	analysis_update_2026_hcc_gwas/02_inputs/raw_gwas/GCST90860791.tsv.gz	downloaded	2026-08-27T09:29:39+08:00	236530313
GCST90860791	metadata	https://ftp.ebi.ac.uk/pub/databases/gwas/summary_statistics/GCST90860001-GCST90861000/GCST90860791/GCST90860791.tsv.gz-meta.yaml	analysis_update_2026_hcc_gwas/02_inputs/metadata/GCST90860791.tsv.gz-meta.yaml	downloaded	2026-08-27T09:17:53+08:00	2156
GCST90860791	official_checksum_manifest	https://ftp.ebi.ac.uk/pub/databases/gwas/summary_statistics/GCST90860001-GCST90861000/GCST90860791/md5sum.txt	analysis_update_2026_hcc_gwas/02_inputs/checksums/GCST90860791.md5sum.txt	downloaded	2026-08-27T09:17:53+08:00	160
GCST90860789	summary_statistics	https://ftp.ebi.ac.uk/pub/databases/gwas/summary_statistics/GCST90860001-GCST90861000/GCST90860789/GCST90860789.tsv.gz	analysis_update_2026_hcc_gwas/02_inputs/raw_gwas/GCST90860789.tsv.gz	downloaded	2026-08-27T11:14:50+08:00	1191500294
GCST90860789	metadata	https://ftp.ebi.ac.uk/pub/databases/gwas/summary_statistics/GCST90860001-GCST90861000/GCST90860789/GCST90860789.tsv.gz-meta.yaml	analysis_update_2026_hcc_gwas/02_inputs/metadata/GCST90860789.tsv.gz-meta.yaml	downloaded	2026-08-27T10:26:52+08:00	2465
GCST90860789	official_checksum_manifest	https://ftp.ebi.ac.uk/pub/databases/gwas/summary_statistics/GCST90860001-GCST90861000/GCST90860789/md5sum.txt	analysis_update_2026_hcc_gwas/02_inputs/checksums/GCST90860789.md5sum.txt	downloaded	2026-08-27T10:26:53+08:00	160
GCST90860792	summary_statistics	https://ftp.ebi.ac.uk/pub/databases/gwas/summary_statistics/GCST90860001-GCST90861000/GCST90860792/GCST90860792.tsv.gz	analysis_update_2026_hcc_gwas/02_inputs/raw_gwas/GCST90860792.tsv.gz	downloaded	2026-08-27T11:12:16+08:00	792846314
GCST90860792	metadata	https://ftp.ebi.ac.uk/pub/databases/gwas/summary_statistics/GCST90860001-GCST90861000/GCST90860792/GCST90860792.tsv.gz-meta.yaml	analysis_update_2026_hcc_gwas/02_inputs/metadata/GCST90860792.tsv.gz-meta.yaml	downloaded	2026-08-27T10:26:52+08:00	3873
GCST90860792	official_checksum_manifest	https://ftp.ebi.ac.uk/pub/databases/gwas/summary_statistics/GCST90860001-GCST90861000/GCST90860792/md5sum.txt	analysis_update_2026_hcc_gwas/02_inputs/checksums/GCST90860792.md5sum.txt	downloaded	2026-08-27T10:26:52+08:00	160
