path	bytes	sha256
analysis_hbsn_restructure/30_support_event_audit/gencode.v19.annotation.gtf.gz	37991892	9909e8123a40eca090c3f8e501633f7cc65cd6c4adb83b95009745eca3564d70
analysis_update_2026_hcc_gwas/03_qc/frozen_map_cache/gene_registry.tsv	1019365	4c72af0b6820d3928c98620291f0d6d065898e88a7464794da0287091a12c7e7
data/reference/ld_blocks/EUR_fourier_ls-all.bed	47463	b6cb0a108b88bc56d4a4b19f3e5c5a4b75562e346d0e096d286c228d4d6a1561
analysis_hbsn_restructure/28_final_method_and_reanalysis/gene_identifiers.tsv	15985	c9f7e8195338c9b6f86ac5f39ee76bec202dec5265c7a66ce0f36f2a66e823c4
analysis_update_2026_hcc_gwas/06_primary_downstream/gene_to_ancestry_ld_block_updated.tsv	2527441	da53fc3fe03f4422c57b40f03d2fd0557f21b531422d5986b3b3d4a95f39d90b
analysis_update_2026_hcc_gwas/03_qc/frozen_map_cache/chr01_gene_index.npy	39592000	6611b37dce1620565ebde827add6d16acb95657cff2c282268afe4f68e37f0cb
analysis_update_2026_hcc_gwas/03_qc/frozen_map_cache/chr01_variant_index.npy	39592000	865d72eebe28fc072025b3729ad402869ab1ad20c965b479d6652267994bb93f
analysis_update_2026_hcc_gwas/03_qc/frozen_map_cache/chr01_positions.npy	4709136	4e9c9415bad435e2215946be2822176c3ab162f414805119cf3d125539f559ac
analysis_update_2026_hcc_gwas/03_qc/frozen_map_cache/chr01_variant_keys.npy	4709136	3b5dbcc6efb57136af146a474dba102ffe1d7cafdfdd7ebfcdb50c834c7a2b03
analysis_update_2026_hcc_gwas/03_qc/frozen_map_cache/chr01_allele_tokens.tsv	122618	468410014cf155ccd81ab022fec5a894bbb866fc5976ed7f5ef67ed6f38b4f56
analysis_update_2026_hcc_gwas/03_qc/frozen_map_cache/chr02_gene_index.npy	27575020	a04db7df21915d135fb6dcd4d9c51d9ae5c6c0494fdd8e608867cf72c0951dd3
analysis_update_2026_hcc_gwas/03_qc/frozen_map_cache/chr02_variant_index.npy	27575020	837af8b9f483838cb779ae263c2c98d1adfa100707eed643490dcf7b50eaaaa9
analysis_update_2026_hcc_gwas/03_qc/frozen_map_cache/chr02_positions.npy	5280792	658524052965d0d238058fc2f3a99f9b8c1e8c129f8506cb4c678ceb10f7d909
analysis_update_2026_hcc_gwas/03_qc/frozen_map_cache/chr02_variant_keys.npy	5280792	9e98407fb01528664b7ce26e9583597b51765d50df8aa7615dfe4170301aced8
analysis_update_2026_hcc_gwas/03_qc/frozen_map_cache/chr02_allele_tokens.tsv	132042	ebacb630b45c1d3f611dfacf005c1657eebb698e6277bb2f847432977716e75a
analysis_update_2026_hcc_gwas/03_qc/frozen_map_cache/chr03_gene_index.npy	23891220	4734b86bdbbd74fb312a4058d86f5953645eab454d5d51de57337f4b3610fb9b
analysis_update_2026_hcc_gwas/03_qc/frozen_map_cache/chr03_variant_index.npy	23891220	5e9d83ad7e28a2bf82977e89fbd6b536d28eae35192ca80be998fa26fd47e1a7
analysis_update_2026_hcc_gwas/03_qc/frozen_map_cache/chr03_positions.npy	4553736	5a51c843b47e591e655ef8e8e93e8508ccab366ab735b81e737f2510ce685732
analysis_update_2026_hcc_gwas/03_qc/frozen_map_cache/chr03_variant_keys.npy	4553736	92b20650971a44cd433d6261b20186bc45c98fef9ef4922090e169f8d9fd0216
analysis_update_2026_hcc_gwas/03_qc/frozen_map_cache/chr03_allele_tokens.tsv	114030	f524e525d4d270067703c696b4b2485d99bd76349841178486370fd920345c9a
analysis_update_2026_hcc_gwas/03_qc/frozen_map_cache/chr04_gene_index.npy	18173520	263671d8b03fdfb41ddb6e641d19e133c55659ef1d1ea9c9dc3363c975dcfed2
analysis_update_2026_hcc_gwas/03_qc/frozen_map_cache/chr04_variant_index.npy	18173520	4732c4fdbef3a7bebaa4455d3966a8e74d267e0a37777ec493e453c233d33adb
analysis_update_2026_hcc_gwas/03_qc/frozen_map_cache/chr04_positions.npy	4355040	37a72a6f18f49cfc9261ea5eb43791ce4e147e6f02a6d5b28a6c288368338fe9
analysis_update_2026_hcc_gwas/03_qc/frozen_map_cache/chr04_variant_keys.npy	4355040	7864b00d7c68790fc3019194fe79618af7cdf615bf5367a8553cc72dd8903a3f
analysis_update_2026_hcc_gwas/03_qc/frozen_map_cache/chr04_allele_tokens.tsv	110089	5a4c3d013fd2a17344520a11513d6a5395d74deb5354748f7ed7ba886b61b626
analysis_update_2026_hcc_gwas/03_qc/frozen_map_cache/chr05_gene_index.npy	19321232	50efffcae40d265e980d8c621b2ff1b8a43c73122dfd8c103d7f25ea1aad1a1a
analysis_update_2026_hcc_gwas/03_qc/frozen_map_cache/chr05_variant_index.npy	19321232	0f8231798fbcab397e1e38ae1dd4d6c5484e71421c1e529ce489ea6d9fb77dde
analysis_update_2026_hcc_gwas/03_qc/frozen_map_cache/chr05_positions.npy	4011120	7e5a00cb12c62d7ce31a02521ae3737901ab5f2a1c75c53c86931ef3cf5ad467
analysis_update_2026_hcc_gwas/03_qc/frozen_map_cache/chr05_variant_keys.npy	4011120	8ce3dd08d9b1e2299016b032501487b7a73635fc5681760323f75d657fb245bb
analysis_update_2026_hcc_gwas/03_qc/frozen_map_cache/chr05_allele_tokens.tsv	106244	ea10d8cdb67a06489ea1f439d268e58fe44ecbb82c793ff05a03328689e3c106
analysis_update_2026_hcc_gwas/03_qc/frozen_map_cache/chr06_gene_index.npy	22243132	ad1594c0fdf8da98f0555fe0b6c6b9c9681d96955afa0696156a952b9103373f
analysis_update_2026_hcc_gwas/03_qc/frozen_map_cache/chr06_variant_index.npy	22243132	cd34c3b700a72bc7e42a70051c1bafa0bd6a09af1b38f1fbeab3975a5386b715
analysis_update_2026_hcc_gwas/03_qc/frozen_map_cache/chr06_positions.npy	3962752	182a5fa849fcfea7b0be286d21853559f9144b34bf40ada7fb3595b6e5f2ac0a
analysis_update_2026_hcc_gwas/03_qc/frozen_map_cache/chr06_variant_keys.npy	3962752	6be4e040ed85d435d0aaf85989d53555f53cf03ddcf9b82989d40fff488843bf
analysis_update_2026_hcc_gwas/03_qc/frozen_map_cache/chr06_allele_tokens.tsv	107016	ed6fa35dc9bc9b4f7e0d1c7215309e53681c4265671d9e65d666bccf03d0f15c
analysis_update_2026_hcc_gwas/03_qc/frozen_map_cache/chr07_gene_index.npy	18617448	1d398bf4a67c195e32e61e3bcf9b06f5a251dcc7a207c504c3ba515c297f7988
analysis_update_2026_hcc_gwas/03_qc/frozen_map_cache/chr07_variant_index.npy	18617448	fd3e729a682aa54fc16509ed60ec3056840a20fa430fcae3d3a62ed6cc853190
analysis_update_2026_hcc_gwas/03_qc/frozen_map_cache/chr07_positions.npy	3585872	858e7ae16d0b1dead596c25a6f2751b19dfc40aec9d471cb5b917696168bd2f9
analysis_update_2026_hcc_gwas/03_qc/frozen_map_cache/chr07_variant_keys.npy	3585872	4dbb0f15295a7a34827d836dbc6a46d9d128a0e05568077c3179ee6e829da771
analysis_update_2026_hcc_gwas/03_qc/frozen_map_cache/chr07_allele_tokens.tsv	92769	68a5a7eaaf277c9f397093f2a3b65d21e9c75b6be4cbea271d6812eb849b5da4
analysis_update_2026_hcc_gwas/03_qc/frozen_map_cache/chr08_gene_index.npy	14748460	7dd599a8d2317fe8e7e1fdee28fa264a6e5c6613470bf6ced5c797207f5cb03a
analysis_update_2026_hcc_gwas/03_qc/frozen_map_cache/chr08_variant_index.npy	14748460	4fede0db0199e69417997d2508a023d67f48d11084f028f0770fad7cd8fde011
analysis_update_2026_hcc_gwas/03_qc/frozen_map_cache/chr08_positions.npy	3481760	8b0c6cf5f8e28d59c6220b8c13335e2e75611e757c3a4ec2a8c32439937f881b
analysis_update_2026_hcc_gwas/03_qc/frozen_map_cache/chr08_variant_keys.npy	3481760	b96d6a9e0fc0be31cf3f5384fec3dd4fc65e1e4d06141c5244c79708e7f5c7dd
analysis_update_2026_hcc_gwas/03_qc/frozen_map_cache/chr08_allele_tokens.tsv	85237	f76ad1a7cfbf9b5a0d003aad374712aa560fc3d2114a12388f75278bfffc604a
analysis_update_2026_hcc_gwas/03_qc/frozen_map_cache/chr09_gene_index.npy	15938076	260bd4c54cffa4948e1b55b23827f16126f494f3b6bb5323dd7c8ff9d1c12af0
analysis_update_2026_hcc_gwas/03_qc/frozen_map_cache/chr09_variant_index.npy	15938076	62b2d575b7c3c0fe00351d5f47b26e7b8f44eed97b69dd82b1f2b9a02cd03d6d
analysis_update_2026_hcc_gwas/03_qc/frozen_map_cache/chr09_positions.npy	2598664	96cbd3d0d715f1c7209e69a15610cf1002727e8362cc245e0e13743f8d98647e
analysis_update_2026_hcc_gwas/03_qc/frozen_map_cache/chr09_variant_keys.npy	2598664	219973c4c5a9f26c3b4c163de51b072386b51aedc1f677943ad773679402c5e8
analysis_update_2026_hcc_gwas/03_qc/frozen_map_cache/chr09_allele_tokens.tsv	70349	afeeb9194cb46396a70ab5ab96f1f767fb9bbfee0db737a88e2d65996f2ff5fd
analysis_update_2026_hcc_gwas/03_qc/frozen_map_cache/chr10_gene_index.npy	17079556	25377156bc1eb334439ceaa692b5d62fa386a4164ca871c996ec82ae7e1996c2
analysis_update_2026_hcc_gwas/03_qc/frozen_map_cache/chr10_variant_index.npy	17079556	392e0b17ff6b7c58242c1359b3263f5c151deaceb5993528fe3975ef7dfd2ce5
analysis_update_2026_hcc_gwas/03_qc/frozen_map_cache/chr10_positions.npy	3252616	39ce7d272e518b73bf06449009ab31f524192b4fd108ae19613206e04c0b898a
analysis_update_2026_hcc_gwas/03_qc/frozen_map_cache/chr10_variant_keys.npy	3252616	ef69f375a3160543c806b8ecd59fdfdd51bd989b593609b686fee4d3fac3ee20
analysis_update_2026_hcc_gwas/03_qc/frozen_map_cache/chr10_allele_tokens.tsv	90443	ad2821a35964038cb65c835bb5422faa324b936b518321d99c151b56db317ee9
analysis_update_2026_hcc_gwas/03_qc/frozen_map_cache/chr11_gene_index.npy	28347304	13e24e99ffa57b6a3fa545326ef899e4686cb4039107da7c951a9be97a1ef787
analysis_update_2026_hcc_gwas/03_qc/frozen_map_cache/chr11_variant_index.npy	28347304	29446d8acba29dd24d4c187ebe7a7f8a33edbc25e8df5ae2675d808aff1572d9
analysis_update_2026_hcc_gwas/03_qc/frozen_map_cache/chr11_positions.npy	3074424	2554b22bdd2f98a8f46b2e34b8c50bbdd61fc736d9989d6a23d7b1ea43b62981
analysis_update_2026_hcc_gwas/03_qc/frozen_map_cache/chr11_variant_keys.npy	3074424	2f95fe2699e53c0d5c60907bbb0c8f02b6351d7d6320c6c1726f3e86f7bf489f
analysis_update_2026_hcc_gwas/03_qc/frozen_map_cache/chr11_allele_tokens.tsv	84624	a432e3b35ca61ce64f5a8df38eb23d65cfc8eea691d7811d71eb18dc84a3cedb
analysis_update_2026_hcc_gwas/03_qc/frozen_map_cache/chr12_gene_index.npy	22735032	b03e7022312dab8710056d2b292670a2cd56f34e99d2359d8ad10c340cd0878f
analysis_update_2026_hcc_gwas/03_qc/frozen_map_cache/chr12_variant_index.npy	22735032	ef008749c2fe0415fd340d0317efdb54b9518675aa792ae44ba6df70574f72cd
analysis_update_2026_hcc_gwas/03_qc/frozen_map_cache/chr12_positions.npy	3061232	14c2887493433bec51f2cd5ae286ebbab9ff8050b960fe11f6ee1845c2ee1947
analysis_update_2026_hcc_gwas/03_qc/frozen_map_cache/chr12_variant_keys.npy	3061232	e3cd77230be7957f3f4b33604f387f50646d35907633ef9ee55f18ff0486e3c5
analysis_update_2026_hcc_gwas/03_qc/frozen_map_cache/chr12_allele_tokens.tsv	86573	8b8eb6cef5c227d5340cf02a364b6090a9e59ccb3fb7ea1e8c8ece0a98b9e0d6
analysis_update_2026_hcc_gwas/03_qc/frozen_map_cache/chr13_gene_index.npy	8142260	d86b717107d9afa566661bec6310519c5e3e801ee6a98dd86f7cfef3761f1198
analysis_update_2026_hcc_gwas/03_qc/frozen_map_cache/chr13_variant_index.npy	8142260	d5d18663c306a801de15e1681312147afd7b0e85ce8138fd39bbf294f1d232d0
analysis_update_2026_hcc_gwas/03_qc/frozen_map_cache/chr13_positions.npy	2254904	3fa4562eace0e11af5cf3d671355a57a278c34e5290546b606dce241252f3f6c
analysis_update_2026_hcc_gwas/03_qc/frozen_map_cache/chr13_variant_keys.npy	2254904	6f6b56fb89179548e180d8d11d59ba25f4e45f449b3fd7a1f27f8f3aa14e02e1
analysis_update_2026_hcc_gwas/03_qc/frozen_map_cache/chr13_allele_tokens.tsv	66170	f9323950385445a6eb2e8890be41730b08a4c07377e95d1c4087e543efb77f6f
analysis_update_2026_hcc_gwas/03_qc/frozen_map_cache/chr14_gene_index.npy	14050964	09394725effd30df290cc7c41cb5dffdcf4d73c695e754575b8692fa7f31157d
analysis_update_2026_hcc_gwas/03_qc/frozen_map_cache/chr14_variant_index.npy	14050964	57414668c2d6873e44fd5da4676c7efa5ed147fdfa602981c750d41aebdb09ca
analysis_update_2026_hcc_gwas/03_qc/frozen_map_cache/chr14_positions.npy	1972184	754c852a9421f5f269fe6af7611f1428a4849a4a2da121d071263919e89689df
analysis_update_2026_hcc_gwas/03_qc/frozen_map_cache/chr14_variant_keys.npy	1972184	3cb9978b12090449a991f1d8ccaa75c3919ee8f6d928b2b2085064d069e264f5
analysis_update_2026_hcc_gwas/03_qc/frozen_map_cache/chr14_allele_tokens.tsv	57838	9d6956e1804284e040dedd21fa030f90fddc96f090819b276c923a41181d2e04
analysis_update_2026_hcc_gwas/03_qc/frozen_map_cache/chr15_gene_index.npy	11474932	9754ba334aa51c6e846b7bfc00b955fa5d0dc95cee4f82c35ba2f6db480b1dd6
analysis_update_2026_hcc_gwas/03_qc/frozen_map_cache/chr15_variant_index.npy	11474932	4c5b3d6a58601aa6bc70b7941b048c98568e69209d5e1b61db759deef3aad40b
analysis_update_2026_hcc_gwas/03_qc/frozen_map_cache/chr15_positions.npy	1750824	c8211f958b9381e2069c24696d97ec98cd560ddf86c1faba2f2c5ea93b8a92e8
analysis_update_2026_hcc_gwas/03_qc/frozen_map_cache/chr15_variant_keys.npy	1750824	e1f0872337e065a73d31f780d4cc8bb924f86afec2ad2a75aa2a72729a9d7096
analysis_update_2026_hcc_gwas/03_qc/frozen_map_cache/chr15_allele_tokens.tsv	52803	12ee96e8f6fc5c14e5a2afd75e0b2a6f8401b62efdd7ad4baa982093e7078f29
analysis_update_2026_hcc_gwas/03_qc/frozen_map_cache/chr16_gene_index.npy	13716660	461abfc26c07b16a40468ae84f14cd27c3e434027e48d08a00e66dcc3fbbb252
analysis_update_2026_hcc_gwas/03_qc/frozen_map_cache/chr16_variant_index.npy	13716660	90d3d1f2f2a81535dad3cc416c3ae86f4a8f9879015f910aaa21f7aef012563c
analysis_update_2026_hcc_gwas/03_qc/frozen_map_cache/chr16_positions.npy	1694696	0900ce885fcff8692a782850ebbbdf2ee1442af00399c0d16b01080b4026599f
analysis_update_2026_hcc_gwas/03_qc/frozen_map_cache/chr16_variant_keys.npy	1694696	4c0ac3190c6e6c9ac835e00e56c7338a60a34d5cf940ce45d31b359ab37566a4
analysis_update_2026_hcc_gwas/03_qc/frozen_map_cache/chr16_allele_tokens.tsv	48492	d3525aa6b54f06b7f7739b6a7effd899beefca934806553a2ab87e798a2cd987
analysis_update_2026_hcc_gwas/03_qc/frozen_map_cache/chr17_gene_index.npy	18998652	bff9e1ad42c241105f285d0e7bf874356906d48b249cbd99150342b4ee834643
analysis_update_2026_hcc_gwas/03_qc/frozen_map_cache/chr17_variant_index.npy	18998652	fc28cebf7fc8b772d9c826e37ccc71217e61cc0739928914f817051192bc2d50
analysis_update_2026_hcc_gwas/03_qc/frozen_map_cache/chr17_positions.npy	1414952	e74d91778ccf30a8bd31e11c8e32f751a6f0b2dc04934f2390fc0a594cf898aa
analysis_update_2026_hcc_gwas/03_qc/frozen_map_cache/chr17_variant_keys.npy	1414952	faaa6bdb971f1969e23d0d78439e83eb43e1fce8cb09cc8ccbac6ff2e8e82667
analysis_update_2026_hcc_gwas/03_qc/frozen_map_cache/chr17_allele_tokens.tsv	48035	b709d50f0e742c0ea8f8b6037bcf247eb445bf98621ddeaccc90b98f723cc080
analysis_update_2026_hcc_gwas/03_qc/frozen_map_cache/chr18_gene_index.npy	6585940	c5732bd54cd39b15d5a522ef9528d705a529e9829e883cf4ce7537e483a54ac9
analysis_update_2026_hcc_gwas/03_qc/frozen_map_cache/chr18_variant_index.npy	6585940	2af861d67a75b5556922b9afe223a3ff807955abef2f36efb3845e13082d49b6
analysis_update_2026_hcc_gwas/03_qc/frozen_map_cache/chr18_positions.npy	1784752	0ee5bb0a31c213bfe45daee3df4739f601ce66702b2e7d5b8e23334b5fa24ee0
analysis_update_2026_hcc_gwas/03_qc/frozen_map_cache/chr18_variant_keys.npy	1784752	015687fc0b76909e3dde6ece6ebd70c320ef80dbb0e57dd89c6580539986f833
analysis_update_2026_hcc_gwas/03_qc/frozen_map_cache/chr18_allele_tokens.tsv	52017	588171b89fcab00cb12c3cec1862a17c484a9e49ce66748394ff8070f8e0cb79
analysis_update_2026_hcc_gwas/03_qc/frozen_map_cache/chr19_gene_index.npy	19480332	1a0e009338ce7a4e5a9cd34e6b2c2e1cb2b1cf6dd1677a9c2c31233cc1a33ae6
analysis_update_2026_hcc_gwas/03_qc/frozen_map_cache/chr19_variant_index.npy	19480332	78a1869660e2e02da7f1c8b10190849e0ee5b1d844523c072e6c1bd8d7b0647c
analysis_update_2026_hcc_gwas/03_qc/frozen_map_cache/chr19_positions.npy	923072	d1bc9878d9cb6474e30b27d0060f9ede6bc5f4187c6c92ceba537aa1c1260a8a
analysis_update_2026_hcc_gwas/03_qc/frozen_map_cache/chr19_variant_keys.npy	923072	609c7b3fe969c4987e591e0a12c5db23700a5646ec384d74b834c0c8b420a641
analysis_update_2026_hcc_gwas/03_qc/frozen_map_cache/chr19_allele_tokens.tsv	34264	3c67c7b04f55daf6b8b1155c21488436c5a98ec38624d521fc923d8570448bbb
analysis_update_2026_hcc_gwas/03_qc/frozen_map_cache/chr20_gene_index.npy	11207696	c5bc39f08416f9262000700905bfc11b64d709552df6afdf2af73036c14234e2
analysis_update_2026_hcc_gwas/03_qc/frozen_map_cache/chr20_variant_index.npy	11207696	8af73001071c5de2946618b1eeb68e46b2b4815afd59aba8425f5968c467f40f
analysis_update_2026_hcc_gwas/03_qc/frozen_map_cache/chr20_positions.npy	1355312	31a312561714958264a168b8cb603b99dd7e58a2ba12596cc5366f83c3306cac
analysis_update_2026_hcc_gwas/03_qc/frozen_map_cache/chr20_variant_keys.npy	1355312	4a216e25915f6c1294f9c6b199e102f392165283b5d2bfd862d728c461db967d
analysis_update_2026_hcc_gwas/03_qc/frozen_map_cache/chr20_allele_tokens.tsv	44706	b34f739fce004638ce3aefe78cbf6345bd5d9e8c3428acacfe70876597003cf7
analysis_update_2026_hcc_gwas/03_qc/frozen_map_cache/chr21_gene_index.npy	5822644	c386314d636067ea69dc2ed25936c2c91004f6a0c740178c6a01089b8862171c
analysis_update_2026_hcc_gwas/03_qc/frozen_map_cache/chr21_variant_index.npy	5822644	3d1b6cf6c587567c306d3a7c4918e717d0d3bad0e2620a44463faf6a1a8a7219
analysis_update_2026_hcc_gwas/03_qc/frozen_map_cache/chr21_positions.npy	845432	3ec9bb51f473c155c7e23a913c17c252756fd97f368626c3d33be0dd60095c20
analysis_update_2026_hcc_gwas/03_qc/frozen_map_cache/chr21_variant_keys.npy	845432	a1dbfee5ee8c401cac666b6cc8d58dec11f8f92ec478e15e64d315d63e3fc88f
analysis_update_2026_hcc_gwas/03_qc/frozen_map_cache/chr21_allele_tokens.tsv	29780	64a38df1ad674785825ce6031183b5a6e670adcb17b3f9fd36e70e617bc8db67
analysis_update_2026_hcc_gwas/03_qc/frozen_map_cache/chr22_gene_index.npy	8546880	3d1617ca4a217f2ef81e6a609956ca1f5eec9c41845ed15e31f35bb8d3a6dd9e
analysis_update_2026_hcc_gwas/03_qc/frozen_map_cache/chr22_variant_index.npy	8546880	7e38d7671edce846ec1c61845ef944dff03e32ab9b9ad07f33f8fe4401cb294f
analysis_update_2026_hcc_gwas/03_qc/frozen_map_cache/chr22_positions.npy	747816	5c2634d940a45d46d374d8eedac40fed90f68d209d915ce579dfad9ea83b9603
analysis_update_2026_hcc_gwas/03_qc/frozen_map_cache/chr22_variant_keys.npy	747816	a04b633c741fec245fabd6c96691050edad088b7bc65897e27910f418154e574
analysis_update_2026_hcc_gwas/03_qc/frozen_map_cache/chr22_allele_tokens.tsv	32642	49f4809f8ca4c09894c10b55ef71da64e27778383505df4d692e0cf6ebca8b5e
analysis_hbsn_restructure/25_p1_boundary_sensitivity/CIRR_manifest.json	988	f748da3016f5149d7348ff03f6f2803a07776f4c32d1f5b3cda62a996df56d7f
analysis_hbsn_restructure/25_p1_boundary_sensitivity/CIRR_gene_acat.tsv	2785015	7cd4729210f00867f8154fff1709ce8dec1562584299a6e87af24bca3c1b2281
analysis_hbsn_restructure/25_p1_boundary_sensitivity/LIVER_FAT_manifest.json	1006	a05e516efcbfcad016cf53de759f434644344d41992f6f6e51dd0cde40e0fcb1
analysis_hbsn_restructure/25_p1_boundary_sensitivity/LIVER_FAT_gene_acat.tsv	2875591	4bf404531a1e77f7ae4a54d79c86c9757d3af754a780190aa36fc3e28915ac5c
analysis_hbsn_restructure/25_p1_boundary_sensitivity/NAFLD_manifest.json	1005	88380419859a4927271b353ecb638357b5b38586f5a15a72fe32f238fdddca8e
analysis_hbsn_restructure/25_p1_boundary_sensitivity/NAFLD_gene_acat.tsv	2777646	5fd2825a3d0c3f52a81436f2dfb24f21188a9a8fcf550ae49a3c89187e47513e
analysis_hbsn_restructure/25_p1_boundary_sensitivity/ALT_manifest.json	998	c3433d18a0644318f55b786719254274a6a071b74ede9271665113607e13fe8d
analysis_hbsn_restructure/25_p1_boundary_sensitivity/ALT_gene_acat.tsv	2835340	bc43a9f974f32d57a75bf267811a20dd5090f2c076b41357d2126b638b4dce3e
analysis_hbsn_restructure/25_p1_boundary_sensitivity/AST_manifest.json	1013	87997dfe07c4d33ed70c7db4f7d240970971c3ea3a7ae22cd785305e990ceef2
analysis_hbsn_restructure/25_p1_boundary_sensitivity/AST_gene_acat.tsv	2999929	f073f228a5f8f6a2ed0c08c01baa7e6277aecd491f1b65ff238d0f8a889934d9
analysis_hbsn_restructure/25_p1_boundary_sensitivity/GGT_manifest.json	998	02ed0705c2c2947b2bf5f02c45e0d223a8eaf61902c716fd0955c193a7a92924
analysis_hbsn_restructure/25_p1_boundary_sensitivity/GGT_gene_acat.tsv	2892367	86c1758e573069b7fd9ac274353e90d0319f72a5ce814d95d7199d9dbe48f4b6
analysis_hbsn_restructure/25_p1_boundary_sensitivity/ALP_manifest.json	998	b348dd35958e595893ee7308e2ab95eadb3ebd9f623b3109fba50bb9ad1e5af9
analysis_hbsn_restructure/25_p1_boundary_sensitivity/ALP_gene_acat.tsv	2892971	62c80b444064337f7f5030bb4640c88df7d28fb74eb47ac927f65cdea949f56a
analysis_hbsn_restructure/25_p1_boundary_sensitivity/BILI_manifest.json	1003	e408246b6dfd6d6e935bd8498d811e1855e623e864daca759ee970b097efb929
analysis_hbsn_restructure/25_p1_boundary_sensitivity/BILI_gene_acat.tsv	2877929	c52025c5a539081c27f3d25bf990346ea6dbdbfc76c1336af61b3982f9066b90
analysis_hbsn_restructure/25_p1_boundary_sensitivity/PBC_manifest.json	998	e3c186fa47a520b3ced77bf0368b649fd0bbd3771a470332bdc47c41d1c95aa0
analysis_hbsn_restructure/25_p1_boundary_sensitivity/PBC_gene_acat.tsv	2878429	2b1ec936c34aa44b7168f7a8b8a95371e53e34fde3e50111295188b240f3cf07
analysis_hbsn_restructure/25_p1_boundary_sensitivity/PSC_manifest.json	1434	5ff070532bef7e329901c8d9845af2b2838fcdbc79efc963d1998b3cc4de77ba
analysis_hbsn_restructure/25_p1_boundary_sensitivity/PSC_gene_acat.tsv	2865406	34b78fff8103fc3238bcb08c53da209006bbbbc4d9b084be9b62c21e8c337b3f
analysis_hbsn_restructure/25_p1_boundary_sensitivity/AIH_manifest.json	1439	880dfd47b93a3ad45062f05908fbd37e10bd7cf6ca23f640ba53e4d33ceb4b08
analysis_hbsn_restructure/25_p1_boundary_sensitivity/AIH_gene_acat.tsv	2758306	90e34ce3a5abca5907e6b513e5f6270925dc508861e1ebad839ce961cba400ec
