chromosome	source_file	source_bytes	source_mtime_ns	frozen_gene_snp_records	unique_position_allele_keys	unique_positions	multiallelic_position_excess	distinct_allele_strings	invalid_allele_records
1	data/phaseB/broadaway2024_liver_eqtl/Marginal_byChr/Liver_eQTL_Meta_Analysis_20240305_CHR1.tsv	1255064501	1787763507781299611	9897968	588626	588626	0	6922	0
2	data/phaseB/broadaway2024_liver_eqtl/Marginal_byChr/Liver_eQTL_Meta_Analysis_20240305_CHR2.tsv	873385805	1787776996292199903	6893723	660083	660083	0	7418	0
3	data/phaseB/broadaway2024_liver_eqtl/Marginal_byChr/Liver_eQTL_Meta_Analysis_20240305_CHR3.tsv	756555985	1787768367026700530	5972773	569201	569201	0	6465	0
4	data/phaseB/broadaway2024_liver_eqtl/Marginal_byChr/Liver_eQTL_Meta_Analysis_20240305_CHR4.tsv	573486028	1787762635982980943	4543348	544364	544364	0	6278	0
5	data/phaseB/broadaway2024_liver_eqtl/Marginal_byChr/Liver_eQTL_Meta_Analysis_20240305_CHR5.tsv	612439287	1787762076496709231	4830276	501374	501374	0	6076	0
6	data/phaseB/broadaway2024_liver_eqtl/Marginal_byChr/Liver_eQTL_Meta_Analysis_20240305_CHR6.tsv	702553161	1787761578267736148	5560751	495328	495328	0	6035	0
7	data/phaseB/broadaway2024_liver_eqtl/Marginal_byChr/Liver_eQTL_Meta_Analysis_20240305_CHR7.tsv	587539844	1787761840407997673	4654330	448218	448218	0	5342	0
8	data/phaseB/broadaway2024_liver_eqtl/Marginal_byChr/Liver_eQTL_Meta_Analysis_20240305_CHR8.tsv	464177712	1787754537404113613	3687083	435204	435204	0	4967	0
9	data/phaseB/broadaway2024_liver_eqtl/Marginal_byChr/Liver_eQTL_Meta_Analysis_20240305_CHR9.tsv	503601060	1787760545056929295	3984487	324817	324817	0	4161	0
10	data/phaseB/broadaway2024_liver_eqtl/Marginal_byChr/Liver_eQTL_Meta_Analysis_20240305_CHR10.tsv	547342999	1787755954390973906	4269857	406561	406561	0	5189	0
11	data/phaseB/broadaway2024_liver_eqtl/Marginal_byChr/Liver_eQTL_Meta_Analysis_20240305_CHR11.tsv	905484573	1787772503597712119	7086794	384287	384287	0	4917	0
12	data/phaseB/broadaway2024_liver_eqtl/Marginal_byChr/Liver_eQTL_Meta_Analysis_20240305_CHR12.tsv	727968571	1787768081906934733	5683726	382638	382638	0	5011	0
13	data/phaseB/broadaway2024_liver_eqtl/Marginal_byChr/Liver_eQTL_Meta_Analysis_20240305_CHR13.tsv	260570845	1787753985596937979	2035533	281847	281847	0	3901	0
14	data/phaseB/broadaway2024_liver_eqtl/Marginal_byChr/Liver_eQTL_Meta_Analysis_20240305_CHR14.tsv	449518799	1787754630490087851	3512709	246507	246507	0	3525	0
15	data/phaseB/broadaway2024_liver_eqtl/Marginal_byChr/Liver_eQTL_Meta_Analysis_20240305_CHR15.tsv	366469318	1787754281373181028	2868701	218837	218837	0	3272	0
16	data/phaseB/broadaway2024_liver_eqtl/Marginal_byChr/Liver_eQTL_Meta_Analysis_20240305_CHR16.tsv	436122441	1787754924259059246	3429133	211821	211821	0	3003	0
17	data/phaseB/broadaway2024_liver_eqtl/Marginal_byChr/Liver_eQTL_Meta_Analysis_20240305_CHR17.tsv	605305205	1787755645851046262	4749631	176853	176853	0	2966	0
18	data/phaseB/broadaway2024_liver_eqtl/Marginal_byChr/Liver_eQTL_Meta_Analysis_20240305_CHR18.tsv	209693596	1787753891803628377	1646453	223078	223078	0	3220	0
19	data/phaseB/broadaway2024_liver_eqtl/Marginal_byChr/Liver_eQTL_Meta_Analysis_20240305_CHR19.tsv	622737090	1787759154693809337	4870051	115368	115368	0	2129	0
20	data/phaseB/broadaway2024_liver_eqtl/Marginal_byChr/Liver_eQTL_Meta_Analysis_20240305_CHR20.tsv	356077415	1787754120039228804	2801892	169398	169398	0	2760	0
21	data/phaseB/broadaway2024_liver_eqtl/Marginal_byChr/Liver_eQTL_Meta_Analysis_20240305_CHR21.tsv	185658660	1787753844648617717	1455629	105663	105663	0	1918	0
22	data/phaseB/broadaway2024_liver_eqtl/Marginal_byChr/Liver_eQTL_Meta_Analysis_20240305_CHR22.tsv	272633632	1787754035839454151	2136688	93461	93461	0	1993	0
