source_analysis_record	repository_path	source_sha256
28_final_method_and_reanalysis/run.py	code/model_engine.py	5cf2a9c53cc7a7894bf0a1b73595509c9ce5985c0726848bf1d499cabfa87777
../scripts/02_gene_level_liver_axis_nomination/02_rerun_acat_9trait.py	source_snapshot/scripts/02_gene_level_liver_axis_nomination/02_rerun_acat_9trait.py.txt	f891616c61c8f62d445525cec7b96a8c1a6071f3a97a3cfd1daae14def760b8b
../scripts/18_amended_11trait_nomination/18_build_amended_11trait_primary.py	source_snapshot/scripts/18_amended_11trait_nomination/18_build_amended_11trait_primary.py.txt	e5d14a69914b2838043c58f1bbce141672d81173379d98196e86dc0e826d65e4
25_p1_boundary_sensitivity/summarize.py	source_snapshot/analysis_hbsn_restructure/25_p1_boundary_sensitivity/summarize.py.txt	59fb42e9da1400eb944531bbac08598493c92add075c3030fb6622eefe066c71
28_final_method_and_reanalysis/charter.md	source_snapshot/analysis_hbsn_restructure/28_final_method_and_reanalysis/charter.md.txt	b3739b6d5c77ba78a8c8536ffa538f5dc66057afeb6f8d3666b7a5a075fa9186
28_final_method_and_reanalysis/candidates.py	source_snapshot/analysis_hbsn_restructure/28_final_method_and_reanalysis/candidates.py.txt	504f4e68afe46f536bff4e8c620fd1c2f6ade995d3fdac3ecf14ab10ec69bc18
30_support_event_audit/run.py	source_snapshot/analysis_hbsn_restructure/30_support_event_audit/run.py.txt	228c448c12399bdf4784d4f5fedc39a19e0d97368dc7f0bc2bc1f9550f4123b8
code/29_qc_dense_shared_signal.py	source_snapshot/analysis_hbsn_restructure/code/29_qc_dense_shared_signal.py.txt	71c2950354d20a61e8b34055cfd362733c341de313145b9fe19c6cbdac094904
code/31_run_shared_signal_region.R	source_snapshot/analysis_hbsn_restructure/code/31_run_shared_signal_region.R.txt	a03ba422d871b00b463a730873653b98ca4564ceecc452f78d76e6ca329434a7
code/39_conditional_shared_signal_region.R	source_snapshot/analysis_hbsn_restructure/code/39_conditional_shared_signal_region.R.txt	41a930539fcc71231348d8de42f6d2df826c1aebdbf4d6aa611acb8b9cc31f38
30_support_event_audit/coloc_registry_198_current_coverage.tsv	derived/coloc_registry_198_current_coverage.tsv	4ac51c1535a752df40d653fdda954333c82cb4b50a188ce4c73e2cfd7fa6a22b
