trait	trait_group	source_accession_or_release	source_phenotype	trait_type	ancestry	official_total_N	cases	controls	analysis_build	scaffold_role	primary_HCC_ancestry_implication	primary_metadata_source
CIRR	G1	GCST90319877	Cirrhosis	case-control	predominantly European	1580011	15225	1564786	GRCh37	non-HCC gene nomination	EUR-primary; EAS ancestry-specific evaluation	https://www.ebi.ac.uk/gwas/studies/GCST90319877
LIVER_FAT	G1	GCST90016673	Liver fat	quantitative	European	32858			GRCh37	non-HCC gene nomination	EUR-primary; EAS ancestry-specific evaluation	https://ftp.ebi.ac.uk/pub/databases/gwas/summary_statistics/GCST90016001-GCST90017000/GCST90016673/GCST90016673_buildGRCh37.tsv.gz-meta.yaml
NAFLD	G1	GCST90091033	EHR-documented nonalcoholic fatty liver disease	case-control	European	778614	8434	770180	GRCh37	non-HCC gene nomination	EUR-primary; EAS ancestry-specific evaluation	https://ftp.ebi.ac.uk/pub/databases/gwas/summary_statistics/GCST90091001-GCST90092000/GCST90091033/GCST90091033_buildGRCh37.tsv.gz-meta.yaml
ALT	G2	GCST90013405	Alanine aminotransferase	quantitative	European	437267			GRCh37	non-HCC gene nomination	EUR-primary; EAS ancestry-specific evaluation	https://www.nature.com/articles/s41467-021-22338-2#Sec13
AST	G2	OpenGWAS ukb-d-30650_irnt	Aspartate aminotransferase, inverse-rank normalized	quantitative	European	342990			GRCh37	non-HCC gene nomination	EUR-primary; EAS ancestry-specific evaluation	https://gwas.mrcieu.ac.uk/datasets/ukb-d-30650_irnt/
GGT	G2	GCST90013407	Gamma-glutamyl transferase	quantitative	European	437194			GRCh37	non-HCC gene nomination	EUR-primary; EAS ancestry-specific evaluation	https://www.nature.com/articles/s41467-021-22338-2#Sec13
ALP	G3	GCST90013406	Alkaline phosphatase	quantitative	European	437438			GRCh37	non-HCC gene nomination	EUR-primary; EAS ancestry-specific evaluation	https://www.nature.com/articles/s41467-021-22338-2#Sec13
BILI	G3	GCST90018973	Total bilirubin levels	quantitative	European	342829			GRCh37	non-HCC gene nomination	EUR-primary; EAS ancestry-specific evaluation	https://ftp.ebi.ac.uk/pub/databases/gwas/summary_statistics/GCST90018001-GCST90019000/GCST90018973/GCST90018973_buildGRCh37.tsv.gz-meta.yaml
PBC	G3	GCST90061440	Primary biliary cholangitis	case-control	predominantly European	24510	8021	16489	GRCh37	non-HCC gene nomination	EUR-primary; EAS ancestry-specific evaluation	https://ftp.ebi.ac.uk/pub/databases/gwas/summary_statistics/GCST90061001-GCST90062000/GCST90061440/GCST90061440_buildGRCh37.tsv-meta.yaml
PSC	G3	GCST004030	Primary sclerosing cholangitis	case-control	European	14890	2871	12019	GRCh37	non-HCC gene nomination	EUR-primary; EAS ancestry-specific evaluation	https://www.nature.com/articles/ng.3745
AIH	G3	GCST90018785	Autoimmune hepatitis	case-control	European	485234	821	484413	GRCh37	non-HCC gene nomination	EUR-primary; EAS ancestry-specific evaluation	https://ftp.ebi.ac.uk/pub/databases/gwas/summary_statistics/GCST90018001-GCST90019000/GCST90018785/GCST90018785_buildGRCh37.tsv.gz-meta.yaml
