chr	cache_index	field	cache_value	raw_replay_value
1	1881	p	0.7741	
1	1882	p	0.8323	
1	1896	p	0.9111	
1	1899	p	0.7846	
1	1901	p	0.9826	
1	1929	p	0.7582	
1	1930	p	0.7577	
1	1881	beta	0.0059204076339654	
1	1882	beta	-0.0022813318924328	
1	1896	beta	0.0022644127135382	
1	1899	beta	0.0056509772214511	
1	1901	beta	0.0004601734012848	
1	1929	beta	0.006397546394951	
1	1930	beta	0.006397546394951	
1	1881	se	0.0206285980277541	
1	1882	se	0.0107609994926077	
1	1896	se	0.0202179706565912	
1	1899	se	0.0206995502617257	
1	1901	se	0.0209169727856728	
1	1929	se	0.0207712545290618	
1	1930	se	0.0207712545290618	
1	1881	eaf	0.0144	
1	1882	eaf	0.0176	
1	1896	eaf	0.015	
1	1899	eaf	0.0143	
1	1901	eaf	0.014	
1	1929	eaf	0.0142	
1	1930	eaf	0.0142	
1	1881	n	82788.0	
1	1882	n	249726.0	
1	1896	n	82788.0	
1	1899	n	82788.0	
1	1901	n	82788.0	
1	1929	n	82788.0	
1	1930	n	82788.0	
6	173201	p	0.6246	
6	173252	p	0.2254	
6	173201	beta	-0.0039922639343807	
6	173252	beta	-0.0053198522371109	
6	173201	se	0.0081641389251139	
6	173252	se	0.0043893170273192	
6	173201	eaf	0.031	
6	173252	eaf	0.1178	
6	173201	n	249726.0	
6	173252	n	249726.0	
13	275331	p	0.6053	
13	275332	p	0.1727	
13	275331	beta	-0.0028146543771473	
13	275332	beta	0.0055550780384473	
13	275331	se	0.0054442057585054	
13	275332	se	0.004075625853593	
13	275331	eaf	0.0775	
13	275332	eaf	0.1501	
13	275331	n	235957.0	
13	275332	n	235957.0	
14	246023	p	0.763	
14	246034	p	0.8094	
14	246035	p	0.8427	
14	246146	p	0.5922	
14	246148	p	0.4719	
14	246149	p	0.5336	
14	246151	p	0.2532	
14	246170	p	0.3041	
14	246172	p	0.2481	
14	246185	p	0.4463	
14	246187	p	0.5028	
14	246205	p	0.7637	
14	246206	p	0.7764	
14	246218	p	0.04024	
14	246220	p	0.08367	
14	246226	p	0.08383	
14	246023	beta	-0.002096512136116	
14	246034	beta	0.0015944713338837	
14	246035	beta	0.0013249513957513	
14	246146	beta	0.002718297132365	
14	246148	beta	0.0036071217952913	
14	246149	beta	0.003112022775831	
14	246151	beta	0.0064143451121915	
14	246170	beta	0.0058135887830459	
14	246172	beta	0.006386828274783	
14	246185	beta	0.0040990658832131	
14	246187	beta	0.003599279790237	
14	246205	beta	-0.0006880273014891	
14	246206	beta	-0.0006137097307652	
14	246218	beta	-0.009829176995505	
14	246220	beta	-0.0077471053504718	
14	246226	beta	-0.0077788662824234	
14	246023	se	0.0069420931659472	
14	246034	se	0.0066160636260737	
14	246035	se	0.0066916737159156	
14	246146	se	0.0050714498738153	
14	246148	se	0.0050168592424079	
14	246149	se	0.0049952211490064	
14	246151	se	0.005611850491856	
14	246170	se	0.005655242006854	
14	246172	se	0.0055297214500286	
14	246185	se	0.0053793515527732	
14	246187	se	0.0053720593884134	
14	246205	se	0.002285804988336	
14	246206	se	0.0021609497562155	
14	246218	se	0.0047923827379351	
14	246220	se	0.0044780955783074	
14	246226	se	0.0044990551083998	
14	246023	eaf	0.1469	
14	246034	eaf	0.1653	
14	246035	eaf	0.1607	
14	246146	eaf	0.3768	
14	246148	eaf	0.3998	
14	246149	eaf	0.4108	
14	246151	eaf	0.2587	
14	246170	eaf	0.2527	
14	246172	eaf	0.2709	
14	246185	eaf	0.2968	
14	246187	eaf	0.2982	
14	246205	eaf	0.1117	
14	246206	eaf	0.1272	
14	246218	eaf	0.0366	
14	246220	eaf	0.0412	
14	246226	eaf	0.0408	
14	246023	n	82788.0	
14	246034	n	82788.0	
14	246035	n	82788.0	
14	246146	n	82788.0	
14	246148	n	82788.0	
14	246149	n	82788.0	
14	246151	n	82788.0	
14	246170	n	82788.0	
14	246172	n	82788.0	
14	246185	n	82788.0	
14	246187	n	82788.0	
14	246205	n	964448.0	
14	246206	n	964448.0	
14	246218	n	617418.0	
14	246220	n	631187.0	
14	246226	n	631187.0	
15	161259	p	0.06554	
15	161260	p	0.06554	
15	161261	p	0.8882	
15	161262	p	0.1676	
15	161286	p	0.7797	
15	161293	p	0.1719	
15	161294	p	0.1719	
15	161303	p	0.8348	
15	161304	p	0.1574	
15	161310	p	0.1129	
15	161318	p	0.4841	
15	161320	p	0.08194	
15	161325	p	0.8838	
15	161326	p	0.8865	
15	161327	p	0.8557	
15	161348	p	0.738	
15	161351	p	0.6344	
15	161352	p	0.4532	
15	161355	p	0.9037	
15	161374	p	0.2264	
15	163796	p	0.22	
15	161259	beta	0.0146444583852149	
15	161260	beta	0.0146444583852149	
15	161261	beta	0.000775082493394	
15	161262	beta	0.0146401453146108	
15	161286	beta	0.0015292291282818	
15	161293	beta	-0.0242778878744326	
15	161294	beta	-0.0242778878744325	
15	161303	beta	0.00114343902609	
15	161304	beta	0.0181291168547629	
15	161310	beta	-0.0098641261505738	
15	161318	beta	-0.0032592797940739	
15	161320	beta	-0.0107328089731213	
15	161325	beta	0.0008041974600578	
15	161326	beta	0.0007874943768294	
15	161327	beta	0.0010032905701728	
15	161348	beta	0.0031298118803253	
15	161351	beta	0.0052686872420811	
15	161352	beta	-0.0038362059976471	
15	161355	beta	-0.0006455132274039	
15	161374	beta	0.0035573456240991	
15	163796	beta	-0.0025762113355138	
15	161259	se	0.0079503031407247	
15	161260	se	0.0079503031407247	
15	161261	se	0.0054970389602416	
15	161262	se	0.0106088009526165	
15	161286	se	0.0054615326010066	
15	161293	se	0.0177729779461439	
15	161294	se	0.0177729779461439	
15	161303	se	0.0054710001248326	
15	161304	se	0.0128211576059144	
15	161310	se	0.0062234234388478	
15	161318	se	0.0046561139915342	
15	161320	se	0.0061682810190352	
15	161325	se	0.0055082017812178	
15	161326	se	0.0055069536841219	
15	161327	se	0.0055125855504001	
15	161348	se	0.009370694252471	
15	161351	se	0.011068670676641	
15	161352	se	0.0051149413301962	
15	161355	se	0.0053348200611897	
15	161374	se	0.0029399550612389	
15	163796	se	0.002099601740435	
15	161259	eaf	0.107	
15	161260	eaf	0.107	
15	161261	eaf	0.2761	
15	161262	eaf	0.0569	
15	161286	eaf	0.282	
15	161293	eaf	0.0195	
15	161294	eaf	0.0195	
15	161303	eaf	0.2804	
15	161304	eaf	0.0382	
15	161310	eaf	0.1933	
15	161318	eaf	0.1098	
15	161320	eaf	0.1979	
15	161325	eaf	0.2743	
15	161326	eaf	0.2745	
15	161327	eaf	0.2736	
15	161348	eaf	0.0743	
15	161351	eaf	0.0520000000000001	
15	161352	eaf	0.3616	
15	161355	eaf	0.3056	
15	161374	eaf	0.2702	
15	163796	eaf	0.276	
15	161259	n	82788.0	
15	161260	n	82788.0	
15	161261	n	82788.0	
15	161262	n	82788.0	
15	161286	n	82788.0	
15	161293	n	82788.0	
15	161294	n	82788.0	
15	161303	n	82788.0	
15	161304	n	82788.0	
15	161310	n	82788.0	
15	161318	n	235957.0	
15	161320	n	82788.0	
15	161325	n	82788.0	
15	161326	n	82788.0	
15	161327	n	82788.0	
15	161348	n	82788.0	
15	161351	n	82788.0	
15	161352	n	82788.0	
15	161355	n	82788.0	
15	161374	n	293359.0	
15	163796	n	567608.0	
