chr	cache_index	action
1	1881	exclude_conflicting_mapped_key
1	1882	exclude_conflicting_mapped_key
1	1896	exclude_conflicting_mapped_key
1	1899	exclude_conflicting_mapped_key
1	1901	exclude_conflicting_mapped_key
1	1929	exclude_conflicting_mapped_key
1	1930	exclude_conflicting_mapped_key
6	173201	exclude_conflicting_mapped_key
6	173252	exclude_conflicting_mapped_key
13	275331	exclude_conflicting_mapped_key
13	275332	exclude_conflicting_mapped_key
14	246023	exclude_conflicting_mapped_key
14	246034	exclude_conflicting_mapped_key
14	246035	exclude_conflicting_mapped_key
14	246146	exclude_conflicting_mapped_key
14	246148	exclude_conflicting_mapped_key
14	246149	exclude_conflicting_mapped_key
14	246151	exclude_conflicting_mapped_key
14	246170	exclude_conflicting_mapped_key
14	246172	exclude_conflicting_mapped_key
14	246185	exclude_conflicting_mapped_key
14	246187	exclude_conflicting_mapped_key
14	246205	exclude_conflicting_mapped_key
14	246206	exclude_conflicting_mapped_key
14	246218	exclude_conflicting_mapped_key
14	246220	exclude_conflicting_mapped_key
14	246226	exclude_conflicting_mapped_key
15	161259	exclude_conflicting_mapped_key
15	161260	exclude_conflicting_mapped_key
15	161261	exclude_conflicting_mapped_key
15	161262	exclude_conflicting_mapped_key
15	161286	exclude_conflicting_mapped_key
15	161293	exclude_conflicting_mapped_key
15	161294	exclude_conflicting_mapped_key
15	161303	exclude_conflicting_mapped_key
15	161304	exclude_conflicting_mapped_key
15	161310	exclude_conflicting_mapped_key
15	161318	exclude_conflicting_mapped_key
15	161320	exclude_conflicting_mapped_key
15	161325	exclude_conflicting_mapped_key
15	161326	exclude_conflicting_mapped_key
15	161327	exclude_conflicting_mapped_key
15	161348	exclude_conflicting_mapped_key
15	161351	exclude_conflicting_mapped_key
15	161352	exclude_conflicting_mapped_key
15	161355	exclude_conflicting_mapped_key
15	161374	exclude_conflicting_mapped_key
15	163796	exclude_conflicting_mapped_key
