path	bytes	md5	sha256
analysis_update_2026_hcc_gwas/02_inputs/raw_gwas/GCST90860791.tsv.gz	236530313	e0d4d1266d92271be54cd8bcebb78055	369c9c48fe9af61e3da1a4128095e15a2bc7ba79c560046b5c8b0f99cc466aa6
data/reference/liftover/hg38ToHg19.over.chain.gz	1246411	ff3031d93792f4cbb86af44055efd903	14a712e8e147d9fc8e9d87d51977b46f6f8ddb93efbe5d0843d86b6205f587b1
analysis_update_2026_hcc_gwas/03_qc/frozen_map_cache/chr01_variant_keys.npy	4709136	bb5dcd9b6d2c30933fa4d7ee2bf698f7	3b5dbcc6efb57136af146a474dba102ffe1d7cafdfdd7ebfcdb50c834c7a2b03
analysis_update_2026_hcc_gwas/03_qc/frozen_map_cache/chr01_allele_tokens.tsv	122618	8ce61e78a7c556c60c1f5e21f089ae63	468410014cf155ccd81ab022fec5a894bbb866fc5976ed7f5ef67ed6f38b4f56
analysis_update_2026_hcc_gwas/05_gene_level/adapted_variant_cache/GCST90860791/chr01_p.npy	4709136	e6b596a2f6b8cc44d8c56a6d38744bda	0d99960110de96a34a2ca17d2ef2859706d333c8f70624eb13bc177fcd74f893
analysis_update_2026_hcc_gwas/05_gene_level/adapted_variant_cache/GCST90860791/chr01_beta.npy	4709136	f5cbf369811fa795743e1188cb359db3	269304501abd75d61f64ab671761b688a0f4673fe96c124ac0c9e37003803ae5
analysis_update_2026_hcc_gwas/05_gene_level/adapted_variant_cache/GCST90860791/chr01_se.npy	4709136	5e90e0d518d467e3ab41cf97d26ae07e	842c14bf5dfdea6fe03c2e3c8e41f37c56989a96b0feaf0b10d352c7a0a4727b
analysis_update_2026_hcc_gwas/05_gene_level/adapted_variant_cache/GCST90860791/chr01_eaf.npy	4709136	28d3063a9e6b10c4ca2bb09f969a3e2b	5dada8b5b12c1896db5867fc3c97dfa61ae71057e05127b39c31a4f0fd566df2
analysis_update_2026_hcc_gwas/05_gene_level/adapted_variant_cache/GCST90860791/chr01_n.npy	4709136	10c99c729484d7414dfa64f4f2fd7e18	c6bbfddcea370e611d7d0c707dc6455ac78833edd5ebd2d588d57b4177188d45
analysis_update_2026_hcc_gwas/05_gene_level/adapted_variant_cache/GCST90860791/chr01_effect_token.npy	2354632	fd9493bddd284bc17d8587381042c42d	cc53f4818f36c7e020a67b1b4e22a573d5a574b8bd3cd36a84c4b994689cf7bc
analysis_update_2026_hcc_gwas/05_gene_level/adapted_variant_cache/GCST90860791/chr01_conflict.npy	588754	1544cd1d18bc886899a3842b65020dc5	89071bb33d185239a4851bd4ca28b575f7514bc446763e886268a1d8b872f2a7
analysis_update_2026_hcc_gwas/03_qc/frozen_map_cache/chr02_variant_keys.npy	5280792	cf2c78441accbf4cfce4b71df9f9f928	9e98407fb01528664b7ce26e9583597b51765d50df8aa7615dfe4170301aced8
analysis_update_2026_hcc_gwas/03_qc/frozen_map_cache/chr02_allele_tokens.tsv	132042	cc809d7c04880fd755a6253b7d1dcfc3	ebacb630b45c1d3f611dfacf005c1657eebb698e6277bb2f847432977716e75a
analysis_update_2026_hcc_gwas/05_gene_level/adapted_variant_cache/GCST90860791/chr02_p.npy	5280792	1d64cef375686851ba8963306a9ded3a	5a50b4abf95e51b326f915efda8f3a56d606be07c100b9f75aad71352e184726
analysis_update_2026_hcc_gwas/05_gene_level/adapted_variant_cache/GCST90860791/chr02_beta.npy	5280792	e87d43d25e055756665037ee0f304a32	839344750c5ef08669e58103bd517733c3e0aebfe118ed59ce287fba6ed9d492
analysis_update_2026_hcc_gwas/05_gene_level/adapted_variant_cache/GCST90860791/chr02_se.npy	5280792	5745864948a4cd0ed89355d1af48d337	c15c63a960ffa4361b0f613e003c56eeb42d758156f65c60d637f5462878a1a9
analysis_update_2026_hcc_gwas/05_gene_level/adapted_variant_cache/GCST90860791/chr02_eaf.npy	5280792	c28a3b8dfa4049f82b503beefc12c906	ca74f880fc1b5b68ae8e4a3ad0c65bd1e9096d98c93de06377a6696cdb8ab770
analysis_update_2026_hcc_gwas/05_gene_level/adapted_variant_cache/GCST90860791/chr02_n.npy	5280792	eacd6fdc62d2dfe6ebd4766ebca7996d	501c7ea5984dfafa812e880c4f6df69f0d6b331df638bbfaaafc2d567c827c8a
analysis_update_2026_hcc_gwas/05_gene_level/adapted_variant_cache/GCST90860791/chr02_effect_token.npy	2640460	a4284fc1c9df1c4030867d2fb417177b	e0eee0068a360b554347fde481bbd5ef64b0e0ce8d82456d67bfd0594b332dbf
analysis_update_2026_hcc_gwas/05_gene_level/adapted_variant_cache/GCST90860791/chr02_conflict.npy	660211	4584955afa64aa84abb4f857b28ef00c	319b120d5d816f56e1e3f21e55d3ab0a68f27605f181140d729eb212d91ac897
analysis_update_2026_hcc_gwas/03_qc/frozen_map_cache/chr03_variant_keys.npy	4553736	e10ce9551d7816000e3491eb7e2f5868	92b20650971a44cd433d6261b20186bc45c98fef9ef4922090e169f8d9fd0216
analysis_update_2026_hcc_gwas/03_qc/frozen_map_cache/chr03_allele_tokens.tsv	114030	f600936b09b5955329f47578d8b24c05	f524e525d4d270067703c696b4b2485d99bd76349841178486370fd920345c9a
analysis_update_2026_hcc_gwas/05_gene_level/adapted_variant_cache/GCST90860791/chr03_p.npy	4553736	b9bc7bd482247e1a89cdf9415d4c0509	8ccd9042011a766ba7ce0f640c66e263b9a4a2f4898e4302af807b68bd342680
analysis_update_2026_hcc_gwas/05_gene_level/adapted_variant_cache/GCST90860791/chr03_beta.npy	4553736	e3609289260a312dea40b5b215401b80	b89c8dcd312a064c88fa1c1926957a62da124b83651d0d5aeba29a81490f2002
analysis_update_2026_hcc_gwas/05_gene_level/adapted_variant_cache/GCST90860791/chr03_se.npy	4553736	363b6874224df883752768bc83d3c4fd	56a6be27f65ba88fed51cc48b392937b68df4a9321b18c248d05e340b6379d61
analysis_update_2026_hcc_gwas/05_gene_level/adapted_variant_cache/GCST90860791/chr03_eaf.npy	4553736	edabe9767fa5e64e4357ef0092c5003e	4c21cd3ee4966f57255df8e84c78c9db23c0295d1eb73ae57eb955ac00d59569
analysis_update_2026_hcc_gwas/05_gene_level/adapted_variant_cache/GCST90860791/chr03_n.npy	4553736	ce8fc51f1f0c675457df567789d8fd28	bb67c10f204cee2eb6805dfa838a5a1c84c945fb656dcd50a7d7652c8947f377
analysis_update_2026_hcc_gwas/05_gene_level/adapted_variant_cache/GCST90860791/chr03_effect_token.npy	2276932	b01f247d474c246c0eb655105f68bed6	09c44cf45dcff6b527508e44009ad1330789f90f139e06ea69831d1a276f65c8
analysis_update_2026_hcc_gwas/05_gene_level/adapted_variant_cache/GCST90860791/chr03_conflict.npy	569329	3a42ae1e9d8f86e0a60f681d26b8a55e	3487de74937d33cf2d0eae918f349b51534ee70230b23ea7c9884814349e685e
analysis_update_2026_hcc_gwas/03_qc/frozen_map_cache/chr04_variant_keys.npy	4355040	51f1a96dcff18cf38d0a33732a93e4e2	7864b00d7c68790fc3019194fe79618af7cdf615bf5367a8553cc72dd8903a3f
analysis_update_2026_hcc_gwas/03_qc/frozen_map_cache/chr04_allele_tokens.tsv	110089	b157af3e010d7ba9177fd503fcb4ef94	5a4c3d013fd2a17344520a11513d6a5395d74deb5354748f7ed7ba886b61b626
analysis_update_2026_hcc_gwas/05_gene_level/adapted_variant_cache/GCST90860791/chr04_p.npy	4355040	02015813da58c869ae6473db2737c302	db0df617afb848850673201d84e43d30d66067c6c0bc5c01fb1251618ba96800
analysis_update_2026_hcc_gwas/05_gene_level/adapted_variant_cache/GCST90860791/chr04_beta.npy	4355040	7c622cc2dfbbe7cffd8f2971d182446d	1673526e3b7d6bdf927c410f382b6e766ca25508c6c147f2f41d69b4f7f6a103
analysis_update_2026_hcc_gwas/05_gene_level/adapted_variant_cache/GCST90860791/chr04_se.npy	4355040	05d97ad9d5796bdbc211c4fa517b1e88	1e5f3422a334be7a8d080d29b3a0e957f4cb854bcc29f7710b0abc5f95bbfe02
analysis_update_2026_hcc_gwas/05_gene_level/adapted_variant_cache/GCST90860791/chr04_eaf.npy	4355040	d89982c6a510a7011153c6999aed8ddf	d1b1659060f257ba8acf59474741b1a2657273a06f4a2b7abe1009e79172a23d
analysis_update_2026_hcc_gwas/05_gene_level/adapted_variant_cache/GCST90860791/chr04_n.npy	4355040	fe0d046d1b29951e548ceb447712148b	f0afc5dc9f18c457832ee5642ca46ade1c2b5f897ec39cd46ce62bd75333fc51
analysis_update_2026_hcc_gwas/05_gene_level/adapted_variant_cache/GCST90860791/chr04_effect_token.npy	2177584	665dc53b935cb134e33d766d431df4a8	53fdc73712dffb496d17b3ab4b90e52397a0c723c5bf00ca8fad2a05d2d410e2
analysis_update_2026_hcc_gwas/05_gene_level/adapted_variant_cache/GCST90860791/chr04_conflict.npy	544492	f0306f2d9cb96f32e5907bb2fdd8851c	eeaa98f56405113dcff40fb86d91f0225693b5e291fcd2249cdf84525eee21a4
analysis_update_2026_hcc_gwas/03_qc/frozen_map_cache/chr05_variant_keys.npy	4011120	b06274b8a6716b271023d82ae6b1ad83	8ce3dd08d9b1e2299016b032501487b7a73635fc5681760323f75d657fb245bb
analysis_update_2026_hcc_gwas/03_qc/frozen_map_cache/chr05_allele_tokens.tsv	106244	f4adcb96c6605d49ecb09176a9ce25b2	ea10d8cdb67a06489ea1f439d268e58fe44ecbb82c793ff05a03328689e3c106
analysis_update_2026_hcc_gwas/05_gene_level/adapted_variant_cache/GCST90860791/chr05_p.npy	4011120	babbc3f98a6f15953d93d50bf5e7a902	7e3170ae5cf5424649edad27d1874e9d618f59b74be0a3de856478f865aa6d8e
analysis_update_2026_hcc_gwas/05_gene_level/adapted_variant_cache/GCST90860791/chr05_beta.npy	4011120	b1cb5edf54aff1f0b8bff6d7ee978a7d	4b041b1944f1badcb841c43a30b0bda350a8ad3181294c0b51ff6eceb0cae831
analysis_update_2026_hcc_gwas/05_gene_level/adapted_variant_cache/GCST90860791/chr05_se.npy	4011120	039a6e4afdcb78987f1277ae1c1f3519	62ca256c0127c25ec206295d4de4149b7b329b03690070c81623e3c2eb977d57
analysis_update_2026_hcc_gwas/05_gene_level/adapted_variant_cache/GCST90860791/chr05_eaf.npy	4011120	e9b9d4a04679809139bdd0c1c11177cd	818f13713683bca1fb3f436b01efcbb0ec5dc922224d7d7695924306332057fc
analysis_update_2026_hcc_gwas/05_gene_level/adapted_variant_cache/GCST90860791/chr05_n.npy	4011120	c54d0c4ae185d7f26a2c7130b4cee8e8	402018a4e4701a437c4da52a677e7068920fce9194d0cf0ce61ce3ded19b57eb
analysis_update_2026_hcc_gwas/05_gene_level/adapted_variant_cache/GCST90860791/chr05_effect_token.npy	2005624	cc081c60dbaabb39e743b96369fae0b7	852bcf08187eb3444c0ab8d5fa93c40f3cba95f4499a09917d90936678d90e72
analysis_update_2026_hcc_gwas/05_gene_level/adapted_variant_cache/GCST90860791/chr05_conflict.npy	501502	5b42c2561bd57d59faed8f8effdf92bc	4f34e64e2252b18cf303ce265ab879def75d280f83a5eb465d8731e3ce22172e
analysis_update_2026_hcc_gwas/03_qc/frozen_map_cache/chr06_variant_keys.npy	3962752	8317db2b301256a03d47bf87cbd429cf	6be4e040ed85d435d0aaf85989d53555f53cf03ddcf9b82989d40fff488843bf
analysis_update_2026_hcc_gwas/03_qc/frozen_map_cache/chr06_allele_tokens.tsv	107016	5b54fcba23bacafa767fe1a1c08cdb72	ed6fa35dc9bc9b4f7e0d1c7215309e53681c4265671d9e65d666bccf03d0f15c
analysis_update_2026_hcc_gwas/05_gene_level/adapted_variant_cache/GCST90860791/chr06_p.npy	3962752	b04a4642e9c77d68c4e36a88a36a4a7f	d9710e02647fbb383486bb361ec4ba864b5d819f4baa993f9e463aeb9e3b2c45
analysis_update_2026_hcc_gwas/05_gene_level/adapted_variant_cache/GCST90860791/chr06_beta.npy	3962752	3c76433f1f046ab919531444d4272f75	e3c1a52cec927af3e665cfe78790f5519b21e79c9f0affe0ce579a358f13aab8
analysis_update_2026_hcc_gwas/05_gene_level/adapted_variant_cache/GCST90860791/chr06_se.npy	3962752	1dc68c761d707d2ba8bc80724d069a43	25bc3fb49bc67ae1fb480af7d1f7d0a6dfc71574861bd3187f6ad7964bd41361
analysis_update_2026_hcc_gwas/05_gene_level/adapted_variant_cache/GCST90860791/chr06_eaf.npy	3962752	1f9e2e138466421e42ac7dd2e13d8da1	a9dde29a00e47d57b216c6f1823286c5fb6ef0af4dff69c58c382143afe14e24
analysis_update_2026_hcc_gwas/05_gene_level/adapted_variant_cache/GCST90860791/chr06_n.npy	3962752	cefb6e6bc05b91c66a562b3c62e8fdd5	4c48a7b7b2be01a7c5d8a6499887c9d0c03ad93d8e572e15f56ac77bbdfae3b4
analysis_update_2026_hcc_gwas/05_gene_level/adapted_variant_cache/GCST90860791/chr06_effect_token.npy	1981440	1c843a070c6e0e72ce892011942b79ce	d84180352b6efbacc8137182cc5eb0ae2a98be8b9afc4c21ae5daec52788b945
analysis_update_2026_hcc_gwas/05_gene_level/adapted_variant_cache/GCST90860791/chr06_conflict.npy	495456	447bff075834096c71ac8856193e72a6	83bc00d022090cdcfdc551ea8111d4046b7afc8fd2a19779ce5d226fcc146f97
analysis_update_2026_hcc_gwas/03_qc/frozen_map_cache/chr07_variant_keys.npy	3585872	8024fdb80cc1522cdc2edb51a8137ea4	4dbb0f15295a7a34827d836dbc6a46d9d128a0e05568077c3179ee6e829da771
analysis_update_2026_hcc_gwas/03_qc/frozen_map_cache/chr07_allele_tokens.tsv	92769	c57cf18f05c9b26c86e086ebf3f5ced5	68a5a7eaaf277c9f397093f2a3b65d21e9c75b6be4cbea271d6812eb849b5da4
analysis_update_2026_hcc_gwas/05_gene_level/adapted_variant_cache/GCST90860791/chr07_p.npy	3585872	929b38c52723d028b2fed20645c7b815	197ce5294e40a18995227d126abfe8490e02d77225e5dc4df3427e0e7b5b5c28
analysis_update_2026_hcc_gwas/05_gene_level/adapted_variant_cache/GCST90860791/chr07_beta.npy	3585872	913e65bc4a575ac8a43e7db0dfe5f473	d7d2ae5d0de62f088e837c30fb1aede1e7880316b2789f9cf0b3d6c1873b82b0
analysis_update_2026_hcc_gwas/05_gene_level/adapted_variant_cache/GCST90860791/chr07_se.npy	3585872	0ade820859a85265e2e7081f11864573	3dc283a0767b20ea4797740dcef33037748313fc435e22f534e987a689c9308f
analysis_update_2026_hcc_gwas/05_gene_level/adapted_variant_cache/GCST90860791/chr07_eaf.npy	3585872	ddcdfdb69cf496798c111fe98b5c4c3f	6a3f05ff543ec77696a4edc20cdbac9172b5af7e1bdcd2803d74e94844bcaaa5
analysis_update_2026_hcc_gwas/05_gene_level/adapted_variant_cache/GCST90860791/chr07_n.npy	3585872	996150880ca21a4a28edc6201820c6b1	7f25aa942d2ab19009cb316280e78d4ba9e2f4c6d1e02782be99465884f924bf
analysis_update_2026_hcc_gwas/05_gene_level/adapted_variant_cache/GCST90860791/chr07_effect_token.npy	1793000	c99a7bd3573b42df9accbae50c4f4af6	4e713676ed341809e53bdc055c11f9d885e1382bae6c74c7b7ac71e40da4934a
analysis_update_2026_hcc_gwas/05_gene_level/adapted_variant_cache/GCST90860791/chr07_conflict.npy	448346	fc984fb97bffab8d253149d26abaf5d0	d49eb37708ea57806e8fb3b299b2efb50f8bca06b2d31cc7a3f85482af581a1c
analysis_update_2026_hcc_gwas/03_qc/frozen_map_cache/chr08_variant_keys.npy	3481760	cc9ad953dbc67bc41003f46cb2367284	b96d6a9e0fc0be31cf3f5384fec3dd4fc65e1e4d06141c5244c79708e7f5c7dd
analysis_update_2026_hcc_gwas/03_qc/frozen_map_cache/chr08_allele_tokens.tsv	85237	7a621653f35c0374d918e0d17e874175	f76ad1a7cfbf9b5a0d003aad374712aa560fc3d2114a12388f75278bfffc604a
analysis_update_2026_hcc_gwas/05_gene_level/adapted_variant_cache/GCST90860791/chr08_p.npy	3481760	f8b11c992025f09f41fa8bb4c9c4e451	fff625e0259dada585a66914570c8178fe48c426507f3e4f733b501d883f7d5b
analysis_update_2026_hcc_gwas/05_gene_level/adapted_variant_cache/GCST90860791/chr08_beta.npy	3481760	5a6a6ac2c6abfb93eb9a91dcc474c2b4	88e612e9cba5e4351b4f49359462fb83cdc5b36be7ec9848c33c9eafddaf5962
analysis_update_2026_hcc_gwas/05_gene_level/adapted_variant_cache/GCST90860791/chr08_se.npy	3481760	465b4a5972f89d24675a3b394f0e06f2	495dc12e77c4c802e22cad9bc48079c47b50a58a31e1e0b7ff8d1503c8863774
analysis_update_2026_hcc_gwas/05_gene_level/adapted_variant_cache/GCST90860791/chr08_eaf.npy	3481760	95748de54c1b51d3eb3ebf1289d556a5	dd3125931d0efd0e2514e32ecb99bdda18bac5bf8cc2e49ae5f1c636ae99ee0c
analysis_update_2026_hcc_gwas/05_gene_level/adapted_variant_cache/GCST90860791/chr08_n.npy	3481760	b23d314748e45b494fb856073eb5d798	cf35f1fe567257900f9a342eeaff56829743bc022df572f99a3391b60709d9ae
analysis_update_2026_hcc_gwas/05_gene_level/adapted_variant_cache/GCST90860791/chr08_effect_token.npy	1740944	d01aa4b408f0a6a790e1377f309fd700	48ad6335f645384992e13cf13fe5af52dedb474a74240155c72d4ce7db710a71
analysis_update_2026_hcc_gwas/05_gene_level/adapted_variant_cache/GCST90860791/chr08_conflict.npy	435332	719a7786e63ebb1868d1493b1b9e75a7	2e5be5eb97ff71d7cb4aa48bcb5ba3823e97e65baf47534c0fdbee0eb073899a
analysis_update_2026_hcc_gwas/03_qc/frozen_map_cache/chr09_variant_keys.npy	2598664	6af3348fb430a4f4ebbab27a8a406ed6	219973c4c5a9f26c3b4c163de51b072386b51aedc1f677943ad773679402c5e8
analysis_update_2026_hcc_gwas/03_qc/frozen_map_cache/chr09_allele_tokens.tsv	70349	72b87fcdfd65443b9d02d0c25efa6321	afeeb9194cb46396a70ab5ab96f1f767fb9bbfee0db737a88e2d65996f2ff5fd
analysis_update_2026_hcc_gwas/05_gene_level/adapted_variant_cache/GCST90860791/chr09_p.npy	2598664	fa005425b27f45d7016f04f55b64e3f3	c44413ca7500a1bf415407e0226a7a2b237526c089c21c93e1efa86ac91f2ad6
analysis_update_2026_hcc_gwas/05_gene_level/adapted_variant_cache/GCST90860791/chr09_beta.npy	2598664	d624eae192870d2198f3c73ea9bfd8b5	b375fd84107d77e8be19514ff5ddcf9be814258298f8b455a5ef24e9b2622cee
analysis_update_2026_hcc_gwas/05_gene_level/adapted_variant_cache/GCST90860791/chr09_se.npy	2598664	8deca6b5ca648dd190b4e40f681b033f	9ce955892f7a7e17d7ca475db7c7260a788dc107dafbeafe51f22a5746a0021f
analysis_update_2026_hcc_gwas/05_gene_level/adapted_variant_cache/GCST90860791/chr09_eaf.npy	2598664	08c6bde2cfb3d9ec8a4ec9cf384c8907	e7741e5a4afc102f360f2e905d0a4256e0d8ba6239360f5faea48103152ffc0a
analysis_update_2026_hcc_gwas/05_gene_level/adapted_variant_cache/GCST90860791/chr09_n.npy	2598664	01bf5e3bb377feebbf5b59225962b330	c61c149803f1f46725226f882a43ec3c1ae79aa6a282032e6358f64103f79b79
analysis_update_2026_hcc_gwas/05_gene_level/adapted_variant_cache/GCST90860791/chr09_effect_token.npy	1299396	1bc9481c83bcb24b034094d53ae09936	d1298ccac4855a68c161f118498bb7d13cf60b556ef5143899a62a69a17fa6ea
analysis_update_2026_hcc_gwas/05_gene_level/adapted_variant_cache/GCST90860791/chr09_conflict.npy	324945	6a0e5368eafa940e21707e215947d1a0	c944b563a9a0f6d98565012134e4c6ef648fc0bb369a0578c8d99ea87767018c
analysis_update_2026_hcc_gwas/03_qc/frozen_map_cache/chr10_variant_keys.npy	3252616	acd7b22169fafeae34c656752baa663e	ef69f375a3160543c806b8ecd59fdfdd51bd989b593609b686fee4d3fac3ee20
analysis_update_2026_hcc_gwas/03_qc/frozen_map_cache/chr10_allele_tokens.tsv	90443	59e784489c297612df6194f5d0978d27	ad2821a35964038cb65c835bb5422faa324b936b518321d99c151b56db317ee9
analysis_update_2026_hcc_gwas/05_gene_level/adapted_variant_cache/GCST90860791/chr10_p.npy	3252616	8c9e90c01bc50f603e8f60a9ef69b2ad	b094425a32524a6401766775a9b26d383ebbfc9bd9b3bd1a9244e478dbb82875
analysis_update_2026_hcc_gwas/05_gene_level/adapted_variant_cache/GCST90860791/chr10_beta.npy	3252616	b6b5f1229365ea50a2a419b5810a8b02	b2267a5b4942c174975359a82fb5718825f3a09eb84fe8fe124e2ef41898de13
analysis_update_2026_hcc_gwas/05_gene_level/adapted_variant_cache/GCST90860791/chr10_se.npy	3252616	5ecfdea2695abda802d30d54042b20df	d5d84e60dcaf011406bb8cc7c2ed59562cdc456d6042baf0e624b79c2b88142d
analysis_update_2026_hcc_gwas/05_gene_level/adapted_variant_cache/GCST90860791/chr10_eaf.npy	3252616	fdadaaadca888af07b14369ccae73e18	76101d681e39f39c63c57d09236b2c16d4a443842a79010fd955b535699bc50a
analysis_update_2026_hcc_gwas/05_gene_level/adapted_variant_cache/GCST90860791/chr10_n.npy	3252616	19f49fa3b570102097ad27680d793995	1f7eff2a5a88492f4e13b6cba9813f57f5fa045d383afb18c929814639140e7e
analysis_update_2026_hcc_gwas/05_gene_level/adapted_variant_cache/GCST90860791/chr10_effect_token.npy	1626372	23603317522dae4421288382e5b7396a	ed71bc11fcbdd979bcde8a32d3e3e3d64930ac73ba126048f30454988ccd7067
analysis_update_2026_hcc_gwas/05_gene_level/adapted_variant_cache/GCST90860791/chr10_conflict.npy	406689	992263e452d0aac5f3e89e4b5cd2b5b5	cfa6823c5963a3dbe0e3debf1ccbde178719299647cddf37ac0857d3a2dfd0f4
analysis_update_2026_hcc_gwas/03_qc/frozen_map_cache/chr11_variant_keys.npy	3074424	988a6a2953399b761bddc4cf2d17f261	2f95fe2699e53c0d5c60907bbb0c8f02b6351d7d6320c6c1726f3e86f7bf489f
analysis_update_2026_hcc_gwas/03_qc/frozen_map_cache/chr11_allele_tokens.tsv	84624	0c957f7ff829d3223cb20f542b6b1ad5	a432e3b35ca61ce64f5a8df38eb23d65cfc8eea691d7811d71eb18dc84a3cedb
analysis_update_2026_hcc_gwas/05_gene_level/adapted_variant_cache/GCST90860791/chr11_p.npy	3074424	16f988357ab1dcc9ec83c3453d5e627e	36db360fcd71e61130f3e73b0d56eb1c705d936d97db69d259af24ce45b91c68
analysis_update_2026_hcc_gwas/05_gene_level/adapted_variant_cache/GCST90860791/chr11_beta.npy	3074424	713964912ddb2068c689f99631acc53c	e05a29fd3751bd7c0fc1d1387b812030f550f61d81552fc5371bc3c39528ecce
analysis_update_2026_hcc_gwas/05_gene_level/adapted_variant_cache/GCST90860791/chr11_se.npy	3074424	d2439bb5c5ad37af7c600b111cc5a598	4443cbe8133e2ff6ff133ed0850828ca70c9c112af7b1549244f89f2df57d7c5
analysis_update_2026_hcc_gwas/05_gene_level/adapted_variant_cache/GCST90860791/chr11_eaf.npy	3074424	a976af192170846ccfadae3190b5f082	8f3bd1dccbcd563677f33015a094159668feebd2a2a52f717a59bbb03b90426c
analysis_update_2026_hcc_gwas/05_gene_level/adapted_variant_cache/GCST90860791/chr11_n.npy	3074424	d060554f5e6030c52879fe6d3b4ba2e6	37dad2440f65318425689ccba376b2965c1601e5b8707e9df56829ba422a2951
analysis_update_2026_hcc_gwas/05_gene_level/adapted_variant_cache/GCST90860791/chr11_effect_token.npy	1537276	7fde9247e4ef5bc7f06e72cf46164bfd	f8bfa5bb46ccc361c0eb61cdde6f3786f61542663cea67f57567c89649e86850
analysis_update_2026_hcc_gwas/05_gene_level/adapted_variant_cache/GCST90860791/chr11_conflict.npy	384415	7e86f4b4a542569a8cb04fac5413029a	fe0b9c6ce6987a95489645ec3c1b60979c4614e7b01a23d74bfdb5eec1f1bbff
analysis_update_2026_hcc_gwas/03_qc/frozen_map_cache/chr12_variant_keys.npy	3061232	9b68bc0b022a933858ca38e4c93c949c	e3cd77230be7957f3f4b33604f387f50646d35907633ef9ee55f18ff0486e3c5
analysis_update_2026_hcc_gwas/03_qc/frozen_map_cache/chr12_allele_tokens.tsv	86573	9408121648a8e8edf95842d1d1b67eeb	8b8eb6cef5c227d5340cf02a364b6090a9e59ccb3fb7ea1e8c8ece0a98b9e0d6
analysis_update_2026_hcc_gwas/05_gene_level/adapted_variant_cache/GCST90860791/chr12_p.npy	3061232	62a5252801f548c56520e8cfa31442ec	7338625008626683492f1d8d9debc7e48b60bf3a4e60fe8715872d5c7dec80b5
analysis_update_2026_hcc_gwas/05_gene_level/adapted_variant_cache/GCST90860791/chr12_beta.npy	3061232	a3b76db864acb9bd63272a2315441346	6aff2fdc003280812ffed3d2bd3141056d48edf83b4671059f3d3a4da7e01bad
analysis_update_2026_hcc_gwas/05_gene_level/adapted_variant_cache/GCST90860791/chr12_se.npy	3061232	f83f5ba4c04f3ebde16f93beefb12bed	35360abdc989b9712fad63be6094842977ea5f9e500167b0ea54c9e07c4e01a8
analysis_update_2026_hcc_gwas/05_gene_level/adapted_variant_cache/GCST90860791/chr12_eaf.npy	3061232	642c1686b8a2f4dfe36b25d6bb25fe6f	1f98c3cfd467cf8aae9be447a0f2d75ed88d553fe8c8d9361e2fd4cc3db46aee
analysis_update_2026_hcc_gwas/05_gene_level/adapted_variant_cache/GCST90860791/chr12_n.npy	3061232	c12a273bacb01d66bbf156a5171d1c9a	0d8060610e1db6344db20c0fc58d9756408e0b0aea69f6ef320aa1621584a809
analysis_update_2026_hcc_gwas/05_gene_level/adapted_variant_cache/GCST90860791/chr12_effect_token.npy	1530680	0be0e702c0189e2fb9ae9b73b9944592	3c6c52d9d93fe94efb06b2571b68ddc85138d0793e55074608b4e35c2c362ac0
analysis_update_2026_hcc_gwas/05_gene_level/adapted_variant_cache/GCST90860791/chr12_conflict.npy	382766	b5b294934bda7de2ccf623d9dcb8f112	f056fb2204167541fc241daaaceef3f3fe829e9611d737adba09edf340761f61
analysis_update_2026_hcc_gwas/03_qc/frozen_map_cache/chr13_variant_keys.npy	2254904	9cf58255d7c612ce93e55d80b163312b	6f6b56fb89179548e180d8d11d59ba25f4e45f449b3fd7a1f27f8f3aa14e02e1
analysis_update_2026_hcc_gwas/03_qc/frozen_map_cache/chr13_allele_tokens.tsv	66170	75ecba414c6c057b1bb14af5b12d30aa	f9323950385445a6eb2e8890be41730b08a4c07377e95d1c4087e543efb77f6f
analysis_update_2026_hcc_gwas/05_gene_level/adapted_variant_cache/GCST90860791/chr13_p.npy	2254904	ff5ee00ec3adea4710240db2293984ef	cc7640334701123ac4b1a055c25638ef0b313dbf76c1e6c17d5e796790831be2
analysis_update_2026_hcc_gwas/05_gene_level/adapted_variant_cache/GCST90860791/chr13_beta.npy	2254904	20a3a8ae4882b996157c7d828978dd1b	0ff9468c6032b34f54c69dece4bd0575a016068e28958c20c833195849c55482
analysis_update_2026_hcc_gwas/05_gene_level/adapted_variant_cache/GCST90860791/chr13_se.npy	2254904	c05c891ad6b7067f393a979fd24f3ef9	6ce854669e0874931e9d5c3ffcd29997c968e44aa4fe55fda6186ad221b5447d
analysis_update_2026_hcc_gwas/05_gene_level/adapted_variant_cache/GCST90860791/chr13_eaf.npy	2254904	b184ec996e0d47e777f4aac9415d61ab	ffccebcbe66ee37ee9d58973c9658bfe62196547ae7b2ffc741840c85dde3fc7
analysis_update_2026_hcc_gwas/05_gene_level/adapted_variant_cache/GCST90860791/chr13_n.npy	2254904	2a464cf9226d44db981f76b37e633490	d2b0c250c171dd71bacacb0f4f1f0f363e1905f470b83997c3bbaa2b10d005aa
analysis_update_2026_hcc_gwas/05_gene_level/adapted_variant_cache/GCST90860791/chr13_effect_token.npy	1127516	2be876e26c1b96cf93445a2a2bbff1f9	785179db0ec772fd032f73f72473bf3b914753f7dcd11dbdd5b3856d7e3b7120
analysis_update_2026_hcc_gwas/05_gene_level/adapted_variant_cache/GCST90860791/chr13_conflict.npy	281975	57d7c70a429705d33c81741db52866ad	1e23a1c618c03937beffd8db6dd7e6305d939db4d21083010227d2b5626c2a8e
analysis_update_2026_hcc_gwas/03_qc/frozen_map_cache/chr14_variant_keys.npy	1972184	e119224233a864e653ecb2de2112affc	3cb9978b12090449a991f1d8ccaa75c3919ee8f6d928b2b2085064d069e264f5
analysis_update_2026_hcc_gwas/03_qc/frozen_map_cache/chr14_allele_tokens.tsv	57838	467f1dc1a814cd3c3ea06adfe879ac64	9d6956e1804284e040dedd21fa030f90fddc96f090819b276c923a41181d2e04
analysis_update_2026_hcc_gwas/05_gene_level/adapted_variant_cache/GCST90860791/chr14_p.npy	1972184	e0a8659c5c0b276c29e084d268c8d7c0	300fe3d4407a6467c6b25043be7facb6830f5679f4b163efc1dedae12654b621
analysis_update_2026_hcc_gwas/05_gene_level/adapted_variant_cache/GCST90860791/chr14_beta.npy	1972184	0288aa9e778b0f63b6d78bbb603be36f	2568ca08cbfecdd26949e16bf88967933b1765fbc42f46827dbdd0ff9fc42c28
analysis_update_2026_hcc_gwas/05_gene_level/adapted_variant_cache/GCST90860791/chr14_se.npy	1972184	5afd97cf2039a313d0ae1db2794ac231	de1a2b0baea4cafb2460dba97b5e59d7fd603ff8318a9cc706fb7817a838d055
analysis_update_2026_hcc_gwas/05_gene_level/adapted_variant_cache/GCST90860791/chr14_eaf.npy	1972184	cfa10234380bd5db5060a27af49da799	0565afe49fda8cbfff4276af4a53220f8e006ba4cdbb936f563ead01428ca190
analysis_update_2026_hcc_gwas/05_gene_level/adapted_variant_cache/GCST90860791/chr14_n.npy	1972184	5941ed3f32de551f79db06e424d9ccd1	a490d22a3eb13bee750e81723db92a2bd9f4f91198c08d9bf15b618384085e4a
analysis_update_2026_hcc_gwas/05_gene_level/adapted_variant_cache/GCST90860791/chr14_effect_token.npy	986156	bed92155afa6d5c99e439746d113c83e	79cb7eef23b4654918d4a53c3e3f684aafeb94723eda11f3090e17806b158675
analysis_update_2026_hcc_gwas/05_gene_level/adapted_variant_cache/GCST90860791/chr14_conflict.npy	246635	621d0eb9590fad6b8f3f01b290daaf20	bae16eec25d01761592ef2d47c5c5b52800b946b01d2a2f002fdb46199fab847
analysis_update_2026_hcc_gwas/03_qc/frozen_map_cache/chr15_variant_keys.npy	1750824	8d3e4a3c5d819d9b3615642ae6612cae	e1f0872337e065a73d31f780d4cc8bb924f86afec2ad2a75aa2a72729a9d7096
analysis_update_2026_hcc_gwas/03_qc/frozen_map_cache/chr15_allele_tokens.tsv	52803	2ee9d4b2d385c1c411d6883ecf29f3cb	12ee96e8f6fc5c14e5a2afd75e0b2a6f8401b62efdd7ad4baa982093e7078f29
analysis_update_2026_hcc_gwas/05_gene_level/adapted_variant_cache/GCST90860791/chr15_p.npy	1750824	cf8df834841e5e5e9e12d3cf0e5f32ef	8f462cfb23e30a8586eea5dea9296534128aade7b6f23e6b5849b5fddabd5be1
analysis_update_2026_hcc_gwas/05_gene_level/adapted_variant_cache/GCST90860791/chr15_beta.npy	1750824	d08511215b9c4a9f85ac1bc1945b1655	25961044274f6fb7d860262be5b267594dc35e454865ed9be62c897316d2f3c9
analysis_update_2026_hcc_gwas/05_gene_level/adapted_variant_cache/GCST90860791/chr15_se.npy	1750824	d596c7aa4416afae67da0e9d34a71026	e3ba295a2a9c0552c4a64bf8d3120478a1c49148f288943e5c551a8c1687cb80
analysis_update_2026_hcc_gwas/05_gene_level/adapted_variant_cache/GCST90860791/chr15_eaf.npy	1750824	114a8bfc0445948dcaa0df5c67f36d23	92d9ec2745f6c32f1898a32a250e8d3d25808c31710d163609cbb1ebbe28f33a
analysis_update_2026_hcc_gwas/05_gene_level/adapted_variant_cache/GCST90860791/chr15_n.npy	1750824	ec71b8415adc478ce6bece8674105a43	180c1178fb02517777f9afaf01ae508caa08c98523a7a290de2287fa8e430d83
analysis_update_2026_hcc_gwas/05_gene_level/adapted_variant_cache/GCST90860791/chr15_effect_token.npy	875476	df3ebe5c095f2e44ea73091a8128b554	867db5f1fe5dae225caaf5ed08a01f08d780ab36f7875d9f12b3067486494445
analysis_update_2026_hcc_gwas/05_gene_level/adapted_variant_cache/GCST90860791/chr15_conflict.npy	218965	946625d7174cb8e2a4a4e45072022c1d	c6347449dbb1ca27747976076a3e5bbd814f4c29e420057d1813d91d0186dd0e
analysis_update_2026_hcc_gwas/03_qc/frozen_map_cache/chr16_variant_keys.npy	1694696	9eb164f8f458748b2ff4a109060db274	4c0ac3190c6e6c9ac835e00e56c7338a60a34d5cf940ce45d31b359ab37566a4
analysis_update_2026_hcc_gwas/03_qc/frozen_map_cache/chr16_allele_tokens.tsv	48492	3df78e6dbe0456a44c7f48d2ab0f2f4f	d3525aa6b54f06b7f7739b6a7effd899beefca934806553a2ab87e798a2cd987
analysis_update_2026_hcc_gwas/05_gene_level/adapted_variant_cache/GCST90860791/chr16_p.npy	1694696	3fc7defdc5c95f4a41cd8ea46567fa8f	40e7717ba122edd28989195da76c3c86050339d05bb4d08aac5a1a23a95606b9
analysis_update_2026_hcc_gwas/05_gene_level/adapted_variant_cache/GCST90860791/chr16_beta.npy	1694696	75387804b775fcf7e1509aed356c224e	d8c50542c3ddd8a53756fbf4f096efc8a4ea4a3dc989aaa49a53396cb04d75d3
analysis_update_2026_hcc_gwas/05_gene_level/adapted_variant_cache/GCST90860791/chr16_se.npy	1694696	ad94cfa9d2bf4e61ed796f19257791ad	7d14479d37e43dd0b7144d681672af9257762464218b390b43edf7a6c7b9b970
analysis_update_2026_hcc_gwas/05_gene_level/adapted_variant_cache/GCST90860791/chr16_eaf.npy	1694696	b2ab853184f51c68ef5d31a5a6ea9ab5	216d5f3b8701fc26b4e90a756faeee0f1b791a0234586b43f9e22e7e503f1676
analysis_update_2026_hcc_gwas/05_gene_level/adapted_variant_cache/GCST90860791/chr16_n.npy	1694696	5d2c26a00a11e3952e4d923c759d5916	7bd71214ab77b8939f307c537812fd3ba1cb94df398df6c7688e268d1e73e8e2
analysis_update_2026_hcc_gwas/05_gene_level/adapted_variant_cache/GCST90860791/chr16_effect_token.npy	847412	32b458c2425551c7d2d6320e232df70e	46306be333fc0afb817ba0890f9620aaff659e6553447952e75bcfc94b7a3450
analysis_update_2026_hcc_gwas/05_gene_level/adapted_variant_cache/GCST90860791/chr16_conflict.npy	211949	362660e49758372e88c0c19726e6794e	ae1fb7faf293c5412aface895d0a6adac0e05eb08f57ae4147bf1cd4e5ed6490
analysis_update_2026_hcc_gwas/03_qc/frozen_map_cache/chr17_variant_keys.npy	1414952	84e5d79000ff9ec5585ccc50fd83ed25	faaa6bdb971f1969e23d0d78439e83eb43e1fce8cb09cc8ccbac6ff2e8e82667
analysis_update_2026_hcc_gwas/03_qc/frozen_map_cache/chr17_allele_tokens.tsv	48035	b858f945e67fa3b94a8d318565730950	b709d50f0e742c0ea8f8b6037bcf247eb445bf98621ddeaccc90b98f723cc080
analysis_update_2026_hcc_gwas/05_gene_level/adapted_variant_cache/GCST90860791/chr17_p.npy	1414952	b6d39d0ac08d5ca3be7f9e36266a4b00	3c6d77bd247e3c3905ddbbc47db9d5091b84dca908994fc790176297808c1edc
analysis_update_2026_hcc_gwas/05_gene_level/adapted_variant_cache/GCST90860791/chr17_beta.npy	1414952	247fd4a15a883479bd15f1d186a6f881	70622f75ba5564b316bb7aaaa94ebc5ace7834f734b8629b977cb390e193d553
analysis_update_2026_hcc_gwas/05_gene_level/adapted_variant_cache/GCST90860791/chr17_se.npy	1414952	bd2a1068968c1aed3680a194584b9778	f3b0e4d2dc80c2e6e57b1aea8878d488182ddb2e22a0f1ddffc326272e62b3bd
analysis_update_2026_hcc_gwas/05_gene_level/adapted_variant_cache/GCST90860791/chr17_eaf.npy	1414952	b61bd01651873aa3ef2b45671bbf0a7a	ca8e895ee283259ace84c05eb3229cf80fb11bf97a9d06b226ae3430df6ad2ff
analysis_update_2026_hcc_gwas/05_gene_level/adapted_variant_cache/GCST90860791/chr17_n.npy	1414952	de584757e23a098d98d6f6aa87ef2e62	b3ff2b2b5eac503a61419eb6e66ab6af858c273e8a20dca8dcfdfe2d0eee6d3d
analysis_update_2026_hcc_gwas/05_gene_level/adapted_variant_cache/GCST90860791/chr17_effect_token.npy	707540	afef96409ff7c82d3de742bee1f68730	1c59b383350077bb27b092415d544770f06c8c544463e7ac553548889dd89159
analysis_update_2026_hcc_gwas/05_gene_level/adapted_variant_cache/GCST90860791/chr17_conflict.npy	176981	573ab641328cf06e4fdb1394ce4ca366	b9c25a18d8665e43e431ab5a4be34470ef9ef2a96b75a0783f880a0f1f6cdc58
analysis_update_2026_hcc_gwas/03_qc/frozen_map_cache/chr18_variant_keys.npy	1784752	e854e0c68572cbe83baaa480bc5f9187	015687fc0b76909e3dde6ece6ebd70c320ef80dbb0e57dd89c6580539986f833
analysis_update_2026_hcc_gwas/03_qc/frozen_map_cache/chr18_allele_tokens.tsv	52017	d34be4792eaf6faf4792c6818ee7d52e	588171b89fcab00cb12c3cec1862a17c484a9e49ce66748394ff8070f8e0cb79
analysis_update_2026_hcc_gwas/05_gene_level/adapted_variant_cache/GCST90860791/chr18_p.npy	1784752	6e07cda4dc074b22fc8ed4ecfc799618	e37404b0af5de359006fbf793388031d8ee8357a4e945f1760dbc82d0230a636
analysis_update_2026_hcc_gwas/05_gene_level/adapted_variant_cache/GCST90860791/chr18_beta.npy	1784752	ceb1f521f922a5b33732f58fc6e3b5a5	9c579238af489cae11db8e3380cdd25e52b4de96a94129331ce4bf8bc61c8aa2
analysis_update_2026_hcc_gwas/05_gene_level/adapted_variant_cache/GCST90860791/chr18_se.npy	1784752	efeefb8b11b7e8722494147dee1e2d65	4d4098e63eabbd9c8e3488701d9e412d1a3341be65ca3d456dfd77e7ad187a13
analysis_update_2026_hcc_gwas/05_gene_level/adapted_variant_cache/GCST90860791/chr18_eaf.npy	1784752	ec475d4df0d32573436de873b38f1920	c3878fae9e3c2ac931483d0640c82f7dceea9e451151380e7841490fa2aed785
analysis_update_2026_hcc_gwas/05_gene_level/adapted_variant_cache/GCST90860791/chr18_n.npy	1784752	4d809bdf3dc5800cc61618829e060014	87a2406d74cc45a360bd028da38186da2925581b067dff3310243a4eb5438e0d
analysis_update_2026_hcc_gwas/05_gene_level/adapted_variant_cache/GCST90860791/chr18_effect_token.npy	892440	7656182a3cebfef1189b133181a2bb82	0182790db794e9c0f603a5dbacfec238dcae10927c306aa495eea004e7f7b997
analysis_update_2026_hcc_gwas/05_gene_level/adapted_variant_cache/GCST90860791/chr18_conflict.npy	223206	8dbeebf901e144f063c8ea4e862e9c45	c0ca414decc29ce05de25e4011cfed3e269a9e5a5079ef225cc6adc251bb1bec
analysis_update_2026_hcc_gwas/03_qc/frozen_map_cache/chr19_variant_keys.npy	923072	d1b5cd9e7c8375c7b7544709fb4520c5	609c7b3fe969c4987e591e0a12c5db23700a5646ec384d74b834c0c8b420a641
analysis_update_2026_hcc_gwas/03_qc/frozen_map_cache/chr19_allele_tokens.tsv	34264	0d7be90b5c5b8e0d09b2fb9fcef3f30a	3c67c7b04f55daf6b8b1155c21488436c5a98ec38624d521fc923d8570448bbb
analysis_update_2026_hcc_gwas/05_gene_level/adapted_variant_cache/GCST90860791/chr19_p.npy	923072	700eaf3a797134290d84fe66bde66019	253b067742d0c0da01a27970e5c6f7bba9fb7202ea13986fa92207a2f71df2a0
analysis_update_2026_hcc_gwas/05_gene_level/adapted_variant_cache/GCST90860791/chr19_beta.npy	923072	b2c4ea0bca9b9c0ee7c4bfaf7d48814d	a40dad4d709b3ba2d5798147ea4bf1ce0e2a9006d16e93ade9293c19c5ad4bc0
analysis_update_2026_hcc_gwas/05_gene_level/adapted_variant_cache/GCST90860791/chr19_se.npy	923072	4f5462487ca28f2b4556b0f2b7af6afe	5bfab1b2756dc7a7fffec8b8f9b78a3b9d52f1145afd7034f4fed66da4d68a83
analysis_update_2026_hcc_gwas/05_gene_level/adapted_variant_cache/GCST90860791/chr19_eaf.npy	923072	0119aed8b31c1b2a8512fe570b1968ec	4f8a63df247fd418814cc422e5514e3331b3ddf96368292627b82f423b924d01
analysis_update_2026_hcc_gwas/05_gene_level/adapted_variant_cache/GCST90860791/chr19_n.npy	923072	ebfc4600775b0f6ec5ac993be47bb9c3	b8b5ebd7da0db27348dd5c6b9d27debc4734aff1c31a188699936ce3ba5d9087
analysis_update_2026_hcc_gwas/05_gene_level/adapted_variant_cache/GCST90860791/chr19_effect_token.npy	461600	4bedf56d893ddf1ab79d58155e49c9f1	065756a6c23dd7617927d9548f4f7d0810402b43b6888416d74e052bd698f2be
analysis_update_2026_hcc_gwas/05_gene_level/adapted_variant_cache/GCST90860791/chr19_conflict.npy	115496	03657da6c27c6d6f2a688a9efeaddb6a	a54cefe006e11e503169e1ca1d3f59fcb84931ee1c52aeb201375665f1676c39
analysis_update_2026_hcc_gwas/03_qc/frozen_map_cache/chr20_variant_keys.npy	1355312	dcdabfd5f0f2b0f695f35d01c49afff5	4a216e25915f6c1294f9c6b199e102f392165283b5d2bfd862d728c461db967d
analysis_update_2026_hcc_gwas/03_qc/frozen_map_cache/chr20_allele_tokens.tsv	44706	e6725848d2d0fc926e23002e83eb01f2	b34f739fce004638ce3aefe78cbf6345bd5d9e8c3428acacfe70876597003cf7
analysis_update_2026_hcc_gwas/05_gene_level/adapted_variant_cache/GCST90860791/chr20_p.npy	1355312	1c02831dafa2083eda5eecf91d3b83d6	1d6e707d2a494b3abd41879ee78b46682d72415f62e8baa0b60d736fe3193abe
analysis_update_2026_hcc_gwas/05_gene_level/adapted_variant_cache/GCST90860791/chr20_beta.npy	1355312	5ceb668f35c5fad8dbf3abcfa4318e63	b3fe107f16d1533a48fd47dc4eac19b93c1733635d62f32992f9f1b24b2fcaea
analysis_update_2026_hcc_gwas/05_gene_level/adapted_variant_cache/GCST90860791/chr20_se.npy	1355312	9eb45f99015d755c9f5180fb6aa80015	88829b45d5fc3ca11601c0ebcd4ab8213272502c19c49777a1786d81c4ccad17
analysis_update_2026_hcc_gwas/05_gene_level/adapted_variant_cache/GCST90860791/chr20_eaf.npy	1355312	64c2b1b6d37a1c13aae0fe5537b2b89c	aaa6e600265ecb1001923f7ee1eeff359382c660a983f8e3a9ffd717cf7df10c
analysis_update_2026_hcc_gwas/05_gene_level/adapted_variant_cache/GCST90860791/chr20_n.npy	1355312	f8a8ce66374289144b4ee5b050dacab3	87a49b9fe21c262d1eb5ab38e1a72f190e878224f1298e0c30abdc580707311f
analysis_update_2026_hcc_gwas/05_gene_level/adapted_variant_cache/GCST90860791/chr20_effect_token.npy	677720	4b1c976f962980e75da1b88f2e9779c8	f0f9c9b5997c03b642cb5b8de39b0bbfe33e00ec3679a53b8a6b59febd2f3611
analysis_update_2026_hcc_gwas/05_gene_level/adapted_variant_cache/GCST90860791/chr20_conflict.npy	169526	57b092c12eb38b5cfa342ee34d7d46fd	a7193b35b25102b47128b6ae19c9744f4f5fccc2e5c7571036fedf90490d4397
analysis_update_2026_hcc_gwas/03_qc/frozen_map_cache/chr21_variant_keys.npy	845432	b0701ee883c5ad83bb0a3c5cf435e692	a1dbfee5ee8c401cac666b6cc8d58dec11f8f92ec478e15e64d315d63e3fc88f
analysis_update_2026_hcc_gwas/03_qc/frozen_map_cache/chr21_allele_tokens.tsv	29780	4cfae3ce35a4dac1a31b1b9dd1aa1663	64a38df1ad674785825ce6031183b5a6e670adcb17b3f9fd36e70e617bc8db67
analysis_update_2026_hcc_gwas/05_gene_level/adapted_variant_cache/GCST90860791/chr21_p.npy	845432	c45786d83ca7c4ddc97a7061042327bb	9ec01364f10a726bf512da991a05664f64481aa921f23169286c2368b141dd16
analysis_update_2026_hcc_gwas/05_gene_level/adapted_variant_cache/GCST90860791/chr21_beta.npy	845432	2189369dffc618a18a7d1a6a131b446f	138acdbb4536ad1443d7ed71168a8d58421567ff203734826311c7ae00fce0c5
analysis_update_2026_hcc_gwas/05_gene_level/adapted_variant_cache/GCST90860791/chr21_se.npy	845432	1553275f6c7fb1e033c2f3a2d793b7cd	3a8298debe0649a0a0f1fe1ec30e65cabaee3fe60ed19d6ac1ee837da3275238
analysis_update_2026_hcc_gwas/05_gene_level/adapted_variant_cache/GCST90860791/chr21_eaf.npy	845432	2e9c8d5fa2d61e016c3c1fdd5ff0ffd4	e8a27ee143b231fe77a3974cbe4acb1f0cf939a35d827f6f2810cfdca8e3719b
analysis_update_2026_hcc_gwas/05_gene_level/adapted_variant_cache/GCST90860791/chr21_n.npy	845432	3d6c27731e90cfc843250468e2053345	642fcb0493e2d517e9276a4e0949b1c6e83ad0e190e7e80078cc2d5f44253b43
analysis_update_2026_hcc_gwas/05_gene_level/adapted_variant_cache/GCST90860791/chr21_effect_token.npy	422780	a826ca9bc619706e5c2489c0d9d401a0	e6e1fc3f6e7ea90e84ebdb8ce30c93acf14025213e63db7692dcc25e0bd3c48d
analysis_update_2026_hcc_gwas/05_gene_level/adapted_variant_cache/GCST90860791/chr21_conflict.npy	105791	86de2acc4f02e7f9eff558f95b039d25	de3500c06bbd8952fcbe653fc1707d9dce396f0006792be0d8da67a85a6344fb
analysis_update_2026_hcc_gwas/03_qc/frozen_map_cache/chr22_variant_keys.npy	747816	dddfcc3417c9730356f6f0a1883cb8d6	a04b633c741fec245fabd6c96691050edad088b7bc65897e27910f418154e574
analysis_update_2026_hcc_gwas/03_qc/frozen_map_cache/chr22_allele_tokens.tsv	32642	0c72c62f7b288fd75d4300f807329a47	49f4809f8ca4c09894c10b55ef71da64e27778383505df4d692e0cf6ebca8b5e
analysis_update_2026_hcc_gwas/05_gene_level/adapted_variant_cache/GCST90860791/chr22_p.npy	747816	4ded44e2c2551d2fce2738273aba628d	75c6e06387f355f3bb4b00b66020270c700ca6583f8f2dcd52f76301e27b7701
analysis_update_2026_hcc_gwas/05_gene_level/adapted_variant_cache/GCST90860791/chr22_beta.npy	747816	81bc608265cfe12464452481a585b025	65bf1dc87e73666ca3293b297b41301aa2262ac8acd64729856d71fc845caebc
analysis_update_2026_hcc_gwas/05_gene_level/adapted_variant_cache/GCST90860791/chr22_se.npy	747816	8a4df403ebe081d47c5edda5f71bebba	a3b3e62cffd839727963b3891a445c8aa9d566605f06cb5cc840a7aac4e37bc1
analysis_update_2026_hcc_gwas/05_gene_level/adapted_variant_cache/GCST90860791/chr22_eaf.npy	747816	2e09d86eb055db92ff28127aeefbf90b	79bed02e23b8f909136a9bcbfc518a6045e1f693376e886c46dd27d0d8374db9
analysis_update_2026_hcc_gwas/05_gene_level/adapted_variant_cache/GCST90860791/chr22_n.npy	747816	a868f8130dd4ef3dcd15ef983ad5fa58	aca1afb8c4ac98c40283ef60ebc2006419106ba9af28d6e5295878cb02cb226d
analysis_update_2026_hcc_gwas/05_gene_level/adapted_variant_cache/GCST90860791/chr22_effect_token.npy	373972	ec30f42df9b44b76df0743854c76450a	a820d88a2fd031f301982b70ad583a43476f0a7fbca4441e904f75a85b07dc76
analysis_update_2026_hcc_gwas/05_gene_level/adapted_variant_cache/GCST90860791/chr22_conflict.npy	93589	a4d8d9d72b6cf3734234dfb2613f2ddf	12a479161020073171ea44230233f2368864a25057e3629f141568726a291ce4
