gene_symbol	ensg	seed_gene	alias	seed_role	ABCD_class	evidence_basis	lead_variant_or_locus	locus_definability	used_for_discovery	used_for_locus_masking	claim_ceiling_if_seed	citation_note	source_trait	source_module	source_locus	source_ancestry	source_evidence_type	known_coding_variant	mechanism_note	support_strength	gene_specificity	primary_reference_status	provenance_source	primary_reference	PMID_or_DOI	why_seed	why_not_validation_set	caveat
ABO	ENSG00000281879	True		axis_anchor	O_other_liver_prior	liver_disease_GWAS		undefined	False	False	genetic-only		ALP	hepatocellular_injury	9q34.2	EUR+EAS	GWAS_locus		Blood group; ALP level	moderate	locus-level	citation locked; evidence specificity retained	archived source registry plus locked primary-reference mapping	Chambers et al. Genome-wide association study identifies loci influencing concentrations of liver enzymes in plasma. Nat Genet. 2011.	PMID:22001757; DOI:10.1038/ng.970	Pre-specified liver-trait association locus used to calibrate disease-axis interpretation.	Pre-specified prior-reference object excluded from discovery; it is not a homogeneous therapeutically established gene or recovery benchmark.	Association is locus-level and does not establish this gene as the causal effector.
ADH1B	ENSG00000196616	True		axis_anchor	O_other_liver_prior	liver_disease_GWAS		undefined	False	False	genetic-only		NAFLD/MASLD	metabolic_steatotic	4q23	EUR+EAS	GWAS_locus+coding		Alcohol metabolism; liver fat interaction	moderate	locus-level	citation locked; evidence specificity retained	archived source registry plus locked primary-reference mapping	Chen et al. Genome-wide association meta-analysis identifies 17 loci associated with nonalcoholic fatty liver disease. Nat Genet. 2023.	PMID:37709864; DOI:10.1038/s41588-023-01497-6	Pre-specified liver-trait association locus used to calibrate disease-axis interpretation.	Pre-specified prior-reference object excluded from discovery; it is not a homogeneous therapeutically established gene or recovery benchmark.	Association is locus-level and does not establish this gene as the causal effector.
ALB	ENSG00000163631	True		expression_background	C	hepatocyte_abundance		undefined	False	False	expression-background		multiple	hepatocellular_injury	4q13.3	EUR+EAS	expression		Hepatocyte identity; g/L plasma; NOT a target	background-reference	expression-background	citation locked; evidence specificity retained	archived source registry plus locked primary-reference mapping	Uhlen et al. Tissue-based map of the human proteome. Science. 2015.	PMID:25613900; DOI:10.1126/science.1260419	High-abundance liver or plasma-protein reference used to detect expression-background interpretations.	Pre-specified prior-reference object excluded from discovery; it is not a homogeneous therapeutically established gene or recovery benchmark.	Reference status reflects liver-expression abundance, not disease causality or target validity.
APOB	ENSG00000084674	True		expression_background	C	hepatocyte_abundance		undefined	False	False	expression-background		multiple	metabolic_steatotic	2p24.1	EUR	expression		LDL/VLDL carrier; NOT a target	background-reference	expression-background	citation locked; evidence specificity retained	archived source registry plus locked primary-reference mapping	Uhlen et al. Tissue-based map of the human proteome. Science. 2015.	PMID:25613900; DOI:10.1126/science.1260419	High-abundance liver or plasma-protein reference used to detect expression-background interpretations.	Pre-specified prior-reference object excluded from discovery; it is not a homogeneous therapeutically established gene or recovery benchmark.	Reference status reflects liver-expression abundance, not disease causality or target validity.
APOE	ENSG00000130203	True		expression_background	C	hepatocyte_abundance		undefined	False	False	expression-background		NAFLD/MASLD	metabolic_steatotic	19q13.32	EUR+EAS	GWAS_locus+coding	rs429358 ε4/ε2	Lipoprotein metabolism; liver fat	background-reference	expression-background	citation locked; evidence specificity retained	archived source registry plus locked primary-reference mapping	Uhlen et al. Tissue-based map of the human proteome. Science. 2015.	PMID:25613900; DOI:10.1126/science.1260419	High-abundance liver or plasma-protein reference used to detect expression-background interpretations.	Pre-specified prior-reference object excluded from discovery; it is not a homogeneous therapeutically established gene or recovery benchmark.	Reference status reflects liver-expression abundance, not disease causality or target validity.
ASGR1	ENSG00000141505	True		axis_anchor	O_other_liver_prior	liver_disease_GWAS		undefined	False	False	genetic-only		ALP	hepatocellular_injury	17p13.1	EUR	GWAS_locus+coding	del12 splice	Asialoglycoprotein receptor; ALP GWAS	strong	gene-specific coding	citation locked; evidence specificity retained	archived source registry plus locked primary-reference mapping	Chambers et al. Genome-wide association study identifies loci influencing concentrations of liver enzymes in plasma. Nat Genet. 2011.	PMID:22001757; DOI:10.1038/ng.970	Pre-specified liver-trait association locus used to calibrate disease-axis interpretation.	Pre-specified prior-reference object excluded from discovery; it is not a homogeneous therapeutically established gene or recovery benchmark.	Coding evidence supports gene assignment; therapeutic direction and safety still require independent validation.
BCL2L11	ENSG00000153094	True		axis_anchor	O_other_liver_prior	liver_disease_GWAS		undefined	False	False	genetic-only		PSC	cholestatic_autoimmune	2q13	EUR	GWAS_locus		BIM; apoptosis regulation	moderate	locus-level	citation locked; evidence specificity retained	archived source registry plus locked primary-reference mapping	Melum et al. Genome-wide association analysis in primary sclerosing cholangitis identifies two non-HLA susceptibility loci. Nat Genet. 2011.	PMID:21151127; DOI:10.1038/ng.728	Pre-specified liver-trait association locus used to calibrate disease-axis interpretation.	Pre-specified prior-reference object excluded from discovery; it is not a homogeneous therapeutically established gene or recovery benchmark.	Association is locus-level and does not establish this gene as the causal effector.
C3	ENSG00000125730	True		expression_background	C	hepatocyte_abundance		undefined	False	False	expression-background		multiple	hepatocellular_injury	19p13.3	EUR	expression		Complement; acute phase; NOT a target	background-reference	expression-background	citation locked; evidence specificity retained	archived source registry plus locked primary-reference mapping	Uhlen et al. Tissue-based map of the human proteome. Science. 2015.	PMID:25613900; DOI:10.1126/science.1260419	High-abundance liver or plasma-protein reference used to detect expression-background interpretations.	Pre-specified prior-reference object excluded from discovery; it is not a homogeneous therapeutically established gene or recovery benchmark.	Reference status reflects liver-expression abundance, not disease causality or target validity.
CCR6	ENSG00000112486	True		etiology_anchor	B	viral_etiology_or_immune		undefined	False	False	etiology/immune		PBC	cholestatic_autoimmune	6q27	EUR	GWAS_locus		TH17 migration	moderate	locus-level	citation locked; evidence specificity retained	archived source registry plus locked primary-reference mapping	Cordell et al. An international genome-wide meta-analysis of primary biliary cholangitis: novel risk loci and candidate drugs. J Hepatol. 2021.	PMID:34033851; DOI:10.1016/j.jhep.2021.04.055	Pre-specified immune, viral, or autoimmune liver-disease locus used to calibrate etiology-oriented interpretation.	Pre-specified prior-reference object excluded from discovery; it is not a homogeneous therapeutically established gene or recovery benchmark.	Association is locus-level and does not establish this gene as the causal effector.
CD226	ENSG00000150637	True		etiology_anchor	B	viral_etiology_or_immune		undefined	False	False	etiology/immune		PBC	cholestatic_autoimmune	18q22.2	EUR	GWAS_locus		T/NK cell co-stimulation	moderate	locus-level	citation locked; evidence specificity retained	archived source registry plus locked primary-reference mapping	Cordell et al. An international genome-wide meta-analysis of primary biliary cholangitis: novel risk loci and candidate drugs. J Hepatol. 2021.	PMID:34033851; DOI:10.1016/j.jhep.2021.04.055	Pre-specified immune, viral, or autoimmune liver-disease locus used to calibrate etiology-oriented interpretation.	Pre-specified prior-reference object excluded from discovery; it is not a homogeneous therapeutically established gene or recovery benchmark.	Association is locus-level and does not establish this gene as the causal effector.
EFHD1	ENSG00000115468	True		axis_anchor	O_other_liver_prior	liver_disease_GWAS		undefined	False	False	genetic-only		ALP	hepatocellular_injury	2q37.1	EUR	GWAS_locus		ALP-associated	moderate	locus-level	citation locked; evidence specificity retained	archived source registry plus locked primary-reference mapping	Chambers et al. Genome-wide association study identifies loci influencing concentrations of liver enzymes in plasma. Nat Genet. 2011.	PMID:22001757; DOI:10.1038/ng.970	Pre-specified liver-trait association locus used to calibrate disease-axis interpretation.	Pre-specified prior-reference object excluded from discovery; it is not a homogeneous therapeutically established gene or recovery benchmark.	Association is locus-level and does not establish this gene as the causal effector.
EHMT2	ENSG00000238134	True		axis_anchor	O_other_liver_prior	liver_disease_GWAS		undefined	False	False	genetic-only		chronic HBV	immune_viral	6p21.33	EAS	GWAS_locus		Korean GWAS; independent from HLA-DP/DQ	moderate	locus-level	citation locked; evidence specificity retained	archived source registry plus locked primary-reference mapping	Kim et al. A genome-wide association study identified new variants associated with the risk of chronic hepatitis B. Hum Mol Genet. 2013.	PMID:23760081	Pre-specified liver-trait association locus used to calibrate disease-axis interpretation.	Pre-specified prior-reference object excluded from discovery; it is not a homogeneous therapeutically established gene or recovery benchmark.	Association is locus-level and does not establish this gene as the causal effector.
FADS1	ENSG00000149485	True		axis_anchor	O_other_liver_prior	liver_disease_GWAS		undefined	False	False	genetic-only		ALT/GGT	hepatocellular_injury	11q12.2	EUR	GWAS_locus		Fatty acid desaturase; lipid-liver interface	moderate	locus-level	citation locked; evidence specificity retained	archived source registry plus locked primary-reference mapping	Chambers et al. Genome-wide association study identifies loci influencing concentrations of liver enzymes in plasma. Nat Genet. 2011.	PMID:22001757; DOI:10.1038/ng.970	Pre-specified liver-trait association locus used to calibrate disease-axis interpretation.	Pre-specified prior-reference object excluded from discovery; it is not a homogeneous therapeutically established gene or recovery benchmark.	Association is locus-level and does not establish this gene as the causal effector.
FCRL3	ENSG00000160856	True		etiology_anchor	B	viral_etiology_or_immune		undefined	False	False	etiology/immune		PBC	cholestatic_autoimmune	1q23.1	EUR	GWAS_locus		B-cell regulation	moderate	locus-level	citation locked; evidence specificity retained	archived source registry plus locked primary-reference mapping	Cordell et al. An international genome-wide meta-analysis of primary biliary cholangitis: novel risk loci and candidate drugs. J Hepatol. 2021.	PMID:34033851; DOI:10.1016/j.jhep.2021.04.055	Pre-specified immune, viral, or autoimmune liver-disease locus used to calibrate etiology-oriented interpretation.	Pre-specified prior-reference object excluded from discovery; it is not a homogeneous therapeutically established gene or recovery benchmark.	Association is locus-level and does not establish this gene as the causal effector.
FGA	ENSG00000171560	True		expression_background	C	hepatocyte_abundance		undefined	False	False	expression-background		multiple	hepatocellular_injury	4q31.3	EUR	expression		Fibrinogen; NOT a target	background-reference	expression-background	citation locked; evidence specificity retained	archived source registry plus locked primary-reference mapping	Uhlen et al. Tissue-based map of the human proteome. Science. 2015.	PMID:25613900; DOI:10.1126/science.1260419	High-abundance liver or plasma-protein reference used to detect expression-background interpretations.	Pre-specified prior-reference object excluded from discovery; it is not a homogeneous therapeutically established gene or recovery benchmark.	Reference status reflects liver-expression abundance, not disease causality or target validity.
FGB	ENSG00000171564	True		expression_background	C	hepatocyte_abundance		undefined	False	False	expression-background		multiple	hepatocellular_injury	4q31.3	EUR	expression		Fibrinogen; NOT a target	background-reference	expression-background	citation locked; evidence specificity retained	archived source registry plus locked primary-reference mapping	Uhlen et al. Tissue-based map of the human proteome. Science. 2015.	PMID:25613900; DOI:10.1126/science.1260419	High-abundance liver or plasma-protein reference used to detect expression-background interpretations.	Pre-specified prior-reference object excluded from discovery; it is not a homogeneous therapeutically established gene or recovery benchmark.	Reference status reflects liver-expression abundance, not disease causality or target validity.
FGG	ENSG00000171557	True		expression_background	C	hepatocyte_abundance		undefined	False	False	expression-background		multiple	hepatocellular_injury	4q31.3	EUR	expression		Fibrinogen; NOT a target	background-reference	expression-background	citation locked; evidence specificity retained	archived source registry plus locked primary-reference mapping	Uhlen et al. Tissue-based map of the human proteome. Science. 2015.	PMID:25613900; DOI:10.1126/science.1260419	High-abundance liver or plasma-protein reference used to detect expression-background interpretations.	Pre-specified prior-reference object excluded from discovery; it is not a homogeneous therapeutically established gene or recovery benchmark.	Reference status reflects liver-expression abundance, not disease causality or target validity.
FTO	ENSG00000140718	True		axis_anchor	O_other_liver_prior	liver_disease_GWAS		undefined	False	False	genetic-only		NAFLD/MASLD	metabolic_steatotic	16q12.2	EUR	GWAS_locus		Obesity-related; may be confounded by BMI	moderate	locus-level	citation locked; evidence specificity retained	archived source registry plus locked primary-reference mapping	Chen et al. Genome-wide association meta-analysis identifies 17 loci associated with nonalcoholic fatty liver disease. Nat Genet. 2023.	PMID:37709864; DOI:10.1038/s41588-023-01497-6	Pre-specified liver-trait association locus used to calibrate disease-axis interpretation.	Pre-specified prior-reference object excluded from discovery; it is not a homogeneous therapeutically established gene or recovery benchmark.	Association is locus-level and does not establish this gene as the causal effector.
GCKR	ENSG00000084734	True		axis_anchor	A_liver_axis_related	liver_disease_GWAS		GWAS-locus-defined	False	False	genetic-only		ALT;MRI-PDFF;NAFLD/MASLD	hepatocellular_injury; metabolic_steatotic	2p23.3	EUR+EAS; EUR;EUR+EAS	GWAS_locus+coding	rs1260326 P446L	Pazoki 2021; top ALT/GGT locus; Increased DNL via GCK regulation	strong	gene-specific coding	citation locked; evidence specificity retained	archived source registry plus locked primary-reference mapping	Anstee et al. Genome-wide association study of non-alcoholic fatty liver and steatohepatitis in a histologically characterised cohort. J Hepatol. 2020.	PMID:32298765; DOI:10.1016/j.jhep.2020.04.003	Pre-specified liver-trait association locus used to calibrate disease-axis interpretation.	Pre-specified prior-reference object excluded from discovery; it is not a homogeneous therapeutically established gene or recovery benchmark.	Coding evidence supports gene assignment; therapeutic direction and safety still require independent validation.
GPAM	ENSG00000119927	True		axis_anchor	A_liver_axis_related	liver_disease_GWAS		undefined	False	False	genetic-only		ALT;NAFLD/MASLD;cirrhosis	fibrotic_cirrhotic; hepatocellular_injury; metabolic_steatotic	10q25.2	EUR	GWAS_locus		ALT endophenotype; novel ALT locus; Glycerol-3-phosphate acyltransferase; TG synthesis	moderate	locus-level	citation locked; evidence specificity retained	archived source registry plus locked primary-reference mapping	Chen et al. Genome-wide association meta-analysis identifies 17 loci associated with nonalcoholic fatty liver disease. Nat Genet. 2023.	PMID:37709864; DOI:10.1038/s41588-023-01497-6	Pre-specified liver-trait association locus used to calibrate disease-axis interpretation.	Pre-specified prior-reference object excluded from discovery; it is not a homogeneous therapeutically established gene or recovery benchmark.	Association is locus-level and does not establish this gene as the causal effector.
HDAC7	ENSG00000061273	True		axis_anchor	O_other_liver_prior	liver_disease_GWAS		undefined	False	False	genetic-only		PSC	cholestatic_autoimmune	12q13.11	EUR	GWAS_locus			moderate	locus-level	citation locked; evidence specificity retained	archived source registry plus locked primary-reference mapping	Liu et al. Dense genotyping of immune-related disease regions identifies nine new risk loci for primary sclerosing cholangitis. Nat Genet. 2013.	DOI:10.1038/ng.2616	Pre-specified liver-trait association locus used to calibrate disease-axis interpretation.	Pre-specified prior-reference object excluded from discovery; it is not a homogeneous therapeutically established gene or recovery benchmark.	Association is locus-level and does not establish this gene as the causal effector.
HLA-B	ENSG00000206450	True		etiology_anchor	B	viral_etiology_or_immune		undefined	False	False	etiology/immune		PSC	cholestatic_autoimmune	6p21.33	EUR	GWAS_locus		Strongest PSC risk locus	moderate	locus-level	citation locked; evidence specificity retained	archived source registry plus locked primary-reference mapping	Melum et al. Genome-wide association analysis in primary sclerosing cholangitis identifies two non-HLA susceptibility loci. Nat Genet. 2011.	PMID:21151127; DOI:10.1038/ng.728	Pre-specified immune, viral, or autoimmune liver-disease locus used to calibrate etiology-oriented interpretation.	Pre-specified prior-reference object excluded from discovery; it is not a homogeneous therapeutically established gene or recovery benchmark.	Association is locus-level and does not establish this gene as the causal effector.
HLA-C	ENSG00000206435	True		etiology_anchor	B	viral_etiology_or_immune		undefined	False	False	etiology/immune		chronic HBV	immune_viral	6p21.33	EAS	GWAS_locus		Hu et al. 2013 Han Chinese; OR=1.33	moderate	locus-level	citation locked; evidence specificity retained	archived source registry plus locked primary-reference mapping	Kim et al. A genome-wide association study identified new variants associated with the risk of chronic hepatitis B. Hum Mol Genet. 2013.	PMID:23760081	Pre-specified immune, viral, or autoimmune liver-disease locus used to calibrate etiology-oriented interpretation.	Pre-specified prior-reference object excluded from discovery; it is not a homogeneous therapeutically established gene or recovery benchmark.	Association is locus-level and does not establish this gene as the causal effector.
HLA-DPA1	ENSG00000228163	True		etiology_anchor	B	viral_etiology_or_immune		undefined	False	False	etiology/immune		chronic HBV	immune_viral	6p21.32	EAS	GWAS_locus		Kamatani 2009; strongest HBV risk locus in Asians	moderate	locus-level	citation locked; evidence specificity retained	archived source registry plus locked primary-reference mapping	Kamatani et al. A genome-wide association study identifies variants in the HLA-DP locus associated with chronic hepatitis B in Asians. Nat Genet. 2009.	DOI:10.1038/ng.348	Pre-specified immune, viral, or autoimmune liver-disease locus used to calibrate etiology-oriented interpretation.	Pre-specified prior-reference object excluded from discovery; it is not a homogeneous therapeutically established gene or recovery benchmark.	Association is locus-level and does not establish this gene as the causal effector.
HLA-DPB1	ENSG00000236693	True		etiology_anchor	B	viral_etiology_or_immune		undefined	False	False	etiology/immune		chronic HBV	immune_viral	6p21.32	EAS	GWAS_locus		OR~1.9; replicated across Japanese/Korean/Chinese	moderate	locus-level	citation locked; evidence specificity retained	archived source registry plus locked primary-reference mapping	Kamatani et al. A genome-wide association study identifies variants in the HLA-DP locus associated with chronic hepatitis B in Asians. Nat Genet. 2009.	DOI:10.1038/ng.348	Pre-specified immune, viral, or autoimmune liver-disease locus used to calibrate etiology-oriented interpretation.	Pre-specified prior-reference object excluded from discovery; it is not a homogeneous therapeutically established gene or recovery benchmark.	Association is locus-level and does not establish this gene as the causal effector.
HLA-DQA1	ENSG00000236418	True		etiology_anchor	B	viral_etiology_or_immune		undefined	False	False	etiology/immune		PBC;chronic HBV	cholestatic_autoimmune; immune_viral	6p21.32	EUR; EAS	GWAS_locus		HLA-DQ region; independent from DP signal	moderate	locus-level	citation locked; evidence specificity retained	archived source registry plus locked primary-reference mapping	Kim et al. A genome-wide association study identified new variants associated with the risk of chronic hepatitis B. Hum Mol Genet. 2013.	PMID:23760081	Pre-specified immune, viral, or autoimmune liver-disease locus used to calibrate etiology-oriented interpretation.	Pre-specified prior-reference object excluded from discovery; it is not a homogeneous therapeutically established gene or recovery benchmark.	Association is locus-level and does not establish this gene as the causal effector.
HLA-DQB1	ENSG00000206237	True		etiology_anchor	B	viral_etiology_or_immune		undefined	False	False	etiology/immune		PBC;chronic HBV	cholestatic_autoimmune; immune_viral	6p21.32	EUR; EAS	GWAS_locus		HLA class II; HBV chronicity	moderate	locus-level	citation locked; evidence specificity retained	archived source registry plus locked primary-reference mapping	Kim et al. A genome-wide association study identified new variants associated with the risk of chronic hepatitis B. Hum Mol Genet. 2013.	PMID:23760081	Pre-specified immune, viral, or autoimmune liver-disease locus used to calibrate etiology-oriented interpretation.	Pre-specified prior-reference object excluded from discovery; it is not a homogeneous therapeutically established gene or recovery benchmark.	Association is locus-level and does not establish this gene as the causal effector.
HLA-DQB2	ENSG00000226165	True		etiology_anchor	B	viral_etiology_or_immune		undefined	False	False	etiology/immune		chronic HBV	immune_viral	6p21.32	EAS	GWAS_locus			moderate	locus-level	citation locked; evidence specificity retained	archived source registry plus locked primary-reference mapping	Kim et al. A genome-wide association study identified new variants associated with the risk of chronic hepatitis B. Hum Mol Genet. 2013.	PMID:23760081	Pre-specified immune, viral, or autoimmune liver-disease locus used to calibrate etiology-oriented interpretation.	Pre-specified prior-reference object excluded from discovery; it is not a homogeneous therapeutically established gene or recovery benchmark.	Association is locus-level and does not establish this gene as the causal effector.
HLA-DRB1	ENSG00000228080	True		etiology_anchor	B	viral_etiology_or_immune		undefined	False	False	etiology/immune		AIH;PBC	cholestatic_autoimmune	6p21.32	EUR	GWAS_locus		Strongest PBC risk locus; HLA class II	moderate	locus-level	citation locked; evidence specificity retained	archived source registry plus locked primary-reference mapping	Cordell et al. An international genome-wide meta-analysis of primary biliary cholangitis: novel risk loci and candidate drugs. J Hepatol. 2021.	PMID:34033851; DOI:10.1016/j.jhep.2021.04.055	Pre-specified immune, viral, or autoimmune liver-disease locus used to calibrate etiology-oriented interpretation.	Pre-specified prior-reference object excluded from discovery; it is not a homogeneous therapeutically established gene or recovery benchmark.	Association is locus-level and does not establish this gene as the causal effector.
HP	ENSG00000257017	True		expression_background	C	hepatocyte_abundance		undefined	False	False	expression-background		multiple	hepatocellular_injury	16q22.2	EUR	expression		Haptoglobin; NOT a target	background-reference	expression-background	citation locked; evidence specificity retained	archived source registry plus locked primary-reference mapping	Uhlen et al. Tissue-based map of the human proteome. Science. 2015.	PMID:25613900; DOI:10.1126/science.1260419	High-abundance liver or plasma-protein reference used to detect expression-background interpretations.	Pre-specified prior-reference object excluded from discovery; it is not a homogeneous therapeutically established gene or recovery benchmark.	Reference status reflects liver-expression abundance, not disease causality or target validity.
HSD17B13	ENSG00000170509	True		prevention	A	liver_disease_GWAS	rs72613567 (truncation)	coding-defined	False	True	prevention-oriented		ALT;NAFLD/MASLD;cirrhosis	fibrotic_cirrhotic; hepatocellular_injury; metabolic_steatotic	4q22.1	EUR; EUR+EAS	GWAS_locus+coding	rs72613567 splice	ALT-lowering; protective; PROTECTIVE variant; reduced inflammation	strong	gene-specific coding	citation locked; evidence specificity retained	archived source registry plus locked primary-reference mapping	Anstee et al. Genome-wide association study of non-alcoholic fatty liver and steatohepatitis in a histologically characterised cohort. J Hepatol. 2020.	PMID:32298765; DOI:10.1016/j.jhep.2020.04.003	Coding-variant liver-disease anchor used to calibrate prevention-oriented interpretation and define an auditable seed locus.	Pre-specified prior-reference object excluded from discovery; it is not a homogeneous therapeutically established gene or recovery benchmark.	Coding evidence supports gene assignment; therapeutic direction and safety still require independent validation.
IL12A	ENSG00000168811	True		etiology_anchor	B	viral_etiology_or_immune		undefined	False	False	etiology/immune		PBC	cholestatic_autoimmune	3q25.33	EUR	GWAS_locus		IL-12 pathway; TH1 differentiation	moderate	locus-level	citation locked; evidence specificity retained	archived source registry plus locked primary-reference mapping	Cordell et al. An international genome-wide meta-analysis of primary biliary cholangitis: novel risk loci and candidate drugs. J Hepatol. 2021.	PMID:34033851; DOI:10.1016/j.jhep.2021.04.055	Pre-specified immune, viral, or autoimmune liver-disease locus used to calibrate etiology-oriented interpretation.	Pre-specified prior-reference object excluded from discovery; it is not a homogeneous therapeutically established gene or recovery benchmark.	Association is locus-level and does not establish this gene as the causal effector.
IL12RB1	ENSG00000096996	True		etiology_anchor	B	viral_etiology_or_immune		undefined	False	False	etiology/immune		PBC	cholestatic_autoimmune	19p13.11	EUR	GWAS_locus		Novel in Cordell 2021; IL-12 receptor	moderate	locus-level	citation locked; evidence specificity retained	archived source registry plus locked primary-reference mapping	Cordell et al. An international genome-wide meta-analysis of primary biliary cholangitis: novel risk loci and candidate drugs. J Hepatol. 2021.	PMID:34033851; DOI:10.1016/j.jhep.2021.04.055	Pre-specified immune, viral, or autoimmune liver-disease locus used to calibrate etiology-oriented interpretation.	Pre-specified prior-reference object excluded from discovery; it is not a homogeneous therapeutically established gene or recovery benchmark.	Association is locus-level and does not establish this gene as the causal effector.
INSR	ENSG00000171105	True		axis_anchor	O_other_liver_prior	liver_disease_GWAS		undefined	False	False	genetic-only		NAFLD/MASLD	metabolic_steatotic	19p13.2	EUR	GWAS_locus		Insulin receptor; metabolic signaling	moderate	locus-level	citation locked; evidence specificity retained	archived source registry plus locked primary-reference mapping	Chen et al. Genome-wide association meta-analysis identifies 17 loci associated with nonalcoholic fatty liver disease. Nat Genet. 2023.	PMID:37709864; DOI:10.1038/s41588-023-01497-6	Pre-specified liver-trait association locus used to calibrate disease-axis interpretation.	Pre-specified prior-reference object excluded from discovery; it is not a homogeneous therapeutically established gene or recovery benchmark.	Association is locus-level and does not establish this gene as the causal effector.
IRF7	ENSG00000276561	True		etiology_anchor	B	viral_etiology_or_immune		undefined	False	False	etiology/immune		PBC	cholestatic_autoimmune	11p15.5	EUR	GWAS_locus		Type I IFN signaling	moderate	locus-level	citation locked; evidence specificity retained	archived source registry plus locked primary-reference mapping	Cordell et al. An international genome-wide meta-analysis of primary biliary cholangitis: novel risk loci and candidate drugs. J Hepatol. 2021.	PMID:34033851; DOI:10.1016/j.jhep.2021.04.055	Pre-specified immune, viral, or autoimmune liver-disease locus used to calibrate etiology-oriented interpretation.	Pre-specified prior-reference object excluded from discovery; it is not a homogeneous therapeutically established gene or recovery benchmark.	Association is locus-level and does not establish this gene as the causal effector.
MBOAT7	ENSG00000275118	True		axis_anchor	A_liver_axis_related	liver_disease_GWAS		undefined	False	False	genetic-only		NAFLD/MASLD	metabolic_steatotic	19q13.42	EUR	GWAS_locus+eQTL		Phospholipid remodeling; pro-inflammatory signaling	moderate	locus-level	citation locked; evidence specificity retained	archived source registry plus locked primary-reference mapping	Chen et al. Genome-wide association meta-analysis identifies 17 loci associated with nonalcoholic fatty liver disease. Nat Genet. 2023.	PMID:37709864; DOI:10.1038/s41588-023-01497-6	Pre-specified liver-trait association locus used to calibrate disease-axis interpretation.	Pre-specified prior-reference object excluded from discovery; it is not a homogeneous therapeutically established gene or recovery benchmark.	Association is locus-level and does not establish this gene as the causal effector.
MST1	ENSG00000173531	True		axis_anchor	O_other_liver_prior	liver_disease_GWAS		undefined	False	False	genetic-only		PSC	cholestatic_autoimmune	3p21.31	EUR	GWAS_locus+coding	rs3197999 R689C	Macrophage stimulating 1	strong	gene-specific coding	citation locked; evidence specificity retained	archived source registry plus locked primary-reference mapping	Melum et al. Genome-wide association analysis in primary sclerosing cholangitis identifies two non-HLA susceptibility loci. Nat Genet. 2011.	PMID:21151127; DOI:10.1038/ng.728	Pre-specified liver-trait association locus used to calibrate disease-axis interpretation.	Pre-specified prior-reference object excluded from discovery; it is not a homogeneous therapeutically established gene or recovery benchmark.	Coding evidence supports gene assignment; therapeutic direction and safety still require independent validation.
MTTP	ENSG00000138823	True		axis_anchor	O_other_liver_prior	liver_disease_GWAS		undefined	False	False	genetic-only		NAFLD/MASLD	metabolic_steatotic	4q23	EUR	GWAS_locus+coding		Microsomal TG transfer protein	moderate	locus-level	citation locked; evidence specificity retained	archived source registry plus locked primary-reference mapping	Chen et al. Genome-wide association meta-analysis identifies 17 loci associated with nonalcoholic fatty liver disease. Nat Genet. 2023.	PMID:37709864; DOI:10.1038/s41588-023-01497-6	Pre-specified liver-trait association locus used to calibrate disease-axis interpretation.	Pre-specified prior-reference object excluded from discovery; it is not a homogeneous therapeutically established gene or recovery benchmark.	Association is locus-level and does not establish this gene as the causal effector.
PNPLA2	ENSG00000177666	True		axis_anchor	A_liver_axis_related	liver_disease_GWAS		undefined	False	False	genetic-only		NAFLD/MASLD	metabolic_steatotic	11p15.5	EUR	GWAS_locus		ATGL; TG hydrolysis	moderate	locus-level	citation locked; evidence specificity retained	archived source registry plus locked primary-reference mapping	Chen et al. Genome-wide association meta-analysis identifies 17 loci associated with nonalcoholic fatty liver disease. Nat Genet. 2023.	PMID:37709864; DOI:10.1038/s41588-023-01497-6	Pre-specified liver-trait association locus used to calibrate disease-axis interpretation.	Pre-specified prior-reference object excluded from discovery; it is not a homogeneous therapeutically established gene or recovery benchmark.	Association is locus-level and does not establish this gene as the causal effector.
PNPLA3	ENSG00000100344	True		prevention	A	liver_disease_GWAS	rs738409 (I148M)	coding-defined	False	True	prevention-oriented		ALT;FLI;MRI-PDFF;NAFLD/MASLD;cirrhosis	fibrotic_cirrhotic; hepatocellular_injury; metabolic_steatotic	22q13.31	EUR; EUR+EAS; EUR;EUR+EAS	GWAS_locus+coding	rs738409 I148M	Also ALT-associated; Lipid droplet remodeling; strongest MASLD risk variant	strong	gene-specific coding	citation locked; evidence specificity retained	archived source registry plus locked primary-reference mapping	Buch et al. A genome-wide association study confirms PNPLA3 and identifies TM6SF2 and MBOAT7 as risk loci for alcohol-related cirrhosis. Nat Genet. 2015.	PMID:26482880; DOI:10.1038/ng.3417	Coding-variant liver-disease anchor used to calibrate prevention-oriented interpretation and define an auditable seed locus.	Pre-specified prior-reference object excluded from discovery; it is not a homogeneous therapeutically established gene or recovery benchmark.	Coding evidence supports gene assignment; therapeutic direction and safety still require independent validation.
PPP1R3B	ENSG00000173281	True		axis_anchor	O_other_liver_prior	liver_disease_GWAS		undefined	False	False	genetic-only		ALT	hepatocellular_injury	8p23.1	EUR	GWAS_locus		Glycogen metabolism; liver enzyme GWAS	moderate	locus-level	citation locked; evidence specificity retained	archived source registry plus locked primary-reference mapping	Chambers et al. Genome-wide association study identifies loci influencing concentrations of liver enzymes in plasma. Nat Genet. 2011.	PMID:22001757; DOI:10.1038/ng.970	Pre-specified liver-trait association locus used to calibrate disease-axis interpretation.	Pre-specified prior-reference object excluded from discovery; it is not a homogeneous therapeutically established gene or recovery benchmark.	Association is locus-level and does not establish this gene as the causal effector.
PRDM1	ENSG00000057657	True		etiology_anchor	B	viral_etiology_or_immune		undefined	False	False	etiology/immune		PBC	cholestatic_autoimmune	6q21	EUR	GWAS_locus		Plasma cell differentiation (BLIMP1)	moderate	locus-level	citation locked; evidence specificity retained	archived source registry plus locked primary-reference mapping	Cordell et al. An international genome-wide meta-analysis of primary biliary cholangitis: novel risk loci and candidate drugs. J Hepatol. 2021.	PMID:34033851; DOI:10.1016/j.jhep.2021.04.055	Pre-specified immune, viral, or autoimmune liver-disease locus used to calibrate etiology-oriented interpretation.	Pre-specified prior-reference object excluded from discovery; it is not a homogeneous therapeutically established gene or recovery benchmark.	Association is locus-level and does not establish this gene as the causal effector.
PRKD2	ENSG00000105287	True		axis_anchor	O_other_liver_prior	liver_disease_GWAS		undefined	False	False	genetic-only		PSC	cholestatic_autoimmune	19q13.32	EUR	GWAS_locus			moderate	locus-level	citation locked; evidence specificity retained	archived source registry plus locked primary-reference mapping	Liu et al. Dense genotyping of immune-related disease regions identifies nine new risk loci for primary sclerosing cholangitis. Nat Genet. 2013.	DOI:10.1038/ng.2616	Pre-specified liver-trait association locus used to calibrate disease-axis interpretation.	Pre-specified prior-reference object excluded from discovery; it is not a homogeneous therapeutically established gene or recovery benchmark.	Association is locus-level and does not establish this gene as the causal effector.
PTPRD	ENSG00000282932	True		axis_anchor	O_other_liver_prior	liver_disease_GWAS		undefined	False	False	genetic-only		NAFLD/MASLD	metabolic_steatotic	9p23	EUR	GWAS_locus		Novel locus from 2023 multi-ancestry GWAS	moderate	locus-level	citation locked; evidence specificity retained	archived source registry plus locked primary-reference mapping	Chen et al. Genome-wide association meta-analysis identifies 17 loci associated with nonalcoholic fatty liver disease. Nat Genet. 2023.	PMID:37709864; DOI:10.1038/s41588-023-01497-6	Pre-specified liver-trait association locus used to calibrate disease-axis interpretation.	Pre-specified prior-reference object excluded from discovery; it is not a homogeneous therapeutically established gene or recovery benchmark.	Association is locus-level and does not establish this gene as the causal effector.
SERPINA1	ENSG00000277377	True		expression_background	C	hepatocyte_abundance		undefined	False	False	expression-background		ALT	hepatocellular_injury	14q32.13	EUR	GWAS_locus+coding	rs28929474 E366K	AAT deficiency; liver injury	background-reference	expression-background	citation locked; evidence specificity retained	archived source registry plus locked primary-reference mapping	Uhlen et al. Tissue-based map of the human proteome. Science. 2015.	PMID:25613900; DOI:10.1126/science.1260419	High-abundance liver or plasma-protein reference used to detect expression-background interpretations.	Pre-specified prior-reference object excluded from discovery; it is not a homogeneous therapeutically established gene or recovery benchmark.	Reference status reflects liver-expression abundance, not disease causality or target validity.
SLC30A10	ENSG00000196660	True		axis_anchor	O_other_liver_prior	liver_disease_GWAS		undefined	False	False	genetic-only		ALT	hepatocellular_injury	1q41	EUR	GWAS_locus		Manganese transporter; Pazoki 2021	moderate	locus-level	citation locked; evidence specificity retained	archived source registry plus locked primary-reference mapping	Ward et al. GWAS of serum ALT and AST reveals an association of SLC30A10 Thr95Ile with hypermanganesemia symptoms. Nat Commun. 2021.	DOI:10.1038/s41467-021-24563-1	Pre-specified liver-trait association locus used to calibrate disease-axis interpretation.	Pre-specified prior-reference object excluded from discovery; it is not a homogeneous therapeutically established gene or recovery benchmark.	Association is locus-level and does not establish this gene as the causal effector.
SLCO1B1	ENSG00000134538	True		axis_anchor	O_other_liver_prior	liver_disease_GWAS		undefined	False	False	genetic-only		bilirubin	hepatocellular_injury	12p12.1	EUR+EAS	GWAS_locus+coding		OATP1B1; bilirubin transport	moderate	locus-level	citation locked; evidence specificity retained	archived source registry plus locked primary-reference mapping	Johnson et al. Genome-wide association meta-analysis for total serum bilirubin levels. Hum Mol Genet. 2009.	PMID:19414484; DOI:10.1093/hmg/ddp202	Pre-specified liver-trait association locus used to calibrate disease-axis interpretation.	Pre-specified prior-reference object excluded from discovery; it is not a homogeneous therapeutically established gene or recovery benchmark.	Association is locus-level and does not establish this gene as the causal effector.
SREBF1	ENSG00000072310	True		axis_anchor	O_other_liver_prior	liver_disease_GWAS		undefined	False	False	genetic-only		NAFLD/MASLD	metabolic_steatotic	17p11.2	EUR	GWAS_locus		SREBP-1c; master regulator of lipogenesis	moderate	locus-level	citation locked; evidence specificity retained	archived source registry plus locked primary-reference mapping	Chen et al. Genome-wide association meta-analysis identifies 17 loci associated with nonalcoholic fatty liver disease. Nat Genet. 2023.	PMID:37709864; DOI:10.1038/s41588-023-01497-6	Pre-specified liver-trait association locus used to calibrate disease-axis interpretation.	Pre-specified prior-reference object excluded from discovery; it is not a homogeneous therapeutically established gene or recovery benchmark.	Association is locus-level and does not establish this gene as the causal effector.
STAT4	ENSG00000138378	True		etiology_anchor	B	viral_etiology_or_immune		undefined	False	False	etiology/immune		PBC	cholestatic_autoimmune	2q32.2	EUR	GWAS_locus		JAK-STAT pathway; TH1/TH17	moderate	locus-level	citation locked; evidence specificity retained	archived source registry plus locked primary-reference mapping	Cordell et al. An international genome-wide meta-analysis of primary biliary cholangitis: novel risk loci and candidate drugs. J Hepatol. 2021.	PMID:34033851; DOI:10.1016/j.jhep.2021.04.055	Pre-specified immune, viral, or autoimmune liver-disease locus used to calibrate etiology-oriented interpretation.	Pre-specified prior-reference object excluded from discovery; it is not a homogeneous therapeutically established gene or recovery benchmark.	Association is locus-level and does not establish this gene as the causal effector.
SUGP1	ENSG00000105705	True		axis_anchor	O_other_liver_prior	liver_disease_GWAS		undefined	False	False	genetic-only		cirrhosis	fibrotic_cirrhotic	19p13.11	EUR	GWAS_locus		Near TM6SF2	moderate	locus-level	citation locked; evidence specificity retained	archived source registry plus locked primary-reference mapping	Chambers et al. Genome-wide association study identifies loci influencing concentrations of liver enzymes in plasma. Nat Genet. 2011.	PMID:22001757; DOI:10.1038/ng.970	Pre-specified liver-trait association locus used to calibrate disease-axis interpretation.	Pre-specified prior-reference object excluded from discovery; it is not a homogeneous therapeutically established gene or recovery benchmark.	Association is locus-level and does not establish this gene as the causal effector.
TCF19	ENSG00000224472	True		axis_anchor	O_other_liver_prior	liver_disease_GWAS		undefined	False	False	genetic-only		chronic HBV	immune_viral	6p21.33	EAS	GWAS_locus		Korean GWAS; independent from HLA-DP/DQ	moderate	locus-level	citation locked; evidence specificity retained	archived source registry plus locked primary-reference mapping	Kim et al. A genome-wide association study identified new variants associated with the risk of chronic hepatitis B. Hum Mol Genet. 2013.	PMID:23760081	Pre-specified liver-trait association locus used to calibrate disease-axis interpretation.	Pre-specified prior-reference object excluded from discovery; it is not a homogeneous therapeutically established gene or recovery benchmark.	Association is locus-level and does not establish this gene as the causal effector.
TCF4	ENSG00000196628	True		axis_anchor	O_other_liver_prior	liver_disease_GWAS		undefined	False	False	genetic-only		PSC	cholestatic_autoimmune	18q21.2	EUR	GWAS_locus		Wnt/β-catenin pathway	moderate	locus-level	citation locked; evidence specificity retained	archived source registry plus locked primary-reference mapping	Ellinghaus et al. Genome-wide association analysis in primary sclerosing cholangitis and ulcerative colitis identifies risk loci at GPR35 and TCF4. Hepatology. 2013.	PMID:22821403; DOI:10.1002/hep.25977	Pre-specified liver-trait association locus used to calibrate disease-axis interpretation.	Pre-specified prior-reference object excluded from discovery; it is not a homogeneous therapeutically established gene or recovery benchmark.	Association is locus-level and does not establish this gene as the causal effector.
TM6SF2	ENSG00000213996	True		prevention	A	liver_disease_GWAS	rs58542926 (E167K)	coding-defined	False	True	prevention-oriented		ALT;MRI-PDFF;NAFLD/MASLD;cirrhosis	fibrotic_cirrhotic; hepatocellular_injury; metabolic_steatotic	19p13.11	EUR	GWAS_locus+coding	rs58542926 E167K	Reduced VLDL secretion; TG accumulation	strong	gene-specific coding	citation locked; evidence specificity retained	archived source registry plus locked primary-reference mapping	Buch et al. A genome-wide association study confirms PNPLA3 and identifies TM6SF2 and MBOAT7 as risk loci for alcohol-related cirrhosis. Nat Genet. 2015.	PMID:26482880; DOI:10.1038/ng.3417	Coding-variant liver-disease anchor used to calibrate prevention-oriented interpretation and define an auditable seed locus.	Pre-specified prior-reference object excluded from discovery; it is not a homogeneous therapeutically established gene or recovery benchmark.	Coding evidence supports gene assignment; therapeutic direction and safety still require independent validation.
TRIB1	ENSG00000173334	True		axis_anchor	O_other_liver_prior	liver_disease_GWAS		undefined	False	False	genetic-only		ALT/GGT;NAFLD/MASLD	hepatocellular_injury; metabolic_steatotic	8q24.13	EUR	GWAS_locus		Liver enzyme + lipid GWAS overlap; Lipid metabolism; TG regulation	moderate	locus-level	citation locked; evidence specificity retained	archived source registry plus locked primary-reference mapping	Chen et al. Genome-wide association meta-analysis identifies 17 loci associated with nonalcoholic fatty liver disease. Nat Genet. 2023.	PMID:37709864; DOI:10.1038/s41588-023-01497-6	Pre-specified liver-trait association locus used to calibrate disease-axis interpretation.	Pre-specified prior-reference object excluded from discovery; it is not a homogeneous therapeutically established gene or recovery benchmark.	Association is locus-level and does not establish this gene as the causal effector.
UBE2L3	ENSG00000185651	True		etiology_anchor	B	viral_etiology_or_immune		undefined	False	False	etiology/immune		chronic HBV	immune_viral	22q11.21	EAS	GWAS_locus		Han Chinese GWAS; ubiquitination pathway	moderate	locus-level	citation locked; evidence specificity retained	archived source registry plus locked primary-reference mapping	Kim et al. A genome-wide association study identified new variants associated with the risk of chronic hepatitis B. Hum Mol Genet. 2013.	PMID:23760081	Pre-specified immune, viral, or autoimmune liver-disease locus used to calibrate etiology-oriented interpretation.	Pre-specified prior-reference object excluded from discovery; it is not a homogeneous therapeutically established gene or recovery benchmark.	Association is locus-level and does not establish this gene as the causal effector.
UGT1A1	ENSG00000241635	True		axis_anchor	O_other_liver_prior	liver_disease_GWAS		undefined	False	False	genetic-only		bilirubin	hepatocellular_injury	2q37.1	EUR+EAS	GWAS_locus	rs887829 TA repeat	Gilbert syndrome; bilirubin GWAS	strong	gene-specific coding	citation locked; evidence specificity retained	archived source registry plus locked primary-reference mapping	Johnson et al. Genome-wide association meta-analysis for total serum bilirubin levels. Hum Mol Genet. 2009.	PMID:19414484; DOI:10.1093/hmg/ddp202	Pre-specified liver-trait association locus used to calibrate disease-axis interpretation.	Pre-specified prior-reference object excluded from discovery; it is not a homogeneous therapeutically established gene or recovery benchmark.	Coding evidence supports gene assignment; therapeutic direction and safety still require independent validation.
