metric	numerator	denominator	fraction	unit	interpretation
original_TSS_annotated	208	283	0.73498233215547704	gene	
audit_TSS_annotated	277	283	0.97879858657243812	gene	additive_annotation_only_no_model_change
support_event_minimum_all_alleles_verified	1458	1465	0.99522184300341299	support_event	
within_gene_pair_shared_minimum_coordinate	544	3224	0.16873449131513649	within_gene_support_event_pair	
within_gene_pair_shared_verified_minimum_variant	544	3224	0.16873449131513649	within_gene_support_event_pair	not_a_shared_causal_signal
within_gene_pair_different_minimum_coordinates	2680	3224	0.83126550868486349	within_gene_support_event_pair	different_minima_do_not_establish_distinct_causal_signals
within_gene_pair_identical_actual_input_sets	97	3224	0.030086848635235731	within_gene_support_event_pair	fixed_map_induced_overlap_not_biological_convergence
events_participating_in_within_gene_minimum_reuse	553	1465	0.37747440273037541	support_event	
events_participating_in_within_trait_cross_gene_minimum_reuse	1436	1465	0.98020477815699658	support_event	
genes_with_both_shared_and_different_minima	180	283	0.63604240282685509	gene	
events_any_input_in_registered_region	1303	1465	0.889419795221843	support_event	
events_minimum_in_registered_region	1303	1465	0.889419795221843	support_event	
events_any_input_in_evaluable_comparison	249	1465	0.16996587030716723	support_event	overlapping_windows_not_independent_coloc_replications
events_verified_minimum_in_evaluable_pair	177	1465	0.12081911262798635	support_event	
evaluable_registered_region_trait_comparisons	5	198	0.025252525252525252	region_trait_comparison	
