branch	ancestry	B	n	blocks	raw_mean_Y	raw_median_Y	q25	q75
boundary	EUR	1	657	87	-0.18354165156147192	-0.12587523749038057	-0.93789445917965952	0.52678973164329201
boundary	EUR	2	305	44	0.075271404539893352	0.032041694451934506	-0.4115033584181404	0.67067043887387634
boundary	EUR	3	247	33	0.52737419225260496	0.72267723972767595	-0.3837531220453903	1.6830876801080594
boundary	EUR	4	268	27	0.44882337615234108	0.48685848551043065	-0.76162604471775586	1.8280670845554661
boundary	EUR	5	96	14	1.1272303634043033	1.8246494602762819	-0.37383111547991044	2.4275829076128166
boundary	EUR	6	33	7	1.5563979987313166	1.8601432783861453	1.5049408421505823	2.0433472174928835
boundary	EUR	7	46	3	2.8149976126954086	2.798514622345381	2.7173818439767583	2.8946610055661073
boundary	EAS	1	657	86	0.070117305727890183	-0.096033487981285776	-0.56798697589499159	0.74197060131022363
boundary	EAS	2	305	40	0.31443276044729551	0.38376847602352487	-0.2653435773158857	0.87918861897466138
boundary	EAS	3	247	28	0.47843154408372496	0.45163298087059933	-0.096190366296513369	0.83489924036074314
boundary	EAS	4	268	23	0.46577974051383186	0.24775189197218675	-0.37668535445036538	0.66564079252414587
boundary	EAS	5	96	12	1.1467478538948193	1.0320979500218677	0.20553254609422178	2.1402321843195624
boundary	EAS	6	33	5	0.093524272534050892	-0.29862716702078107	-0.38761319853363108	0.70259037505769406
boundary	EAS	7	46	2	0.51670655168360635	0.53158668778819296	0.16983185289128	1.0030332312650529
neutral	EUR	1	657	87	-0.17289419332964576	-0.15504998611907742	-0.93027031565573315	0.54210854485980264
neutral	EUR	2	305	44	0.076722818663430961	0.01437571873234542	-0.41776961080963831	0.64702727982819197
neutral	EUR	3	248	33	0.5079558162004516	0.70290927203767595	-0.41485455610974042	1.6819589609692422
neutral	EUR	4	267	26	0.46206369069403058	0.53072592656926854	-0.63920200530075499	1.8418753149630918
neutral	EUR	5	96	14	1.1219257895099677	1.8246494602762819	-0.4269396396721693	2.4275829076128166
neutral	EUR	6	33	7	1.5714113270080454	1.8601432783861453	1.5040916947282557	2.0433472174928835
neutral	EUR	7	46	3	2.8149976126954086	2.798514622345381	2.7173818439767583	2.8946610055661073
neutral	EAS	1	657	86	0.065346082509484954	-0.08914027851423155	-0.61061160804060621	0.7229424784350128
neutral	EAS	2	305	40	0.30662915734160773	0.36404160150956044	-0.31185876140671781	0.92992553954065182
neutral	EAS	3	248	28	0.45928022930001983	0.4250366965951885	-0.11131879417458766	0.80805580100385022
neutral	EAS	4	267	23	0.45790738366806422	0.22178695223634487	-0.42871994273599973	0.64852047203767005
neutral	EAS	5	96	12	1.1675179398523714	1.0182836342730057	0.30381111092943269	2.1422586775413159
neutral	EAS	6	33	5	0.20150826510942163	-0.13514496190888992	-0.23249247497418762	0.6854739286785948
neutral	EAS	7	46	2	0.49429566058029722	0.50981510201577929	0.14204028827147269	0.99118660590871477
