iteration	estimate	valid
1	0.73200378164117508	True
2	0.14306188810798734	True
3	0.11944674197394073	True
4	0.64189946020198307	True
5	0.96786012850547309	True
6	1.3811330988760717	True
7	0.76654514131249152	True
8	0.5198611501890732	True
9	0.43233248525475548	True
10	0.27479092332960747	True
11	0.53417988507001635	True
12	0.62220066659621509	True
13	0.83463886337840898	True
14	0.43927343794091728	True
15	1.1062581388485004	True
16	0.41908106119373795	True
17	0.44705235460295439	True
18	0.052163807925836955	True
19	-0.036321300484878451	True
20	0.72862331990059481	True
21	1.0952402941693598	True
22	0.664471323501585	True
23	1.0934027472650207	True
24	0.22735307108105426	True
25	0.30047214019977758	True
26	0.95781798731259915	True
27	0.70148043329895937	True
28	0.48415801226815891	True
29	0.19923920506681847	True
30	0.83193313821854231	True
31	1.2935218152403387	True
32	0.82881306488371143	True
33	0.84207150584769774	True
34	0.68932050962006353	True
35	0.41130805714773461	True
36	0.25221354224881359	True
37	0.66975697776755394	True
38	1.0312440236508345	True
39	0.74084678797504566	True
40	0.71321931281167872	True
41	1.008383009065815	True
42	0.85824738462002415	True
43	0.43395146088917597	True
44	0.46138941028337627	True
45	0.80272250853320759	True
46	0.80868911756616668	True
47	0.084324025951338685	True
48	0.83963097293800304	True
49	0.76482045051891367	True
50	0.62425602294473592	True
51	0.40371896819397002	True
52	0.90077053805523444	True
53	0.67339031521693438	True
54	0.24509833548648824	True
55	1.0118007529662378	True
56	1.1980452739690188	True
57	0.55872785905490852	True
58	0.63066207487277715	True
59	1.0134398927769432	True
60	0.28424134563957809	True
61	0.60697360780177778	True
62	0.71402124433007574	True
63	1.512661792589268	True
64	0.39745463045185342	True
65	0.50335241550367182	True
66	0.68409010273205828	True
67	0.49455718358900758	True
68	0.65727623993850837	True
69	0.5167199099837847	True
70	1.0601471664162783	True
71	1.0594594331273788	True
72	0.76370089944977093	True
73	0.24890390312822233	True
74	0.1428137878126079	True
75	0.1128293856414737	True
76	1.158446128073394	True
77	0.81178141936645465	True
78	0.99866963417145105	True
79	-0.27371583800201299	True
80	0.94473397605458631	True
81	0.21674868451778542	True
82	0.6576055162017781	True
83	0.040291067607878754	True
84	0.77422241934830349	True
85	0.9495254910263643	True
86	1.1894872701309507	True
87	0.51236169453378333	True
88	0.36121338255330138	True
89	0.65375264099027097	True
90	0.58466403934390831	True
91	0.59128421923511865	True
92	0.4261833952160784	True
93	0.57555126393093348	True
94	0.4496108446705781	True
95	1.2083192309200472	True
96	0.89280717621359729	True
97	0.52905389688252735	True
98	0.49859210811848603	True
99	1.0987028648376971	True
100	0.99329938654345018	True
101	1.0645459723113273	True
102	0.67800689111315071	True
103	0.77931702556254767	True
104	0.21123519984314404	True
105	0.7860517026096514	True
106	1.2530112496317265	True
107	0.55769101562688916	True
108	0.29746543140443793	True
109	0.50075923157656121	True
110	1.0925853292377261	True
111	0.28257699675648146	True
112	0.24791924081875533	True
113	1.3120260444822653	True
114	0.85204428847457347	True
115	0.27012068178913312	True
116	-0.18553638949756646	True
117	0.68125235180033239	True
118	0.81658069118060761	True
119	0.70806807176644981	True
120	1.0669929554737902	True
121	1.0180772513021985	True
122	0.68411698578375935	True
123	0.28024428320312522	True
124	0.88110928888951601	True
125	0.77339580427319798	True
126	0.77921665727431333	True
127	0.66365997219828277	True
128	1.1026735150278926	True
129	0.85498252427770349	True
130	1.4242871008368667	True
131	0.52577615283493784	True
132	0.9451616203872345	True
133	1.387292119516468	True
134	0.79120969031690747	True
135	0.26388384299262363	True
136	0.5595977565651975	True
137	0.15619926760143862	True
138	0.94611208897169574	True
139	0.72895226176374128	True
140	0.044814450964339329	True
141	0.76577089759045003	True
142	0.89541891763424941	True
143	0.88137118170994688	True
144	0.66869211935782491	True
145	0.70306619027398298	True
146	0.68825132150331658	True
147	0.93221000512273233	True
148	1.0910133046559305	True
149	0.50197069225475177	True
150	0.63935629232277325	True
151	0.68244650762664216	True
152	0.92753503386940817	True
153	0.54464988536696535	True
154	0.66384079274660623	True
155	0.84957685545868433	True
156	-0.03670871099335065	True
157	1.3475591161763953	True
158	0.8821294123438771	True
159	1.2501603843811651	True
160	1.0165878132365298	True
161	0.98139522439029236	True
162	1.2372565013710091	True
163	0.089706741285551603	True
164	1.0708333481664045	True
165	0.50638932909258405	True
166	0.49897436663400452	True
167	0.39661389827389459	True
168	0.10517158654556619	True
169	0.84010227234876411	True
170	1.0539592914149338	True
171	0.31574960242756667	True
172	1.6709906323318351	True
173	0.92783464498271528	True
174	1.0078140161255289	True
175	0.2577173878204389	True
176	0.949315104719478	True
177	1.2990969780397876	True
178	0.50694046131582027	True
179	0.67830023280677032	True
180	0.22872070843902292	True
181	0.17010188346756142	True
182	1.019956467068166	True
183	0.9463731380313295	True
184	0.66251008365234854	True
185	1.0338183090245054	True
186	0.59399671326151327	True
187	1.0811017651003199	True
188	0.87679492627439182	True
189	0.81109233782678436	True
190	0.97185730269589332	True
191	0.31625504216623707	True
192	0.34903778351515102	True
193	1.0657737322676069	True
194	1.1210746971872616	True
195	0.070720872624072395	True
196	1.1441241398463824	True
197	0.71316372068002298	True
198	0.50453310397678774	True
199	0.81696778033317097	True
200	0.66438437808719897	True
201	0.83926851355488008	True
202	0.3783477026528495	True
203	0.62193482596864069	True
204	1.1977390258939407	True
205	0.76651842991202779	True
206	0.2909349090758685	True
207	0.67847370608881363	True
208	0.63012027971404982	True
209	0.75858038047175858	True
210	1.0135296695147051	True
211	0.1035425670437205	True
212	0.40772194759014674	True
213	0.35084041764254048	True
214	0.85944010406912053	True
215	1.2487134270691378	True
216	1.0949127247086146	True
217	0.28174856045827101	True
218	0.83080533192204731	True
219	0.80494461615337709	True
220	1.0596138417878893	True
221	0.52418104034803137	True
222	0.80161711495977139	True
223	0.80192858982459714	True
224	0.28670347029821314	True
225	0.82420841191660099	True
226	1.1262812935093507	True
227	0.7602854132201784	True
228	1.1667291320041733	True
229	-0.041808346203937169	True
230	0.58697215836834205	True
231	1.0110747215845792	True
232	0.086694505629196852	True
233	0.39042782726856257	True
234	0.99696577913716833	True
235	0.97463316923320653	True
236	0.26899768816991743	True
237	0.4842324252999442	True
238	1.3494294455110576	True
239	0.43299123244418997	True
240	0.93469634723227746	True
241	0.55381625330339734	True
242	0.098414531436491717	True
243	0.5847374853407169	True
244	0.7641153339114416	True
245	0.83837392821231316	True
246	1.4287518934075436	True
247	1.3644854062590102	True
248	0.63236072250894115	True
249	0.26366492381483525	True
250	0.64464274068483929	True
251	0.72046390396095294	True
252	0.54402946060851398	True
253	0.88566959835638792	True
254	0.38753037382526639	True
255	0.49729045239417863	True
256	0.99614520544333385	True
257	0.4486262433777124	True
258	0.62309548133360226	True
259	0.61076785982960813	True
260	0.31361992232445529	True
261	0.74096101141847115	True
262	0.76378062993296247	True
263	-0.071196975468534623	True
264	0.30701353156612005	True
265	1.5154541841240416	True
266	0.63208191868659436	True
267	1.3883473670020636	True
268	0.3033204784357536	True
269	0.84571410560270732	True
270	0.42871306233201784	True
271	0.50860449060105684	True
272	1.0212685769285321	True
273	-0.13644916622534817	True
274	1.1629030421760593	True
275	0.79629156744923113	True
276	0.9992110518711389	True
277	0.54152046314734181	True
278	0.48781004197714561	True
279	0.83398635177002611	True
280	0.52322003075004775	True
281	1.0629146559573934	True
282	0.69108761732756829	True
283	0.57299814167528207	True
284	-0.25217800342936814	True
285	0.59268349317703639	True
286	1.1149035578964703	True
287	1.2058353366929657	True
288	1.2862765681793971	True
289	-0.16625871660774891	True
290	0.7065594429531683	True
291	1.481955395376626	True
292	0.58605461671511339	True
293	0.38008994362189058	True
294	0.42358423424502917	True
295	1.0080488899431488	True
296	0.22955218202174132	True
297	0.77341420238531544	True
298	0.25007671432270201	True
299	1.3773710112494246	True
300	0.67418621266906553	True
301	0.72058447257695168	True
302	0.77288552040598624	True
303	0.86129079822624566	True
304	0.51782144667591246	True
305	0.25488947369471848	True
306	1.0437798193379038	True
307	0.99548539987734797	True
308	0.72117160046771933	True
309	0.9780486468987224	True
310	0.80885588043694145	True
311	0.3342979669316648	True
312	0.3611736233173275	True
313	0.52876295159098019	True
314	1.2470371957278861	True
315	0.89754838934804115	True
316	0.86437557103669793	True
317	0.7403197376572952	True
318	0.99351297165642594	True
319	0.90687459193983144	True
320	0.020564476970786439	True
321	1.195857165684443	True
322	0.59252484826844487	True
323	0.24929572111943007	True
324	0.70383832035140315	True
325	0.92476252814883619	True
326	0.34726226319295866	True
327	0.62986957437723845	True
328	0.58068055603952207	True
329	0.2884694493392253	True
330	0.60033286235866501	True
331	0.90204601403182705	True
332	0.62587442218958123	True
333	1.2482977518127885	True
334	0.49769909565677112	True
335	1.1375321029444498	True
336	0.23179441632963904	True
337	1.0454771228327675	True
338	0.69840862267443937	True
339	1.1147428583927526	True
340	0.55887291541179029	True
341	0.66208161345645622	True
342	0.58300025787198362	True
343	0.58496297002198916	True
344	0.54612729320657849	True
345	0.78980679600788695	True
346	1.1780037618286596	True
347	0.49183321123534063	True
348	0.99974619808130738	True
349	1.1509493562651261	True
350	1.3157890895601418	True
351	0.91365035811659345	True
352	1.0079800334474229	True
353	0.6885265320214049	True
354	0.7102353256721412	True
355	0.95950652912134471	True
356	0.14695435814159749	True
357	0.97919303047874895	True
358	0.69324599632472494	True
359	0.68007959816005359	True
360	0.06356040934754062	True
361	1.2910603170582793	True
362	0.6586998423156879	True
363	0.95582832183280597	True
364	-0.044783456618650574	True
365	0.68245785205927612	True
366	1.2991729796229601	True
367	0.8908605962787407	True
368	0.67853363474874118	True
369	0.86938645103099732	True
370	0.60774666901548069	True
371	0.47779338568097196	True
372	0.43608654719000206	True
373	0.18568668429085497	True
374	0.75650774487718131	True
375	0.92455164824093961	True
376	1.2062745492827618	True
377	1.335971001537283	True
378	0.47700328628953964	True
379	0.39696299929210965	True
380	0.41342416505788454	True
381	1.2271609526590679	True
382	0.30210190010442828	True
383	0.4013862128291617	True
384	0.53759145940724617	True
385	0.46409934802397523	True
386	0.96539613560545801	True
387	0.39424149257905133	True
388	0.87712041345470582	True
389	1.1169168326482446	True
390	0.419037676458547	True
391	0.72282441831985111	True
392	0.47945299522936563	True
393	0.78527904848781671	True
394	0.87586084599384229	True
395	0.57296791825482907	True
396	0.79116684013894423	True
397	-0.077057975507637211	True
398	0.44742191899474543	True
399	0.87519687808273472	True
400	0.64547614219001193	True
401	0.98961446338978398	True
402	1.4539960696390481	True
403	0.79010670184144538	True
404	0.076786138274024529	True
405	1.4033174311999039	True
406	0.67341928712337018	True
407	0.89018667628837633	True
408	0.35507559362043162	True
409	0.97827135102541107	True
410	0.77857381501520462	True
411	0.99107404429985069	True
412	0.89484364050507348	True
413	0.50699730072759797	True
414	0.34158603262071113	True
415	1.1707745158952227	True
416	0.29227316432245914	True
417	0.56902181312232314	True
418	0.90676226561669704	True
419	0.89917744937335975	True
420	0.36773121362699834	True
421	0.0028359816743114903	True
422	1.0569501702432602	True
423	0.16079233683619854	True
424	0.32304277026656297	True
425	0.12465184809356497	True
426	0.96045368306029555	True
427	0.45330229836503144	True
428	0.99900255271380178	True
429	1.3779436078957565	True
430	1.1996470277938325	True
431	0.035652285271583407	True
432	1.2142294999751508	True
433	0.53966661064373966	True
434	0.64787051006502183	True
435	0.99583308835467343	True
436	1.0938512835433032	True
437	0.26646678326713136	True
438	0.28946578399732542	True
439	0.51390314008393734	True
440	0.8076120388451451	True
441	0.6077777166006576	True
442	1.0319425999290399	True
443	0.59449319311566984	True
444	0.55185694361908089	True
445	0.88814901850601857	True
446	0.65934732983454114	True
447	1.5949751663501444	True
448	0.46395550655950424	True
449	1.0898026276198778	True
450	0.82112282856825247	True
451	0.41193698879902868	True
452	1.0677292673057603	True
453	1.3084846503380656	True
454	0.40251815439143085	True
455	0.064308661290767136	True
456	0.54799163259735784	True
457	0.75631168837353313	True
458	0.61013817884377652	True
459	0.98965671769353958	True
460	0.40719088892805294	True
461	1.1433883516871535	True
462	0.65269588567844261	True
463	0.99446601026434178	True
464	0.89980005546573694	True
465	0.85936757890283755	True
466	0.44091429889747369	True
467	0.71183310329656846	True
468	1.6282646081827574	True
469	0.8445681802560765	True
470	0.8719986157834142	True
471	1.0840996544802113	True
472	0.87062962907359054	True
473	0.8477736562063527	True
474	0.14211502010602481	True
475	0.71648752628684864	True
476	0.60773395013426867	True
477	0.45214877875992349	True
478	0.58404126237508369	True
479	0.39805338392632211	True
480	0.38135617152761059	True
481	0.70980520133760727	True
482	0.5234075552185723	True
483	0.76250849365390139	True
484	0.24562157800853482	True
485	1.0758335325549062	True
486	1.1364316872599718	True
487	0.70354842917032256	True
488	0.60920722721095533	True
489	1.3473145999014233	True
490	0.90198387835580329	True
491	0.63836157150825579	True
492	0.65773683135926453	True
493	0.35154628505722052	True
494	0.41178405527236828	True
495	0.47982003519688499	True
496	0.90352386323027567	True
497	1.027910812869568	True
498	0.57989405490895041	True
499	1.0562856776865821	True
500	1.014489784871357	True
501	-0.013860585940655873	True
502	0.18870996086107217	True
503	0.45555145047897661	True
504	0.32248711652978423	True
505	1.1409743274165289	True
506	0.94349397921387745	True
507	1.392212082194219	True
508	0.79213331632722395	True
509	1.1098522492830682	True
510	1.2676595386161575	True
511	0.69163230335114156	True
512	1.5909385697948324	True
513	0.54753006265795012	True
514	0.71414638892017424	True
515	0.27610598872645242	True
516	0.58752027115358996	True
517	0.73260277629018977	True
518	0.39631723661927937	True
519	0.94090793275519835	True
520	0.69607631843127615	True
521	0.60271414015822267	True
522	0.68485996026317153	True
523	0.69212516318831674	True
524	0.43882183163560667	True
525	0.74190744734253078	True
526	0.74687402852552498	True
527	1.2034884899432836	True
528	0.43221795069965852	True
529	1.1545092079563795	True
530	0.26560462822973174	True
531	0.64458850335756523	True
532	0.87932468656100371	True
533	0.24529372767873089	True
534	0.69661362313093822	True
535	0.76869961533657716	True
536	0.93795856336110284	True
537	0.63113264276479741	True
538	0.63916786195898168	True
539	0.24427540991718888	True
540	0.49436332266541888	True
541	0.75077005374137895	True
542	0.98367809037550114	True
543	0.84666271885324929	True
544	0.1270369368111387	True
545	0.38530150625113552	True
546	0.7670513104320198	True
547	1.1416422697564876	True
548	0.88480416640069504	True
549	0.7895912004500093	True
550	0.93016950166484025	True
551	0.64785902537496654	True
552	0.14635692035778494	True
553	0.6574658508652953	True
554	0.21959481744167492	True
555	0.73695959379338427	True
556	1.032851444961975	True
557	0.8769205852121893	True
558	1.0506087432569631	True
559	1.0842760828033258	True
560	1.198802348252769	True
561	0.1066995955698304	True
562	0.58710056806946165	True
563	1.207086660659312	True
564	1.1708578927602828	True
565	0.28388234803066664	True
566	1.4486385472221146	True
567	0.75524907177474165	True
568	0.2736114798730061	True
569	0.53889300967485543	True
570	0.73022367664003829	True
571	0.39520003595270564	True
572	0.22562751948035806	True
573	0.25455700582517621	True
574	0.26389014923948984	True
575	1.1497128220371773	True
576	1.0753104850556665	True
577	0.70583789329821944	True
578	1.0510852764850871	True
579	0.73028203056296981	True
580	0.56919869548409752	True
581	1.0860317736194784	True
582	1.1050723403918368	True
583	0.64268815974595606	True
584	0.39461239656650376	True
585	0.95914021485127754	True
586	0.56102707591420664	True
587	1.2918031987579153	True
588	0.61197923779151586	True
589	0.4456573054975877	True
590	0.8848174351658985	True
591	0.55609306198453656	True
592	0.50252334741564431	True
593	1.107985958792526	True
594	0.78792084112551652	True
595	1.2552705512565057	True
596	0.41824930461607635	True
597	0.6311910989363072	True
598	0.74907696028697135	True
599	0.62233111346491454	True
600	0.13123233952796742	True
601	0.48490270361275745	True
602	0.73051794115568303	True
603	0.47412469264660739	True
604	0.55801288029616014	True
605	0.38919734156244173	True
606	0.35147994176045949	True
607	0.51223562648987819	True
608	0.94943824721473247	True
609	0.78722303172562957	True
610	0.64608550324927905	True
611	0.23663864948658639	True
612	1.3339630625250862	True
613	0.66717373215429121	True
614	0.76608291445383425	True
615	0.27561108776794579	True
616	0.31963666836453714	True
617	1.2885394369091163	True
618	0.67286978792058583	True
619	0.79162387646568166	True
620	0.75128666865443838	True
621	0.8116304187315545	True
622	0.65775196930056945	True
623	1.4928988428717722	True
624	1.0039265925714029	True
625	1.0863345566707199	True
626	0.86586724859990194	True
627	0.69430524912526381	True
628	0.59701130601032182	True
629	0.38179609716372093	True
630	0.92834320326724284	True
631	0.49840215018839867	True
632	1.1538296954537184	True
633	0.84396698059393349	True
634	1.2155206720684892	True
635	1.5160349643721684	True
636	0.64600539006011237	True
637	0.31699262058456573	True
638	0.84209990310875371	True
639	0.13135880798040181	True
640	1.125093574571745	True
641	0.333351947430157	True
642	0.43661519698169371	True
643	0.60155102579567754	True
644	0.17137194960324445	True
645	0.80180484764751647	True
646	0.56317919288827456	True
647	0.36712076815705824	True
648	0.28945245000945846	True
649	-0.001449109854227698	True
650	0.52329487170999955	True
651	0.08084818543417352	True
652	0.74725330246455079	True
653	0.66560190221838555	True
654	1.2518311333335761	True
655	0.98967062339260414	True
656	0.66001511318430151	True
657	0.76933652646541284	True
658	0.65990817451045669	True
659	0.44816249988743839	True
660	0.78954809681088678	True
661	0.60606219632499581	True
662	0.6006981448285108	True
663	0.48404759438722283	True
664	0.60474739035578184	True
665	0.67779713444813283	True
666	0.16122565763906355	True
667	0.77197827215265769	True
668	0.84347784896317579	True
669	0.64884048715104059	True
670	1.5223017879963925	True
671	0.32508141129735801	True
672	1.0457743411656406	True
673	0.79580937581823552	True
674	0.89236085448770641	True
675	0.44414540892577331	True
676	0.77357558706934726	True
677	0.58774062353065071	True
678	0.59954934313358732	True
679	0.97639387006883749	True
680	1.1074044318486984	True
681	0.79196026429878985	True
682	0.41236882181902318	True
683	0.51040092487043431	True
684	0.76007062318973517	True
685	1.4320897712711256	True
686	0.63860367765009274	True
687	0.46682682940655024	True
688	0.5907446927515575	True
689	0.15691914677993873	True
690	0.64953760141292238	True
691	0.45721027594021041	True
692	1.3863772893566295	True
693	0.45248943145036336	True
694	0.57094564619087906	True
695	0.54336621419780151	True
696	1.1026344818547085	True
697	0.65186764888938875	True
698	1.0062436846300107	True
699	0.80318673821883979	True
700	0.30441532266400056	True
701	0.49848337448296143	True
702	1.3137503094644103	True
703	0.58608431050763965	True
704	0.88484473971957878	True
705	0.67830916840654676	True
706	0.56846157498575345	True
707	1.2425145073730723	True
708	0.3104184683965428	True
709	1.193606328799635	True
710	0.22657700610099962	True
711	0.64283540661253646	True
712	0.90754106229482412	True
713	0.63604032828088619	True
714	0.88739011479477881	True
715	1.445575908740935	True
716	0.4613914313202207	True
717	1.0235314160666669	True
718	0.23091336940453988	True
719	0.078175151502681076	True
720	1.2126651624194895	True
721	0.20842398363560494	True
722	0.9442043784001195	True
723	0.41306792353550237	True
724	0.75619396820115548	True
725	0.99526418296869168	True
726	1.0586386825551763	True
727	1.0231744474149878	True
728	0.45768138603563224	True
729	0.87507972115797839	True
730	0.19227886028250288	True
731	0.50340526276252617	True
732	0.48645461278530422	True
733	0.29637980002326164	True
734	0.7972969709033525	True
735	0.78077505804293823	True
736	0.86795178624089486	True
737	0.89081367455067817	True
738	0.24462554930196445	True
739	0.23470523186440323	True
740	0.32682525087246594	True
741	0.40064549366529362	True
742	0.728897784505809	True
743	1.2839058897481539	True
744	0.58687870313264934	True
745	0.89045729881988855	True
746	0.74381069720606474	True
747	0.41248979691436	True
748	0.57154601150108075	True
749	0.056103329553379641	True
750	0.49883416466647523	True
751	0.83378628967015755	True
752	0.61024215272060023	True
753	1.0843790762556702	True
754	0.62587162013564779	True
755	1.2008159718751306	True
756	0.78530674556313962	True
757	0.33591584393695562	True
758	0.67068926712247612	True
759	0.60408120312004143	True
760	0.75872604423891488	True
761	1.128381977152888	True
762	1.5941821287543803	True
763	0.71502610634421293	True
764	0.37830285412488218	True
765	0.92401047370558875	True
766	0.52460728453886973	True
767	0.90358041566510328	True
768	0.78616795323258903	True
769	1.5127598661949639	True
770	1.9293115381768462	True
771	0.56754840096445092	True
772	0.30674425404364147	True
773	0.39747545834491255	True
774	0.60627709029544241	True
775	0.61993821484124678	True
776	0.56652217837964725	True
777	0.55354028359866025	True
778	0.543965325012709	True
779	0.36425420723185986	True
780	0.89712885301982148	True
781	0.67557714193523166	True
782	0.62222577438756699	True
783	0.15405789196356526	True
784	1.2593019809633976	True
785	1.0450938815808062	True
786	0.62996758800696007	True
787	0.35203621219096981	True
788	0.48799970587726604	True
789	0.36593332894398539	True
790	0.22737418453968697	True
791	1.1135852418765488	True
792	0.66680096755627105	True
793	0.83690370718652007	True
794	1.2666655550647237	True
795	0.49943555886300384	True
796	0.6068917792374332	True
797	0.24469153985391401	True
798	0.40363472503527448	True
799	0.40174539821862204	True
800	0.43224525931836666	True
801	0.88890199531979297	True
802	0.53196084017515632	True
803	0.42967630230534071	True
804	0.63716209085817399	True
805	0.61559780198714242	True
806	0.77881138030561525	True
807	0.93971730249146102	True
808	0.93743138264977466	True
809	0.33323233059142077	True
810	0.63857797138455852	True
811	0.2880361265656618	True
812	0.26735820874375005	True
813	1.0270960578149437	True
814	0.78212370918907193	True
815	1.2098610063217572	True
816	0.56166123978886884	True
817	0.16454192622040104	True
818	0.69749943936673986	True
819	0.48456843627533819	True
820	1.2306350636267747	True
821	0.29783658422221182	True
822	0.76303970110858788	True
823	0.30107008550221875	True
824	0.85447818982340495	True
825	0.90487730185985016	True
826	0.58975138019837536	True
827	0.93710367251026616	True
828	1.1023585779801937	True
829	0.86054254197246016	True
830	1.0564291993183932	True
831	0.57351826875949508	True
832	0.63684570883209402	True
833	-0.17023517150025455	True
834	1.1809924879344404	True
835	1.0886789840112199	True
836	0.51822211056254874	True
837	0.42436807346551447	True
838	0.89794311802475779	True
839	0.75576124067043415	True
840	0.82256339838322046	True
841	0.90661671050861248	True
842	0.31878183497918799	True
843	0.8665853445989895	True
844	0.60426840563907702	True
845	0.8903501564746884	True
846	-0.013705162443041721	True
847	1.4410808321395556	True
848	0.86616117064743592	True
849	0.22318926668391004	True
850	0.5657375579394236	True
851	0.65588156909778228	True
852	1.1688592978353238	True
853	1.2646370280429142	True
854	0.41269498739277116	True
855	0.45229913632615248	True
856	1.3014088804698536	True
857	0.25736292719926362	True
858	1.6381013811676832	True
859	1.5983136846500339	True
860	0.41652174330429448	True
861	0.53992563336604027	True
862	1.0739622138252485	True
863	0.55408597796643411	True
864	0.76570698226646006	True
865	0.69293453224993129	True
866	1.1199228120279676	True
867	0.78893647392339494	True
868	0.10639041076399033	True
869	0.20824292842823969	True
870	0.48847139810681017	True
871	0.39571585984282215	True
872	1.1359298383919547	True
873	0.90412987264451627	True
874	0.6859093739235983	True
875	0.83708495214342993	True
876	0.67734044895902612	True
877	0.69281439723053617	True
878	0.66610514623894057	True
879	0.96173504656804154	True
880	0.91666073082582833	True
881	0.46867538629919142	True
882	0.57017291652216329	True
883	0.482416867171439	True
884	0.43068241239564437	True
885	0.72388314886991412	True
886	0.33151596737707884	True
887	0.95851083383191105	True
888	0.97471238732872301	True
889	0.9647268577536271	True
890	1.0897119273915568	True
891	0.94139777827998927	True
892	0.25168161994213178	True
893	1.0524949322842228	True
894	1.2296755213974031	True
895	0.38590478153780033	True
896	0.86637765526733745	True
897	1.2985123218472436	True
898	1.3281328720443113	True
899	0.96883319797198231	True
900	-0.25362881956064093	True
901	1.007480413058907	True
902	0.71194804714884974	True
903	0.32434593958168434	True
904	0.94930610784595448	True
905	0.20472708273267198	True
906	0.38906076885987689	True
907	0.77492950759285228	True
908	1.2974692084876844	True
909	0.7218768125301912	True
910	0.83928400682556348	True
911	0.44003234773266181	True
912	1.296084684014037	True
913	0.62636295638400497	True
914	0.204538614876703	True
915	0.93468941051968701	True
916	1.7020672115889299	True
917	1.2339789236370353	True
918	0.15579001892990921	True
919	0.98600300272068697	True
920	0.57597499709682431	True
921	0.40395864324608588	True
922	0.8308405242400001	True
923	0.7684961511003614	True
924	0.78178391104658307	True
925	0.43146329001927153	True
926	0.78701865564350093	True
927	0.8353745598074851	True
928	0.54212867504681705	True
929	0.52159550033916779	True
930	0.79569943861288162	True
931	0.35655625246235256	True
932	1.092416069086247	True
933	0.34541330753941102	True
934	0.68404885456533093	True
935	1.3488261894902818	True
936	0.62103893825024992	True
937	0.50397795176740356	True
938	-0.30429222050188937	True
939	0.55354347394180803	True
940	1.3545177424086756	True
941	0.39224366692449569	True
942	-0.0013058893902458304	True
943	1.5773612331354223	True
944	1.3801680067736601	True
945	0.19535788889009698	True
946	0.43583209496081765	True
947	0.42652866984200344	True
948	0.10005385241206828	True
949	0.54981687706160864	True
950	0.67247615875083189	True
951	0.70074803767627269	True
952	0.97435733647930767	True
953	1.1554823085822563	True
954	0.43650628231612676	True
955	0.78493090875397853	True
956	0.57516189099556714	True
957	0.4847153011260617	True
958	0.20935518334847494	True
959	1.4314572866266169	True
960	0.25906238016678068	True
961	0.85024102303532334	True
962	0.39527228675461612	True
963	0.70974492112883969	True
964	0.98445602265022947	True
965	0.70947618630601428	True
966	0.55730818083776024	True
967	0.39733538516429501	True
968	1.1368890371959846	True
969	0.74442716086482164	True
970	1.064864733985867	True
971	0.19960889715628127	True
972	0.3913672967664984	True
973	1.1886352261752839	True
974	0.23090436163040715	True
975	0.96031937128515388	True
976	0.66654364865746329	True
977	0.74121329718666307	True
978	0.59078535039011215	True
979	1.0613441317290204	True
980	0.49737738584481866	True
981	0.98501563058244535	True
982	0.78486421485580182	True
983	0.60226662947383713	True
984	0.31132040466002431	True
985	0.92707076230621244	True
986	1.3334660833309597	True
987	0.77302926359954427	True
988	0.50058252581333063	True
989	0.94860215514248303	True
990	0.5735661410348214	True
991	0.83144605826105022	True
992	0.65106568527668973	True
993	0.97363703947609703	True
994	0.98606451581929722	True
995	1.0199019617364888	True
996	0.88545770021790415	True
997	0.98429653705763065	True
998	0.4166811743705211	True
999	0.47636852171191579	True
1000	0.38270319816867493	True
