gene_symbol	intercept	high	Y	EUR_ld_block
ABCA8	1	0	0.98884813068495325	EUR:chr17:64800430-67858770
ABCC2	1	0	0.75870169456167391	EUR:chr10:100668400-102949239
ABCC9	1	0	0.42016106274635656	EUR:chr12:20863943-23820634
ABCE1	1	1	0.55372142197845065	EUR:chr4:143443265-146178187
ABCG2	1	1	2.5722386855472834	EUR:chr4:87534648-89238028
ABCG4	1	0	0.10781734144313924	EUR:chr11:117747110-119215476
ABCG5	1	0	-0.017524979117350264	EUR:chr2:43309590-44313803
ABCG8	1	0	-0.01232193202534995	EUR:chr2:43309590-44313803
ABHD1	1	1	1.9782550616846772	EUR:chr2:26894985-28598777
ABHD6	1	0	-0.63191026010074214	EUR:chr3:58157519-60272906
ABHD8	1	0	1.6757916218132327	EUR:chr19:16374416-18409862
ABT1	1	1	2.5433917290045267	EUR:chr6:25684587-26791233
ACAD10	1	1	-1.784545757311907	EUR:chr12:110336719-113263518
ACADS	1	0	0.46699330251107957	EUR:chr12:119754110-122007651
ACOT13	1	1	1.9949995430063381	EUR:chr6:23936619-24852275
ACOX2	1	0	-0.53151415130660051	EUR:chr3:58157519-60272906
ACRV1	1	0	-0.59309742461951331	EUR:chr11:124495528-126311320
ACSL5	1	0	0.38099619288423958	EUR:chr10:112561493-115328432
ACTL7A	1	0	-0.62340783703179592	EUR:chr9:110695062-112778024
ACTL7B	1	0	-0.56203929638920525	EUR:chr9:110695062-112778024
ADAM15	1	1	-1.1800749740752483	EUR:chr1:154770403-156336133
ADAMTS13	1	1	-1.0832096309089567	EUR:chr9:135298842-137041122
ADAMTS15	1	0	-1.7008421265975129	EUR:chr11:128188537-130342575
ADAMTS4	1	0	-0.5219201512874283	EUR:chr1:159913048-162346721
ADAMTS8	1	0	-1.6702425997777519	EUR:chr11:128188537-130342575
ADAMTSL2	1	1	-1.1511789146315872	EUR:chr9:135298842-137041122
ADAR	1	0	-1.3085959469454838	EUR:chr1:153180829-154770403
ADH1A	1	0	2.2864233325503984	EUR:chr4:99424067-100678360
ADH4	1	0	2.2920666595120052	EUR:chr4:99424067-100678360
ADH5	1	0	2.288296353668275	EUR:chr4:99424067-100678360
ADH6	1	0	2.2901774371811165	EUR:chr4:99424067-100678360
ADH7	1	0	2.2790103813303357	EUR:chr4:99424067-100678360
ADIPOQ	1	0	0.82598017711783678	EUR:chr3:185068255-186890344
ADO	1	0	-1.0425079272265501	EUR:chr10:63341695-65794114
ADORA2A	1	0	1.2208807015987992	EUR:chr22:23712647-24984204
ADPRH	1	0	-1.4033176154908127	EUR:chr3:118530251-120523055
AFF1	1	1	2.5685140838115519	EUR:chr4:87534648-89238028
AGBL5	1	1	1.9821451604627436	EUR:chr2:26894985-28598777
AGER	1	1	0.48739802087608131	EUR:chr6:31571218-32682664
AGMAT	1	0	2.3316885988797935	EUR:chr1:14891511-16897730
AGPAT1	1	1	0.48693555207186118	EUR:chr6:31571218-32682664
AHCYL2	1	0	0.80991130856737481	EUR:chr7:128778386-130422414
AIFM2	1	0	0.99759198001366423	EUR:chr10:70195991-72220850
AIM2	1	0	-1.052698691347066	EUR:chr1:158027412-159913048
AK4	1	0	-0.063156036749845282	EUR:chr1:65041704-66939404
AK8	1	1	-0.58463046206014269	EUR:chr9:135298842-137041122
AKAP8	1	0	0.7177088796678287	EUR:chr19:14486347-15648610
AKAP8L	1	0	0.71487775869872383	EUR:chr19:14486347-15648610
AKNA	1	0	0.23150739624982522	EUR:chr9:117019801-117921960
AKTIP	1	0	0.15366450973234552	EUR:chr16:53382572-55903774
ALAD	1	0	-0.97202245106476048	EUR:chr9:115693145-117019801
ALDH16A1	1	1	0.47188465549222747	EUR:chr19:49282227-51532567
ALDH2	1	1	-0.85838088663222478	EUR:chr12:110336719-113263518
ALDH5A1	1	1	1.4550115431966506	EUR:chr6:23936619-24852275
ALOX5AP	1	0	-0.48570281056802483	EUR:chr13:30483267-32301815
ALPI	1	0	-2.2699168646134993	EUR:chr2:231843389-233550003
ALPK2	1	0	-0.49311042137044786	EUR:chr18:55213838-56530220
ALPL	1	0	-0.55803549996137247	EUR:chr1:21736588-23086883
ALPP	1	0	-2.1775564651965102	EUR:chr2:231843389-233550003
AMBP	1	0	0.31926958687508467	EUR:chr9:115693145-117019801
AMIGO3	1	0	0.41344117518939183	EUR:chr3:49316972-51832015
AMN	1	0	-1.3499975532563695	EUR:chr14:103012102-105001723
AMOTL1	1	0	0.26795003471718015	EUR:chr11:94242260-95726041
AMT	1	0	0.25703864174056507	EUR:chr3:49316972-51832015
AMZ2	1	0	0.33197341401529851	EUR:chr17:64800430-67858770
ANAPC10	1	1	0.49852889057336897	EUR:chr4:143443265-146178187
ANAPC5	1	1	0.90132615270723937	EUR:chr12:119754110-122007651
ANAPC7	1	0	-1.5070684717110134	EUR:chr12:110336719-113263518
ANKLE1	1	0	1.6741214982580854	EUR:chr19:16374416-18409862
ANKRA2	1	0	0.70976089562548439	EUR:chr5:71240456-73759326
ANKRD49	1	0	0.04738751383283854	EUR:chr11:93276157-94242260
ANKRD54	1	0	1.5344814806553768	EUR:chr22:37570269-39307894
ANKRD9	1	0	-1.4593657373029922	EUR:chr14:101534307-103012102
ANO8	1	0	1.6757916218132327	EUR:chr19:16374416-18409862
ANXA2	1	0	-0.51549866988033244	EUR:chr15:59694116-61265836
AP1M1	1	0	0.57539724574186202	EUR:chr19:15648610-16374416
AP2A1	1	0	-0.31351223231295661	EUR:chr19:49282227-51532567
APEH	1	0	0.35871282978171742	EUR:chr3:49316972-51832015
APLP2	1	0	-0.94771649799371727	EUR:chr11:128188537-130342575
APOBEC3A	1	0	0.62274289032535202	EUR:chr22:39307894-40545797
APOBEC3B	1	0	0.6294048294931438	EUR:chr22:39307894-40545797
APOBEC3C	1	0	0.62374041376108902	EUR:chr22:39307894-40545797
APOBEC3D	1	0	0.61643955058217526	EUR:chr22:39307894-40545797
APOBEC3F	1	0	0.60917139850724633	EUR:chr22:39307894-40545797
APOBEC3G	1	0	0.59718322674864854	EUR:chr22:39307894-40545797
APOBEC3H	1	0	0.57992668226102251	EUR:chr22:39307894-40545797
APOL1	1	0	0.98084345822111629	EUR:chr22:35530985-37570269
APOL2	1	0	0.99197822225096155	EUR:chr22:35530985-37570269
APOL3	1	0	1.0194474150186101	EUR:chr22:35530985-37570269
APOL4	1	0	1.0153125753595404	EUR:chr22:35530985-37570269
APOL5	1	0	-0.11043410759946776	EUR:chr22:35530985-37570269
APOL6	1	0	0.12228814856182074	EUR:chr22:35530985-37570269
APPL1	1	0	-0.25576530422642418	EUR:chr3:56433907-58157519
AQP10	1	0	-1.3199611232710944	EUR:chr1:153180829-154770403
ARCN1	1	0	0.14563447451779235	EUR:chr11:117747110-119215476
ARF4	1	0	-0.21326367305057611	EUR:chr3:56433907-58157519
ARHGAP24	1	0	1.6696905185420388	EUR:chr4:84799656-86930609
ARHGAP30	1	0	-0.049854753073545206	EUR:chr1:159913048-162346721
ARHGAP31	1	0	-0.82945128693018411	EUR:chr3:118530251-120523055
ARHGAP32	1	0	-0.31926958687508467	EUR:chr11:128188537-130342575
ARHGAP8	1	1	3.2800896636774599	EUR:chr22:44995308-46470495
ARHGEF19	1	0	2.3893776151755497	EUR:chr1:14891511-16897730
ARHGEF2	1	0	-2.4763816689185401	EUR:chr1:154770403-156336133
ARIH2	1	0	0.24432364310131349	EUR:chr3:47727212-49316972
ARL14	1	0	-0.016292640861807744	EUR:chr3:159477890-161524504
ARL4C	1	0	-0.13581731826504823	EUR:chr2:235150987-236043550
ARL5B	1	0	-0.29744610479536038	EUR:chr10:18537267-19716878
ARL5C	1	0	0.14604958649755365	EUR:chr17:36809344-38877404
ARMC6	1	1	2.8089566918192248	EUR:chr19:18409862-19877471
ARPC3	1	1	-1.8441642182169635	EUR:chr12:110336719-113263518
ARRDC2	1	0	1.8228437968280811	EUR:chr19:16374416-18409862
ARSG	1	0	0.38084898407057594	EUR:chr17:64800430-67858770
ART1	1	0	0.60719476356774182	EUR:chr11:3665481-4746709
ART5	1	0	0.62890421763218995	EUR:chr11:1213590-3665481
ASB14	1	0	-0.25746318010668645	EUR:chr3:56433907-58157519
ASB2	1	1	1.8301019640475262	EUR:chr14:94325285-95750867
ASB6	1	0	1.3834395788992642	EUR:chr9:132165470-133223217
ASCL2	1	0	-0.22967965307674196	EUR:chr11:1213590-3665481
ASH1L	1	0	-1.7634146832614901	EUR:chr1:154770403-156336133
ASL	1	0	0.13125892404085543	EUR:chr7:63641125-65689809
ATF4	1	0	-1.1472043449659648	EUR:chr22:39307894-40545797
ATF6	1	0	-0.1442509487337737	EUR:chr1:159913048-162346721
ATF6B	1	1	0.48986628568452117	EUR:chr6:31571218-32682664
ATG16L1	1	0	-1.0770760690020695	EUR:chr2:233550003-235150987
ATG7	1	0	-0.46074252501058022	EUR:chr3:11019665-13070799
ATP13A1	1	1	2.6998785470787907	EUR:chr19:18409862-19877471
ATP13A2	1	0	2.3823047379544677	EUR:chr1:16897730-18662899
ATP6V1E1	1	0	-1.0039169484701547	EUR:chr22:17674295-18296088
ATP6V1F	1	0	0.9262681854803082	EUR:chr7:126869221-128778386
ATP6V1G1	1	0	0.28958476550795215	EUR:chr9:117019801-117921960
ATP8B1	1	0	-0.33805541716349186	EUR:chr18:55213838-56530220
ATP8B2	1	0	-1.3225829387508847	EUR:chr1:153180829-154770403
ATXN2	1	1	-1.2197276508369059	EUR:chr12:110336719-113263518
B3GALT4	1	1	0.75541957919160252	EUR:chr6:33236497-35455756
B3GNT3	1	0	1.7014239854404347	EUR:chr19:16374416-18409862
B4GALNT3	1	0	-1.5557096166637656	EUR:chr12:61107-1080331
B4GALT3	1	0	-0.4293006997409437	EUR:chr1:159913048-162346721
B4GALT4	1	0	-0.70063202234973743	EUR:chr3:118530251-120523055
BABAM1	1	0	1.6735658267260209	EUR:chr19:16374416-18409862
BAG5	1	0	-0.54242572664891375	EUR:chr14:103012102-105001723
BAK1	1	1	0.64668974752407482	EUR:chr6:33236497-35455756
BANK1	1	1	1.6183996730553063	EUR:chr4:100678360-103221356
BARHL1	1	1	-0.46104702171056855	EUR:chr9:135298842-137041122
BARX2	1	0	-0.28359361500685243	EUR:chr11:128188537-130342575
BASP1	1	0	-0.7333843390903827	EUR:chr5:16963613-18051592
BAX	1	1	-1.1530399518299961	EUR:chr19:49282227-51532567
BCAM	1	0	-1.5204146512711665	EUR:chr19:44744108-46102697
BCAT2	1	1	-0.74183062787488419	EUR:chr19:49282227-51532567
BCL2L12	1	1	0.44405988256751672	EUR:chr19:49282227-51532567
BCL2L13	1	0	-0.73445966741786406	EUR:chr22:17674295-18296088
BCL3	1	0	-1.6432405675487187	EUR:chr19:44744108-46102697
BCL6	1	0	-0.40510460368345041	EUR:chr3:186890344-188856214
BCL7A	1	0	1.0217520972488248	EUR:chr12:122007651-124977980
BCL9L	1	0	0.08374790501285638	EUR:chr11:117747110-119215476
BDH2	1	0	1.6592963390302771	EUR:chr4:103221356-105305294
BID	1	0	-0.66604886431182753	EUR:chr22:17674295-18296088
BLOC1S2	1	0	0.89947810019246244	EUR:chr10:100668400-102949239
BLOC1S3	1	0	0.019168138516255078	EUR:chr19:44744108-46102697
BNIP2	1	0	-0.72730674239090265	EUR:chr15:59694116-61265836
BPNT1	1	1	1.8903265988544866	EUR:chr1:219590571-221858231
BPTF	1	0	0.079489628272069665	EUR:chr17:64800430-67858770
BRAP	1	1	-0.90235417983378841	EUR:chr12:110336719-113263518
BRD2	1	1	0.94172704508026228	EUR:chr6:32682664-33236497
BRD3	1	1	-0.45026327233081204	EUR:chr9:135298842-137041122
BRD4	1	0	0.72998471074354498	EUR:chr19:14486347-15648610
BSN	1	0	0.25661414969619156	EUR:chr3:49316972-51832015
BSPRY	1	0	-0.94172704508026228	EUR:chr9:115693145-117019801
BST2	1	0	1.6791459623306173	EUR:chr19:16374416-18409862
BTBD7	1	0	1.4725971769172819	EUR:chr14:93132299-94325285
BTF3	1	0	0.72659349831818587	EUR:chr5:71240456-73759326
BTN1A1	1	1	2.5364998450319192	EUR:chr6:25684587-26791233
BTN2A1	1	1	2.5263826904087958	EUR:chr6:25684587-26791233
BTN2A2	1	1	2.5197788490331781	EUR:chr6:25684587-26791233
BTN3A1	1	1	2.5230670157461637	EUR:chr6:25684587-26791233
BTN3A2	1	1	2.4535331913055942	EUR:chr6:25684587-26791233
BTN3A3	1	1	2.5330985824751537	EUR:chr6:25684587-26791233
BTNL2	1	1	0.6512526775945694	EUR:chr6:31571218-32682664
C11orf54	1	0	0.45785193101249516	EUR:chr11:93276157-94242260
C12orf43	1	0	0.54750809272786938	EUR:chr12:119754110-122007651
C16orf74	1	0	0.37923023089402341	EUR:chr16:85148685-86156599
C17orf58	1	0	0.15144835975482718	EUR:chr17:64800430-67858770
C17orf98	1	0	-0.029028337222211018	EUR:chr17:36809344-38877404
C19orf44	1	0	-0.29730300863072356	EUR:chr19:16374416-18409862
C1QA	1	0	-1.250251736774628	EUR:chr1:21736588-23086883
C1QB	1	0	-1.1770589152996711	EUR:chr1:21736588-23086883
C1QC	1	0	-1.2177137049944284	EUR:chr1:21736588-23086883
C1QTNF5	1	0	-0.16094161561259862	EUR:chr11:119215476-120766806
C1QTNF6	1	0	1.404050958113046	EUR:chr22:37570269-39307894
C1orf115	1	1	1.8766119106906785	EUR:chr1:219590571-221858231
C1orf141	1	0	0.18101627914385493	EUR:chr1:66939404-68477895
C1orf226	1	0	-0.25265444193685255	EUR:chr1:159913048-162346721
C1orf43	1	0	-1.2872990931149766	EUR:chr1:153180829-154770403
C2	1	1	0.32316178076576252	EUR:chr6:31571218-32682664
C22orf15	1	0	1.1160389005812021	EUR:chr22:23712647-24984204
C22orf23	1	0	1.5023966459483726	EUR:chr22:37570269-39307894
C22orf39	1	0	-0.56364333748709017	EUR:chr22:18296088-19912358
C2CD2L	1	0	0.12697928094546188	EUR:chr11:117747110-119215476
C2orf16	1	1	1.9427125095013165	EUR:chr2:26894985-28598777
C4A	1	0	0.33544732614467709	EUR:chr6:31571218-32682664
C4B	1	1	0.77080680360514464	EUR:chr6:31571218-32682664
C4orf17	1	0	2.2717205897982446	EUR:chr4:99424067-100678360
C4orf36	1	1	2.5993639581359895	EUR:chr4:87534648-89238028
C5orf22	1	0	-0.3195577310022148	EUR:chr5:31390249-33500180
C6orf62	1	1	2.2958698319058652	EUR:chr6:23936619-24852275
C9orf43	1	0	-0.93704464304463231	EUR:chr9:115693145-117019801
C9orf50	1	0	1.3909645792098617	EUR:chr9:132165470-133223217
C9orf78	1	0	1.3268628829311833	EUR:chr9:132165470-133223217
CA11	1	1	-0.76455684602806506	EUR:chr19:47150082-49282227
CABIN1	1	0	1.0467606007642809	EUR:chr22:23712647-24984204
CABP1	1	0	0.44285146241397316	EUR:chr12:119754110-122007651
CABP5	1	1	-0.10726653796696664	EUR:chr19:47150082-49282227
CACNA1I	1	0	-1.1162941432976443	EUR:chr22:39307894-40545797
CACNB1	1	0	0.143282645105932	EUR:chr17:36809344-38877404
CACNB2	1	0	-0.26341162964926651	EUR:chr10:16551767-18537267
CACNG1	1	0	0.052870681403803299	EUR:chr17:64800430-67858770
CACNG2	1	0	1.0256825620529171	EUR:chr22:35530985-37570269
CACNG4	1	0	0.05149974692263707	EUR:chr17:64800430-67858770
CACNG5	1	0	-0.18407883687775795	EUR:chr17:64800430-67858770
CACNG6	1	0	-1.3034562924976112	EUR:chr19:52985290-54602362
CACNG7	1	0	-1.2798106965902569	EUR:chr19:52985290-54602362
CACNG8	1	0	-1.2910705100464619	EUR:chr19:52985290-54602362
CAD	1	1	1.959240246875978	EUR:chr2:26894985-28598777
CADM3	1	0	-1.163213174575493	EUR:chr1:158027412-159913048
CALR3	1	0	-0.29816167705131585	EUR:chr19:16374416-18409862
CALU	1	0	0.91601470166479104	EUR:chr7:126869221-128778386
CAMKK2	1	1	0.82328729075730256	EUR:chr12:119754110-122007651
CAND2	1	0	1.3385083257285944	EUR:chr3:11019665-13070799
CARD10	1	0	1.5182437030925353	EUR:chr22:37570269-39307894
CARD8	1	1	-0.19341648817932808	EUR:chr19:47150082-49282227
CASC3	1	0	-0.78135282681139173	EUR:chr17:36809344-38877404
CASP14	1	0	0.75123756793808039	EUR:chr19:14486347-15648610
CASP9	1	0	2.3275586585824888	EUR:chr1:14891511-16897730
CBL	1	0	-0.045742848840704217	EUR:chr11:117747110-119215476
CBLC	1	0	-1.6609256254213554	EUR:chr19:44744108-46102697
CBX6	1	0	0.59571119282866225	EUR:chr22:37570269-39307894
CBX7	1	0	0.45132411488463953	EUR:chr22:39307894-40545797
CBY1	1	0	1.2757842754429201	EUR:chr22:37570269-39307894
CCAR1	1	0	0.74038923584044891	EUR:chr10:70195991-72220850
CCDC105	1	0	0.7643734762861969	EUR:chr19:14486347-15648610
CCDC113	1	0	-0.56091732767429714	EUR:chr16:57664330-59045405
CCDC121	1	1	1.9382142952725625	EUR:chr2:26894985-28598777
CCDC124	1	0	1.7108130691704708	EUR:chr19:16374416-18409862
CCDC136	1	0	0.91789075737373615	EUR:chr7:126869221-128778386
CCDC153	1	0	0.032041694451934506	EUR:chr11:117747110-119215476
CCDC63	1	1	-1.3710692227595382	EUR:chr12:110336719-113263518
CCDC71	1	0	0.28972753785939875	EUR:chr3:47727212-49316972
CCDC77	1	0	-1.1071507888238856	EUR:chr12:61107-1080331
CCNG2	1	0	-0.060412666919064988	EUR:chr4:77130707-79093979
CCNI	1	0	-0.061372793585132292	EUR:chr4:77130707-79093979
CCR7	1	0	-0.77486698216316796	EUR:chr17:36809344-38877404
CD1A	1	0	-1.7818605813290831	EUR:chr1:158027412-159913048
CD1B	1	0	-1.4436625993353669	EUR:chr1:158027412-159913048
CD1C	1	0	-1.4506847612167051	EUR:chr1:158027412-159913048
CD1D	1	0	-1.7666647168910057	EUR:chr1:158027412-159913048
CD1E	1	0	-1.4914826031478663	EUR:chr1:158027412-159913048
CD244	1	0	-0.057395484363286647	EUR:chr1:159913048-162346721
CD37	1	1	0.34603893748272108	EUR:chr19:49282227-51532567
CD3D	1	0	0.17809451193139833	EUR:chr11:117747110-119215476
CD3E	1	0	0.1442509487337737	EUR:chr11:117747110-119215476
CD3G	1	0	0.16434049380402052	EUR:chr11:117747110-119215476
CD48	1	0	-0.46013365971014375	EUR:chr1:159913048-162346721
CD5L	1	0	-1.7569699339803855	EUR:chr1:156336133-158027412
CD80	1	0	-1.4155156503222928	EUR:chr3:118530251-120523055
CD81	1	0	-0.48909463299767136	EUR:chr11:1213590-3665481
CDA	1	0	-0.55085108957923623	EUR:chr1:20469149-21736588
CDC42	1	0	-1.150382546548419	EUR:chr1:21736588-23086883
CDC42BPB	1	0	-1.3540954207418425	EUR:chr14:103012102-105001723
CDC42EP1	1	0	1.5534178623424035	EUR:chr22:37570269-39307894
CDC6	1	0	-0.68185575410155641	EUR:chr17:36809344-38877404
CDH6	1	0	-0.49589524437670301	EUR:chr5:29714820-31390249
CDHR4	1	0	0.43862706574771637	EUR:chr3:49316972-51832015
CDKN1C	1	0	0.76657561309059208	EUR:chr11:1213590-3665481
CDON	1	0	-1.5969644316703639	EUR:chr11:124495528-126311320
CEACAM16	1	0	-1.6496119038117816	EUR:chr19:44744108-46102697
CEACAM19	1	0	-1.616374186155729	EUR:chr19:44744108-46102697
CEACAM20	1	0	-1.6245163129730462	EUR:chr19:44744108-46102697
CECR2	1	0	-1.0157711444116926	EUR:chr22:17674295-18296088
CECR3	1	0	-0.9272147161092249	EUR:chr22:17674295-18296088
CEL	1	1	-0.52443193034256286	EUR:chr9:135298842-137041122
CELA2A	1	0	2.3214372235973606	EUR:chr1:14891511-16897730
CELA2B	1	0	2.3255084854406851	EUR:chr1:14891511-16897730
CELA3A	1	0	-1.2463725079559596	EUR:chr1:21736588-23086883
CELA3B	1	0	-1.2401453891579037	EUR:chr1:21736588-23086883
CENPA	1	1	1.9445228545090674	EUR:chr2:26894985-28598777
CENPE	1	0	1.6555117059402487	EUR:chr4:103221356-105305294
CEP55	1	0	-0.83681222147756373	EUR:chr10:93335047-95396368
CFB	1	0	0.3901394292406648	EUR:chr6:31571218-32682664
CGB1	1	1	-0.98350468018518389	EUR:chr19:49282227-51532567
CGB2	1	1	-0.94364853429843065	EUR:chr19:49282227-51532567
CGB5	1	1	-1.0032373535551025	EUR:chr19:49282227-51532567
CGB7	1	1	-1.1732357125279194	EUR:chr19:49282227-51532567
CGB8	1	1	-1.0352277441449194	EUR:chr19:49282227-51532567
CGREF1	1	1	1.9772871989460659	EUR:chr2:26894985-28598777
CHCHD10	1	0	1.1152736083276151	EUR:chr22:23712647-24984204
CHD9	1	0	-0.048484028101499224	EUR:chr16:52035823-53382572
CHEK1	1	0	-0.61049047816555468	EUR:chr11:124495528-126311320
CHERP	1	0	-0.29315585393477067	EUR:chr19:16374416-18409862
CHGA	1	0	-0.66587796839347368	EUR:chr14:93132299-94325285
CHMP4C	1	0	-0.11277606531082776	EUR:chr8:81956395-82693739
CHRNA10	1	0	0.60818278400965842	EUR:chr11:3665481-4746709
CHRNB2	1	0	-1.2702431440218123	EUR:chr1:153180829-154770403
CHRND	1	0	-2.3358586965980579	EUR:chr2:231843389-233550003
CHRNG	1	0	-2.3617729714726274	EUR:chr2:231843389-233550003
CHUK	1	0	0.89763311456880857	EUR:chr10:100668400-102949239
CIB3	1	0	0.58755656237394949	EUR:chr19:15648610-16374416
CIB4	1	1	1.9284540192732162	EUR:chr2:24686918-26894985
CIITA	1	0	-0.08443486406212275	EUR:chr16:10426032-11520161
CILP2	1	1	2.7443767150161924	EUR:chr19:18409862-19877471
CINP	1	0	-1.1013573373813812	EUR:chr14:101534307-103012102
CISD2	1	0	1.6528228444464454	EUR:chr4:103221356-105305294
CKB	1	0	-0.76767807643382746	EUR:chr14:103012102-105001723
CKM	1	0	0.013280358826978726	EUR:chr19:44744108-46102697
CKS1B	1	1	-0.84656732699222692	EUR:chr1:154770403-156336133
CLASRP	1	0	-0.72552432467479244	EUR:chr19:44744108-46102697
CLCNKA	1	0	2.3753490662241528	EUR:chr1:14891511-16897730
CLCNKB	1	0	2.377654861302267	EUR:chr1:14891511-16897730
CLDN23	1	0	-0.011363516542294257	EUR:chr8:7153079-9154694
CLK2	1	0	-1.4577791952261057	EUR:chr1:154770403-156336133
CLMN	1	1	1.8114266964687014	EUR:chr14:95750867-96262415
CLPTM1	1	0	-1.3523852156817249	EUR:chr19:44744108-46102697
CLTCL1	1	0	-1.1822752319403924	EUR:chr22:18296088-19912358
CMAS	1	0	0.48955758963185242	EUR:chr12:20863943-23820634
CNGB1	1	0	-0.93789445917965952	EUR:chr16:57664330-59045405
CNNM1	1	0	0.35477347850054525	EUR:chr10:100668400-102949239
CNOT1	1	0	0.051773925993188225	EUR:chr16:57664330-59045405
CNOT3	1	0	-1.7037572003005317	EUR:chr19:54602362-55728080
CNOT6L	1	0	-0.23094493164181834	EUR:chr4:77130707-79093979
COL11A2	1	1	0.81964217870857414	EUR:chr6:32682664-33236497
COL13A1	1	0	1.1281149017021117	EUR:chr10:70195991-72220850
COL27A1	1	0	0.28188373511044118	EUR:chr9:115693145-117019801
COMP	1	1	2.8879289735869773	EUR:chr19:18409862-19877471
COPE	1	1	2.8462277757364141	EUR:chr19:18409862-19877471
COQ5	1	0	0.27419938611426958	EUR:chr12:119754110-122007651
COX15	1	0	0.74381506245438966	EUR:chr10:100668400-102949239
COX17	1	0	-1.1911340585258279	EUR:chr3:118530251-120523055
COX6A1	1	0	0.26412039552652289	EUR:chr12:119754110-122007651
COX7A2L	1	0	0.68826099855280432	EUR:chr2:40281483-43309590
COX8C	1	0	1.4865047323179408	EUR:chr14:93132299-94325285
CPEB3	1	0	1.0579550868953411	EUR:chr10:93335047-95396368
CPLX4	1	0	0.070702817735054671	EUR:chr18:56530220-57630483
CPN1	1	0	0.70168236452105071	EUR:chr10:100668400-102949239
CPT1C	1	1	0.43410959385921977	EUR:chr19:49282227-51532567
CRAT	1	0	1.4200039458546376	EUR:chr9:130055510-132165470
CRCP	1	0	-0.017388051364441392	EUR:chr7:63641125-65689809
CRLF1	1	1	2.9155900335924527	EUR:chr19:18409862-19877471
CROCC	1	0	2.3870067010651064	EUR:chr1:16897730-18662899
CROCCP2	1	0	2.3941601353902993	EUR:chr1:16897730-18662899
CRTC1	1	1	2.83084470829816	EUR:chr19:18409862-19877471
CRX	1	1	-0.06480228550804025	EUR:chr19:47150082-49282227
CRYBB2	1	0	0.83797862000814172	EUR:chr22:24984204-26791628
CRYBB3	1	0	0.85265614195150607	EUR:chr22:24984204-26791628
CSF2RB	1	0	1.3482967806135651	EUR:chr22:35530985-37570269
CSF3	1	0	-1.1068981268195102	EUR:chr17:36809344-38877404
CSNK2A2	1	0	-0.58690588385266007	EUR:chr16:57664330-59045405
CTBS	1	0	-1.4621510582885877	EUR:chr1:84844495-86454751
CTDSPL	1	0	-0.32143131589280466	EUR:chr3:36486842-38356116
CTRC	1	0	2.3234680405463934	EUR:chr1:14891511-16897730
CUBN	1	0	-0.12104683279327969	EUR:chr10:16551767-18537267
CUTA	1	1	0.70536467788611268	EUR:chr6:33236497-35455756
CUTC	1	0	0.76217504001591863	EUR:chr10:100668400-102949239
CUX2	1	1	-1.1307055665618944	EUR:chr12:110336719-113263518
CWC15	1	0	0.111673891297043	EUR:chr11:94242260-95726041
CWC25	1	0	-0.042042798162792862	EUR:chr17:36809344-38877404
CWF19L1	1	0	0.89845273060487574	EUR:chr10:100668400-102949239
CXCL13	1	0	-0.35681541396735955	EUR:chr4:77130707-79093979
CXCR5	1	0	0.077017746722253436	EUR:chr11:117747110-119215476
CXXC4	1	0	0.94900438001910592	EUR:chr4:105305294-107501305
CYP21A2	1	1	0.81715441767955321	EUR:chr6:31571218-32682664
CYP26A1	1	0	-0.92416774924553724	EUR:chr10:93335047-95396368
CYP26C1	1	0	-0.95958161520969865	EUR:chr10:93335047-95396368
CYP4F11	1	0	0.47893584441234766	EUR:chr19:15648610-16374416
CYP4F12	1	0	0.41627616659542765	EUR:chr19:15648610-16374416
CYP4F2	1	0	0.45587635955763028	EUR:chr19:15648610-16374416
CYP4F22	1	0	0.46211309710840187	EUR:chr19:14486347-15648610
CYP4F3	1	0	0.44768904570075146	EUR:chr19:15648610-16374416
CYP4F8	1	0	0.44935438189239924	EUR:chr19:15648610-16374416
CYP7A1	1	0	0.39724049208937984	EUR:chr8:59068651-59728100
CYTH2	1	1	-0.6899969928587828	EUR:chr19:47150082-49282227
CYTH4	1	0	1.477065458019059	EUR:chr22:37570269-39307894
DAG1	1	0	0.25576530422642402	EUR:chr3:49316972-51832015
DALRD3	1	0	0.27334657644649485	EUR:chr3:47727212-49316972
DAP3	1	0	-2.2125795225622333	EUR:chr1:154770403-156336133
DAPP1	1	0	2.2627748624818089	EUR:chr4:100678360-103221356
DAXX	1	1	0.73840982949893896	EUR:chr6:33236497-35455756
DBH	1	1	-1.3170223849245772	EUR:chr9:135298842-137041122
DBP	1	1	-0.75998028127387385	EUR:chr19:47150082-49282227
DCAF6	1	0	-1.9328676919937664	EUR:chr1:166460517-169086324
DCDC2	1	1	0.29644455935914182	EUR:chr6:23936619-24852275
DCLK3	1	0	-0.21606563210019394	EUR:chr3:36486842-38356116
DCPS	1	0	-1.7537747366893142	EUR:chr11:124495528-126311320
DCST1	1	1	-1.182550666828577	EUR:chr1:154770403-156336133
DCST2	1	1	-1.2366085235774209	EUR:chr1:154770403-156336133
DDA1	1	0	1.6757916218132327	EUR:chr19:16374416-18409862
DDI2	1	0	2.3337685748071388	EUR:chr1:14891511-16897730
DDIT4L	1	0	2.0636403123886056	EUR:chr4:100678360-103221356
DDOST	1	0	-0.57879321087193558	EUR:chr1:20469149-21736588
DDR1	1	1	-1.6853451183856931	EUR:chr6:30798168-31571218
DDR2	1	0	-0.1575445956676555	EUR:chr1:162346721-165191702
DDT	1	0	1.0717118582547893	EUR:chr22:23712647-24984204
DDX17	1	0	1.3219266327819097	EUR:chr22:37570269-39307894
DDX21	1	0	0.73912927851806154	EUR:chr10:70195991-72220850
DDX24	1	1	1.8257355291103041	EUR:chr14:94325285-95750867
DDX25	1	0	-1.6538969543981195	EUR:chr11:124495528-126311320
DDX31	1	1	-0.55404062915514485	EUR:chr9:135298842-137041122
DDX49	1	1	2.8384522864649249	EUR:chr19:18409862-19877471
DDX50	1	0	0.73715171244312017	EUR:chr10:70195991-72220850
DDX54	1	0	-0.029576199947924146	EUR:chr12:113263518-113986709
DDX6	1	0	0.12325374657295257	EUR:chr11:117747110-119215476
DEDD	1	0	-0.38202688600140672	EUR:chr1:159913048-162346721
DERL3	1	0	1.0869094094796661	EUR:chr22:23712647-24984204
DEXI	1	0	-0.081412537884417005	EUR:chr16:10426032-11520161
DGCR6	1	0	-1.2813648580822352	EUR:chr22:18296088-19912358
DGKD	1	0	-1.2951770434856518	EUR:chr2:233550003-235150987
DGKG	1	0	0.97995792657813796	EUR:chr3:185068255-186890344
DHDH	1	1	-1.1697008869973788	EUR:chr19:49282227-51532567
DICER1	1	1	1.8142588541478402	EUR:chr14:94325285-95750867
DIO2	1	0	-1.0139381474621751	EUR:chr14:80186579-81579714
DIRAS3	1	0	1.2442914389586912	EUR:chr1:68477895-69687616
DIS3L2	1	0	-2.1731798814840118	EUR:chr2:231843389-233550003
DKKL1	1	1	0.35929690962515271	EUR:chr19:49282227-51532567
DLEC1	1	0	-0.40867393939729441	EUR:chr3:36486842-38356116
DLG5	1	0	-1.7137783189380635	EUR:chr10:78706814-80876749
DMC1	1	0	1.3066645306405094	EUR:chr22:37570269-39307894
DMP1	1	1	2.6285482986661832	EUR:chr4:87534648-89238028
DMPK	1	0	0.66399939459544544	EUR:chr19:46102697-47150082
DMWD	1	0	0.66399939459544544	EUR:chr19:46102697-47150082
DNA2	1	0	0.77653164920485929	EUR:chr10:70195991-72220850
DNAH12	1	0	-0.23713610370409755	EUR:chr3:56433907-58157519
DNAJB14	1	0	2.2610072657451417	EUR:chr4:100678360-103221356
DNAJC16	1	0	2.3296186618795378	EUR:chr1:14891511-16897730
DNAJC5G	1	1	1.9573772635305744	EUR:chr2:26894985-28598777
DNAJC6	1	0	-0.19648622440431049	EUR:chr1:65041704-66939404
DNAL4	1	0	0.80801228369436529	EUR:chr22:37570269-39307894
DNASE1L3	1	0	-0.70870455487608197	EUR:chr3:58157519-60272906
DNASE2B	1	0	-1.471787914154159	EUR:chr1:84844495-86454751
DNMBP	1	0	0.71558500105654355	EUR:chr10:100668400-102949239
DOLK	1	0	1.4218825394380823	EUR:chr9:130055510-132165470
DOLPP1	1	0	1.4181303503013452	EUR:chr9:130055510-132165470
DPAGT1	1	0	0.13167320940800425	EUR:chr11:117747110-119215476
DPM3	1	1	-0.78526015183477693	EUR:chr1:154770403-156336133
DPYSL5	1	1	1.9373193423646131	EUR:chr2:26894985-28598777
DROSHA	1	0	-0.63090761269466367	EUR:chr5:31390249-33500180
DSPP	1	1	2.6242401231286863	EUR:chr4:87534648-89238028
DTX1	1	0	-0.07839095518468206	EUR:chr12:113263518-113986709
DUSP10	1	1	1.8927841079112186	EUR:chr1:221858231-222230220
DUSP12	1	0	0.066723131367006944	EUR:chr1:159913048-162346721
DYNC2LI1	1	0	-0.023413217358104067	EUR:chr2:43309590-44313803
DYNLL1	1	0	0.26724054739926562	EUR:chr12:119754110-122007651
ECE1	1	0	-0.76071146031940995	EUR:chr1:20469149-21736588
ECEL1	1	0	-2.2845582984957722	EUR:chr2:231843389-233550003
ECT2	1	0	0.48170148089988263	EUR:chr3:172295731-173477285
EFCAB6	1	1	3.0714665981517615	EUR:chr22:43714200-44995308
EFHD2	1	0	2.3194159358629869	EUR:chr1:14891511-16897730
EFNA1	1	1	-0.82251899079825774	EUR:chr1:154770403-156336133
EFNA3	1	1	-1.1839291890002124	EUR:chr1:154770403-156336133
EFNA4	1	1	-1.1858629082097107	EUR:chr1:154770403-156336133
EGFL8	1	1	0.48193211671155389	EUR:chr6:31571218-32682664
EGR2	1	0	-1.0328909727133115	EUR:chr10:63341695-65794114
EHD2	1	1	-0.39679609205831107	EUR:chr19:47150082-49282227
EI24	1	0	-0.74327356279549972	EUR:chr11:124495528-126311320
EIF3D	1	0	1.0111950219256427	EUR:chr22:35530985-37570269
EIF3L	1	0	1.5300530235131387	EUR:chr22:37570269-39307894
EIF4A2	1	0	0.85068856300408324	EUR:chr3:185068255-186890344
EIF4E	1	0	2.273531736280205	EUR:chr4:99424067-100678360
EIF4E2	1	0	-2.3551448992023007	EUR:chr2:231843389-233550003
EIF4G3	1	0	-0.59375048620602522	EUR:chr1:20469149-21736588
EIF5	1	0	-1.202905081554976	EUR:chr14:103012102-105001723
ELFN2	1	0	1.4910663677932257	EUR:chr22:37570269-39307894
ELL	1	1	2.9673296318081848	EUR:chr19:18409862-19877471
ELSPBP1	1	1	-0.081687263667237373	EUR:chr19:47150082-49282227
EMCN	1	0	2.0624904239035011	EUR:chr4:100678360-103221356
EMILIN1	1	1	1.9841015126060888	EUR:chr2:26894985-28598777
EML2	1	0	0.6217459861672775	EUR:chr19:46102697-47150082
EMP3	1	1	-0.54068190087552259	EUR:chr19:47150082-49282227
ENDOD1	1	0	-0.0067084879961505075	EUR:chr11:94242260-95726041
ENDOG	1	0	1.5204146512711665	EUR:chr9:130055510-132165470
ENTHD1	1	0	-0.92647845388536332	EUR:chr22:39307894-40545797
ENTPD7	1	0	0.68652707596911344	EUR:chr10:100668400-102949239
EPHA2	1	0	2.3640055734159011	EUR:chr1:14891511-16897730
EPHX3	1	0	0.73697207669325104	EUR:chr19:14486347-15648610
EPM2AIP1	1	0	-0.22434139196437267	EUR:chr3:36486842-38356116
EPS15L1	1	0	0.46180845059505476	EUR:chr19:16374416-18409862
ERBB2	1	0	-0.92249033141009995	EUR:chr17:36809344-38877404
ERC1	1	0	0.98017923743000346	EUR:chr12:1080331-2544786
ERCC1	1	0	-0.19383498062054547	EUR:chr19:44744108-46102697
ERCC2	1	0	-0.09130670051944223	EUR:chr19:44744108-46102697
ERLIN1	1	0	0.84441431350573404	EUR:chr10:100668400-102949239
ERP29	1	1	-1.325213877214718	EUR:chr12:110336719-113263518
ETS1	1	0	-0.21886928850656012	EUR:chr11:128188537-130342575
EXOC3L2	1	0	0.084984459976457122	EUR:chr19:44744108-46102697
EXOC3L4	1	0	-1.4117970681478968	EUR:chr14:103012102-105001723
EXOC6	1	0	-0.52883553051802967	EUR:chr10:93335047-95396368
F11R	1	0	-0.037247285235819196	EUR:chr1:159913048-162346721
FABP4	1	0	-0.16489559198101642	EUR:chr8:81956395-82693739
FABP5	1	0	-0.13858134949722836	EUR:chr8:81956395-82693739
FAM107A	1	0	-0.54131582884096674	EUR:chr3:58157519-60272906
FAM110B	1	0	-0.0036964944859597428	EUR:chr8:56956383-59068651
FAM118B	1	0	-1.8517143494621882	EUR:chr11:124495528-126311320
FAM131C	1	0	2.3707750087952428	EUR:chr1:14891511-16897730
FAM163B	1	1	-1.2234810183277642	EUR:chr9:135298842-137041122
FAM181A	1	1	1.8367177720290688	EUR:chr14:94325285-95750867
FAM20A	1	0	0.51065749094267943	EUR:chr17:64800430-67858770
FAM32A	1	0	0.58138509847003228	EUR:chr19:15648610-16374416
FAM3D	1	0	-0.52915046513413699	EUR:chr3:58157519-60272906
FAM43B	1	0	-0.57895508980217769	EUR:chr1:20469149-21736588
FAM83E	1	1	-0.74616408659787514	EUR:chr19:47150082-49282227
FAM83F	1	0	-0.50442842512551422	EUR:chr22:39307894-40545797
FBLIM1	1	0	2.34432284320846	EUR:chr1:14891511-16897730
FBXO33	1	0	-1.2854202320914712	EUR:chr14:38667725-40341990
FBXO42	1	0	2.3507829935342803	EUR:chr1:14891511-16897730
FBXO46	1	0	0.67032760955046222	EUR:chr19:46102697-47150082
FCER1A	1	0	-1.2289979163344951	EUR:chr1:158027412-159913048
FCER1G	1	0	-0.52836322690963999	EUR:chr1:159913048-162346721
FCGR2A	1	0	-0.11828901811442719	EUR:chr1:159913048-162346721
FCGR2B	1	0	0.12794544590414816	EUR:chr1:159913048-162346721
FCGR3A	1	0	-0.084160075679045765	EUR:chr1:159913048-162346721
FCGR3B	1	0	0.084160075679045904	EUR:chr1:159913048-162346721
FCGRT	1	1	0.46089476801890522	EUR:chr19:49282227-51532567
FCHO1	1	0	1.6859118992692002	EUR:chr19:16374416-18409862
FCHO2	1	0	0.73320520015498991	EUR:chr5:71240456-73759326
FCRL1	1	0	-1.7436686334631359	EUR:chr1:156336133-158027412
FCRL2	1	0	-1.7785220757375493	EUR:chr1:156336133-158027412
FCRLA	1	0	0.12601323450421301	EUR:chr1:159913048-162346721
FCRLB	1	0	0.068918685684216177	EUR:chr1:159913048-162346721
FDPS	1	0	-1.4305893997875674	EUR:chr1:154770403-156336133
FECH	1	0	-0.42945082692728875	EUR:chr18:55213838-56530220
FETUB	1	0	0.84833180656800256	EUR:chr3:185068255-186890344
FEZ1	1	0	-0.80535853326136964	EUR:chr11:124495528-126311320
FGF21	1	1	-0.83215796310299239	EUR:chr19:47150082-49282227
FHAD1	1	0	2.3154015607773362	EUR:chr1:14891511-16897730
FKBP8	1	1	2.9563314854284193	EUR:chr19:18409862-19877471
FKBPL	1	1	0.48585686285884955	EUR:chr6:31571218-32682664
FLAD1	1	1	-0.85758959643424282	EUR:chr1:154770403-156336133
FLI1	1	0	-0.21900951631477697	EUR:chr11:128188537-130342575
FLNB	1	0	-0.66947088067954397	EUR:chr3:56433907-58157519
FLNC	1	0	0.91206468752440373	EUR:chr7:126869221-128778386
FLT3LG	1	1	0.46928472599062837	EUR:chr19:49282227-51532567
FNBP1	1	0	1.2711639571306201	EUR:chr9:132165470-133223217
FNDC3B	1	0	0.90812885296126744	EUR:chr3:170964909-172295731
FNDC4	1	1	1.9436168857665708	EUR:chr2:26894985-28598777
FOSB	1	0	-0.22490301058593154	EUR:chr19:44744108-46102697
FOSL2	1	1	1.9094670536634128	EUR:chr2:28598777-29217559
FOXA3	1	0	0.67530638288062528	EUR:chr19:46102697-47150082
FOXB1	1	0	-0.3447310465988403	EUR:chr15:59694116-61265836
FOXD1	1	0	0.75724196962336576	EUR:chr5:71240456-73759326
FOXR1	1	0	0.12946394681856946	EUR:chr11:117747110-119215476
FOXRED1	1	0	-1.8381989228148272	EUR:chr11:124495528-126311320
FOXRED2	1	0	1.009142660779963	EUR:chr22:35530985-37570269
FRA10AC1	1	0	-0.63007255745864343	EUR:chr10:95396368-96221243
FRAS1	1	0	-1.1403576966285316	EUR:chr4:77130707-79093979
FSTL1	1	0	-0.73751105532586414	EUR:chr3:118530251-120523055
FUBP3	1	0	1.1707869677305669	EUR:chr9:133223217-134127888
FUT1	1	1	-0.82424834966513782	EUR:chr19:47150082-49282227
FUT2	1	1	-0.81677213407646687	EUR:chr19:47150082-49282227
FUT4	1	0	0.011774264705568555	EUR:chr11:94242260-95726041
FXYD2	1	0	0.35973504995000877	EUR:chr11:116383348-117747110
FXYD6	1	0	0.36163445750614442	EUR:chr11:117747110-119215476
GAB4	1	0	-0.63023953334208083	EUR:chr22:16050408-17674295
GABBR1	1	1	1.0057314724772974	EUR:chr6:28917608-29737971
GADD45A	1	0	1.2736247432698542	EUR:chr1:66939404-68477895
GALR3	1	0	1.5398356686353507	EUR:chr22:37570269-39307894
GATAD2A	1	1	2.7051554403450409	EUR:chr19:18409862-19877471
GATC	1	0	0.26440393901223413	EUR:chr12:119754110-122007651
GBGT1	1	1	-0.54306025401709679	EUR:chr9:135298842-137041122
GCAT	1	0	1.537599398762056	EUR:chr22:37570269-39307894
GCNT3	1	0	-0.82405607699801997	EUR:chr15:59694116-61265836
GDF1	1	1	2.86231537950035	EUR:chr19:18409862-19877471
GDF15	1	1	3.0153246150325583	EUR:chr19:18409862-19877471
GEMIN7	1	0	-0.71523133515853099	EUR:chr19:44744108-46102697
GFI1B	1	1	-0.59800158265998682	EUR:chr9:135298842-137041122
GGA1	1	0	1.5538755605857437	EUR:chr22:37570269-39307894
GGT1	1	0	1.233672908524265	EUR:chr22:23712647-24984204
GGT5	1	0	1.0484195400384424	EUR:chr22:23712647-24984204
GHSR	1	0	1.0036903653258151	EUR:chr3:170964909-172295731
GIGYF2	1	0	-2.3154015607773357	EUR:chr2:233550003-235150987
GINS2	1	0	0.41806841139237289	EUR:chr16:85148685-86156599
GINS3	1	0	-0.49017502842520316	EUR:chr16:57664330-59045405
GIPR	1	0	0.68133763746062048	EUR:chr19:46102697-47150082
GJD3	1	0	-0.70448707057246829	EUR:chr17:36809344-38877404
GMIP	1	1	2.7298829357413967	EUR:chr19:18409862-19877471
GMNN	1	1	2.2977839404668479	EUR:chr6:23936619-24852275
GMPPB	1	0	0.41791900643693602	EUR:chr3:49316972-51832015
GNG12	1	0	1.2626112270243024	EUR:chr1:66939404-68477895
GNG5	1	0	-1.5049408421505823	EUR:chr1:84844495-86454751
GOLGA4	1	0	-0.41165236630539187	EUR:chr3:36486842-38356116
GOLT1B	1	0	0.67857743009945382	EUR:chr12:20863943-23820634
GON4L	1	0	-2.2808518955816433	EUR:chr1:154770403-156336133
GOT1	1	0	0.35360732257936628	EUR:chr10:100668400-102949239
GOT2	1	0	0.94215374205654678	EUR:chr16:57664330-59045405
GPLD1	1	1	0.94428980537076801	EUR:chr6:23936619-24852275
GPN1	1	1	1.9346437533812511	EUR:chr2:26894985-28598777
GPN3	1	1	-1.8969055384530202	EUR:chr12:110336719-113263518
GPR107	1	0	1.2901259349246712	EUR:chr9:132165470-133223217
GPR156	1	0	-0.69295296668578488	EUR:chr3:118530251-120523055
GPR161	1	0	-1.8710658450011668	EUR:chr1:166460517-169086324
GPR4	1	0	0.57572038463105257	EUR:chr19:46102697-47150082
GPR83	1	0	0.051225571723481675	EUR:chr11:93276157-94242260
GPSM3	1	1	0.48816903399284667	EUR:chr6:31571218-32682664
GPX1	1	0	0.30747817031713987	EUR:chr3:49316972-51832015
GPX5	1	1	2.0411436546145301	EUR:chr6:28017819-28917608
GPX6	1	1	2.040045579416061	EUR:chr6:28017819-28917608
GRAP2	1	0	-0.79329853418257734	EUR:chr22:39307894-40545797
GRB7	1	0	-0.93555909086035915	EUR:chr17:36809344-38877404
GRIN2D	1	1	-0.70203265061559794	EUR:chr19:47150082-49282227
GRM4	1	0	0.28587474627296666	EUR:chr6:33236497-35455756
GRP	1	0	0.039302393745802335	EUR:chr18:56530220-57630483
GRWD1	1	1	-0.70080702567868036	EUR:chr19:47150082-49282227
GSC	1	1	1.814969172341899	EUR:chr14:94325285-95750867
GSC2	1	0	-1.2439945830147681	EUR:chr22:18296088-19912358
GSDMA	1	0	-1.1260478082835581	EUR:chr17:36809344-38877404
GSDMB	1	0	-1.1694295823124703	EUR:chr17:36809344-38877404
GSK3B	1	0	-0.84911686797374275	EUR:chr3:118530251-120523055
GSTT1	1	0	1.0814881318289966	EUR:chr22:23712647-24984204
GSTT2	1	0	1.071955017006341	EUR:chr22:23712647-24984204
GTF2A1	1	0	-0.97818916462224859	EUR:chr14:81579714-83138097
GTF2A2	1	0	-0.78060992684900754	EUR:chr15:59694116-61265836
GTF2H4	1	0	-1.8131950901541427	EUR:chr6:30798168-31571218
GTF3C2	1	1	1.9481627821262637	EUR:chr2:26894985-28598777
GTF3C4	1	1	-0.56284113591801388	EUR:chr9:135298842-137041122
GTF3C5	1	1	-0.62490497615421292	EUR:chr9:135298842-137041122
GTPBP1	1	0	1.272085849318676	EUR:chr22:37570269-39307894
GTPBP3	1	0	1.6757916218132327	EUR:chr19:16374416-18409862
GUSB	1	0	0.46607741991324281	EUR:chr7:63641125-65689809
GUSBP11	1	0	1.1175714492335278	EUR:chr22:23712647-24984204
GYS1	1	1	-1.1509133775005405	EUR:chr19:49282227-51532567
GYS2	1	0	0.6279034663703601	EUR:chr12:20863943-23820634
H19	1	0	-0.022865443158303845	EUR:chr11:1213590-3665481
HAAO	1	0	1.0943539538707514	EUR:chr2:40281483-43309590
HAPLN4	1	1	2.7688386590287557	EUR:chr19:18409862-19877471
HAX1	1	0	-1.3040968666730559	EUR:chr1:153180829-154770403
HCG9	1	1	-0.73733137198329013	EUR:chr6:29737971-30798168
HCN3	1	0	-1.4467747543134581	EUR:chr1:154770403-156336133
HDHD3	1	0	-0.96982899310775106	EUR:chr9:115693145-117019801
HELZ	1	0	0.01437571873234542	EUR:chr17:64800430-67858770
HEPHL1	1	0	0.27149950305427822	EUR:chr11:93276157-94242260
HFE	1	1	2.4452853884578092	EUR:chr6:25684587-26791233
HHEX	1	0	0.43215477599972635	EUR:chr10:93335047-95396368
HIF1AN	1	0	0.84597975262836267	EUR:chr10:100668400-102949239
HIF3A	1	0	0.77265076022103396	EUR:chr19:46102697-47150082
HINFP	1	0	0.13415939880050698	EUR:chr11:117747110-119215476
HIRA	1	0	-1.3364990723493193	EUR:chr22:18296088-19912358
HJURP	1	0	-1.3503381767345946	EUR:chr2:233550003-235150987
HK1	1	0	1.1710587037864713	EUR:chr10:70195991-72220850
HKDC1	1	0	1.2026228799673802	EUR:chr10:70195991-72220850
HLA-A	1	1	-0.37203141034187281	EUR:chr6:29737971-30798168
HLA-DMA	1	1	0.95525146883113365	EUR:chr6:32682664-33236497
HLA-DMB	1	1	0.96088417170804419	EUR:chr6:32682664-33236497
HLA-DOA	1	1	0.88399301477112957	EUR:chr6:32682664-33236497
HLA-DOB	1	1	0.93153724507558178	EUR:chr6:32682664-33236497
HLA-DQA2	1	1	0.74489871667943242	EUR:chr6:32682664-33236497
HLA-DRA	1	1	0.71948125453919975	EUR:chr6:31571218-32682664
HLA-DRB5	1	1	0.84637143640449919	EUR:chr6:31571218-32682664
HLA-F	1	1	-0.034781361895376214	EUR:chr6:28917608-29737971
HLA-F-AS1	1	1	-0.040672557773849607	EUR:chr6:28917608-29737971
HLA-G	1	1	-0.074409048552510987	EUR:chr6:29737971-30798168
HLX	1	1	1.8830217787036871	EUR:chr1:219590571-221858231
HMBS	1	0	0.17531328962108828	EUR:chr11:117747110-119215476
HMGA1	1	0	0.16017885900935394	EUR:chr6:33236497-35455756
HMGB1	1	0	-0.22363946815935853	EUR:chr13:30483267-32301815
HMGN4	1	1	2.5399307069418633	EUR:chr6:25684587-26791233
HMGXB4	1	0	0.24940478850908496	EUR:chr22:35530985-37570269
HMOX1	1	0	0.41433607562231611	EUR:chr22:35530985-37570269
HNF1A	1	0	0.54115732646441994	EUR:chr12:119754110-122007651
HNF1A-AS1	1	0	0.54878089193118285	EUR:chr12:119754110-122007651
HNRNPH3	1	0	0.76400681388323344	EUR:chr10:69900148-70195991
HOMER3	1	1	2.8233975201646846	EUR:chr19:18409862-19877471
HP1BP3	1	0	-0.57249169222507579	EUR:chr1:20469149-21736588
HPD	1	1	0.97378059034742814	EUR:chr12:122007651-124977980
HPS1	1	0	-0.75341784293649716	EUR:chr10:97822357-100241302
HRC	1	1	-1.424521030808326	EUR:chr19:49282227-51532567
HRH1	1	0	-0.40703735027866617	EUR:chr3:11019665-13070799
HSD17B11	1	1	2.5914176723550075	EUR:chr4:87534648-89238028
HSD17B14	1	1	-0.74381506245438989	EUR:chr19:49282227-51532567
HSD17B8	1	1	0.80953127007786319	EUR:chr6:32682664-33236497
HSH2D	1	0	0.57636684284714512	EUR:chr19:15648610-16374416
HSPA6	1	0	-0.10052178433834874	EUR:chr1:159913048-162346721
HSPB7	1	0	2.373055831397382	EUR:chr1:14891511-16897730
HSPG2	1	0	-1.1866930039479966	EUR:chr1:21736588-23086883
HSPH1	1	0	-0.57846949850156804	EUR:chr13:30483267-32301815
HVCN1	1	1	-1.8479261163906249	EUR:chr12:110336719-113263518
HYLS1	1	0	-1.6830833915932242	EUR:chr11:124495528-126311320
HYOU1	1	0	0.1761475129560672	EUR:chr11:117747110-119215476
IAPP	1	0	0.6350895125021202	EUR:chr12:20863943-23820634
IARS2	1	1	1.8886945799827257	EUR:chr1:219590571-221858231
IBSP	1	1	2.6329058206257225	EUR:chr4:87534648-89238028
IDE	1	0	0.48847752048754844	EUR:chr10:93335047-95396368
IFI16	1	0	-1.3153946554930958	EUR:chr1:158027412-159913048
IFI27	1	1	1.8293717997701642	EUR:chr14:94325285-95750867
IFI27L1	1	1	1.8264608530152164	EUR:chr14:94325285-95750867
IFI27L2	1	1	1.8308331053310398	EUR:chr14:94325285-95750867
IFI30	1	1	2.6462869859500397	EUR:chr19:16374416-18409862
IFT172	1	1	1.9391108032734241	EUR:chr2:26894985-28598777
IFT27	1	0	1.3206157263068066	EUR:chr22:35530985-37570269
IFT46	1	0	0.16767184869509791	EUR:chr11:117747110-119215476
IFT80	1	0	0.12642723995496055	EUR:chr3:159477890-161524504
IGF2	1	0	-0.057806886970225416	EUR:chr11:1213590-3665481
IGFL1	1	0	0.76822965811496435	EUR:chr19:46102697-47150082
IGFL2	1	0	0.71470100398020397	EUR:chr19:46102697-47150082
IGFL3	1	0	0.75961484408264701	EUR:chr19:46102697-47150082
IGFL4	1	0	0.68030195242207003	EUR:chr19:46102697-47150082
IGSF11	1	0	-0.041357668261888747	EUR:chr3:118530251-120523055
IGSF23	1	0	-1.6332869911438572	EUR:chr19:44744108-46102697
IKZF3	1	0	-0.88197127249119378	EUR:chr17:36809344-38877404
IL10RA	1	0	0.19885956060941873	EUR:chr11:117747110-119215476
IL12RB2	1	0	1.2054492186952841	EUR:chr1:66939404-68477895
IL17RA	1	0	-0.90833565127368854	EUR:chr22:16050408-17674295
IL20RB	1	0	1.7355866140530942	EUR:chr3:135456906-137371083
IL23R	1	0	-0.38836724710470111	EUR:chr1:66939404-68477895
IL2RB	1	0	1.3902445161909935	EUR:chr22:37570269-39307894
IL6R	1	0	-1.1933634212579061	EUR:chr1:153180829-154770403
ILVBL	1	0	0.74724964102818814	EUR:chr19:14486347-15648610
IMPA1	1	0	-0.12628923573379125	EUR:chr8:81956395-82693739
IMPDH1	1	0	0.8655268491294158	EUR:chr7:126869221-128778386
IMPDH2	1	0	0.2716415526619701	EUR:chr3:47727212-49316972
INPP5D	1	0	-1.4881599271799293	EUR:chr2:233550003-235150987
INS	1	0	-0.029165302080378059	EUR:chr11:1213590-3665481
INSL3	1	0	1.7055132177508572	EUR:chr19:16374416-18409862
INSL5	1	0	0.040946599660172778	EUR:chr1:66939404-68477895
IP6K2	1	0	0.17559135048146371	EUR:chr3:47727212-49316972
IP6K3	1	1	0.56396431967493343	EUR:chr6:33236497-35455756
IQCD	1	0	-0.027521759156585533	EUR:chr12:113263518-113986709
IQSEC1	1	0	1.3520436489726058	EUR:chr3:13070799-14816900
IQSEC3	1	0	-1.6219603358471644	EUR:chr12:61107-1080331
IRF2BP1	1	0	0.65057583406274344	EUR:chr19:46102697-47150082
IRF3	1	1	0.44466433579026088	EUR:chr19:49282227-51532567
IRF5	1	0	0.9058566291191199	EUR:chr7:126869221-128778386
IRF8	1	0	0.23432082199597423	EUR:chr16:85148685-86156599
IRX3	1	0	-0.18435733641711796	EUR:chr16:53382572-55903774
ISYNA1	1	1	2.9786988600244215	EUR:chr19:18409862-19877471
ITGA9	1	0	-0.41567904896585184	EUR:chr3:36486842-38356116
ITLN1	1	0	-0.079077614691245884	EUR:chr1:159913048-162346721
ITLN2	1	0	-0.15990151609889677	EUR:chr1:159913048-162346721
ITPK1	1	0	-0.83331983489029871	EUR:chr14:93132299-94325285
ITPR3	1	1	0.65362398426982626	EUR:chr6:33236497-35455756
IZUMO1	1	1	-0.81906763016381978	EUR:chr19:47150082-49282227
JAK1	1	0	-0.076331197111205396	EUR:chr1:65041704-66939404
JAK3	1	0	1.704341955633156	EUR:chr19:16374416-18409862
JMJD1C	1	0	-1.3547806129569773	EUR:chr10:63341695-65794114
JOSD1	1	0	1.2785695894674247	EUR:chr22:37570269-39307894
JUND	1	1	2.8791797467577682	EUR:chr19:16374416-18409862
KAAG1	1	1	0.0086252411024581744	EUR:chr6:23936619-24852275
KATNAL1	1	0	-0.47663394327065095	EUR:chr13:30483267-32301815
KATNB1	1	0	-0.90194285459969747	EUR:chr16:57664330-59045405
KAZALD1	1	0	0.89886276503239071	EUR:chr10:100668400-102949239
KCNA7	1	1	-1.2407363767572743	EUR:chr19:49282227-51532567
KCNG3	1	0	0.87351900828948337	EUR:chr2:40281483-43309590
KCNJ1	1	0	-0.15241783320590777	EUR:chr11:128188537-130342575
KCNJ13	1	0	-2.2939640981967657	EUR:chr2:233550003-235150987
KCNJ14	1	1	-0.68947597643039038	EUR:chr19:47150082-49282227
KCNJ4	1	0	1.325213877214718	EUR:chr22:37570269-39307894
KCNJ5	1	0	-0.21844863089189476	EUR:chr11:128188537-130342575
KCNJ8	1	0	0.42779995924084163	EUR:chr12:20863943-23820634
KCNK3	1	1	1.931981942813715	EUR:chr2:26894985-28598777
KCNN1	1	0	1.8072055112167595	EUR:chr19:16374416-18409862
KCNN3	1	0	-0.70852857497525989	EUR:chr1:154770403-156336133
KCNQ1	1	0	-0.53372294057696112	EUR:chr11:1213590-3665481
KCNQ1DN	1	0	0.85482429851955055	EUR:chr11:1213590-3665481
KCNQ1OT1	1	0	-0.60801807272749053	EUR:chr11:1213590-3665481
KCP	1	0	0.90009377611719443	EUR:chr7:126869221-128778386
KCTD17	1	0	1.3616678010892695	EUR:chr22:35530985-37570269
KCTD6	1	0	-0.45572446629131019	EUR:chr3:58157519-60272906
KCTD7	1	0	-2.6998785470787934	EUR:chr7:65689809-68234074
KDELR1	1	1	-0.72855581072699005	EUR:chr19:47150082-49282227
KDELR3	1	0	1.3215986932179262	EUR:chr22:37570269-39307894
KDM2B	1	1	0.93768194166123586	EUR:chr12:122007651-124977980
KDM5A	1	0	-1.2380803355471075	EUR:chr12:61107-1080331
KHK	1	1	1.9801963653230283	EUR:chr2:26894985-28598777
KIAA0319	1	1	1.9302149780559854	EUR:chr6:23936619-24852275
KIAA0513	1	0	0.19927850056481816	EUR:chr16:84445883-85148685
KIAA1671	1	0	1.2745495292628433	EUR:chr22:24984204-26791628
KIF11	1	0	0.54099883768220447	EUR:chr10:93335047-95396368
KIF12	1	0	0.32965969889721475	EUR:chr9:115693145-117019801
KIF17	1	0	-0.53388081079520044	EUR:chr1:20469149-21736588
KIFC1	1	1	0.70835261701407115	EUR:chr6:33236497-35455756
KIFC3	1	0	-1.0249877999602188	EUR:chr16:57664330-59045405
KLC1	1	0	-0.59538424951685309	EUR:chr14:103012102-105001723
KLC3	1	0	-0.077978977242252487	EUR:chr19:44744108-46102697
KLF2	1	0	0.48093287979523397	EUR:chr19:16374416-18409862
KLHDC10	1	0	0.74237154732455546	EUR:chr7:128778386-130422414
KLHDC8B	1	0	0.21872906500202161	EUR:chr3:47727212-49316972
KLHDC9	1	0	-0.12697928094546174	EUR:chr1:159913048-162346721
KLHL26	1	1	2.8969050162258174	EUR:chr19:18409862-19877471
KLHL8	1	1	2.5759993166569872	EUR:chr4:87534648-89238028
KPNA2	1	0	0.17865092105449168	EUR:chr17:64800430-67858770
KPNA4	1	0	0.031356815970400014	EUR:chr3:159477890-161524504
KRT10	1	0	-0.70518911297819453	EUR:chr17:38877404-39899810
KRT12	1	0	-0.75087453598714204	EUR:chr17:38877404-39899810
KRT20	1	0	-0.72463397980077848	EUR:chr17:38877404-39899810
KRT222	1	0	-0.71859478493711382	EUR:chr17:36809344-38877404
KRT23	1	0	-0.69870839943171847	EUR:chr17:38877404-39899810
KRT24	1	0	-0.70923262632561312	EUR:chr17:36809344-38877404
KRT25	1	0	-0.67393126060772368	EUR:chr17:38877404-39899810
KRT26	1	0	-0.6638287313974095	EUR:chr17:38877404-39899810
KRT27	1	0	-0.67152785728960329	EUR:chr17:38877404-39899810
KRT28	1	0	-0.67719926402890351	EUR:chr17:38877404-39899810
KRTCAP2	1	1	-0.81048158573678764	EUR:chr1:154770403-156336133
KRTCAP3	1	1	1.9611100550946667	EUR:chr2:26894985-28598777
LAMB2	1	0	0.29787542984857757	EUR:chr3:47727212-49316972
LAMTOR2	1	0	-2.4734541558011314	EUR:chr1:154770403-156336133
LAMTOR3	1	0	2.2663314134751511	EUR:chr4:100678360-103221356
LASP1	1	0	-0.060549824441111212	EUR:chr17:36809344-38877404
LBX1	1	0	0.51190567758237415	EUR:chr10:102949239-104380410
LDHB	1	0	0.6202517872318295	EUR:chr12:20863943-23820634
LEMD2	1	1	0.4249512012274605	EUR:chr6:33236497-35455756
LENEP	1	1	-0.86095630054999328	EUR:chr1:154770403-156336133
LENG1	1	0	-1.7084516539448633	EUR:chr19:54602362-55728080
LEP	1	0	0.78246798606402446	EUR:chr7:126869221-128778386
LEPR	1	0	-0.12435742794547083	EUR:chr1:65041704-66939404
LEPROT	1	0	-0.15255634108691812	EUR:chr1:65041704-66939404
LGALS1	1	0	1.5456862960413345	EUR:chr22:37570269-39307894
LGALS2	1	0	1.5607804406094241	EUR:chr22:37570269-39307894
LGI1	1	0	-0.49125599631498151	EUR:chr10:95396368-96221243
LHB	1	1	-0.91893440775175361	EUR:chr19:49282227-51532567
LIG1	1	1	-0.17295031725643104	EUR:chr19:47150082-49282227
LILRB3	1	0	-1.6490783975741325	EUR:chr19:54602362-55728080
LIN7B	1	1	-1.429067370264808	EUR:chr19:49282227-51532567
LIPF	1	0	1.6168799362084203	EUR:chr10:89127064-91013381
LMAN1	1	0	0.084572260643237418	EUR:chr18:56530220-57630483
LMNA	1	0	-2.2505473308803139	EUR:chr1:154770403-156336133
LMTK3	1	1	-0.78339802927044633	EUR:chr19:47150082-49282227
LPAR2	1	1	2.7564015441080643	EUR:chr19:18409862-19877471
LRPPRC	1	0	-0.19369547937178427	EUR:chr2:43309590-44313803
LRRC20	1	0	0.953093098900611	EUR:chr10:70195991-72220850
LRRC25	1	1	3.0026637593003538	EUR:chr19:18409862-19877471
LRRC4	1	0	0.43155362601092717	EUR:chr7:126869221-128778386
LRRC58	1	0	-0.69260489112833701	EUR:chr3:118530251-120523055
LRRC8A	1	0	1.4267905142105182	EUR:chr9:130055510-132165470
LRRFIP2	1	0	-0.25449238127234647	EUR:chr3:36486842-38356116
LSM4	1	1	3.0421982292494354	EUR:chr19:18409862-19877471
LSM6	1	0	-0.031904717563547964	EUR:chr4:146178187-148521873
LY9	1	0	-0.090344391238198637	EUR:chr1:159913048-162346721
LZTS2	1	0	0.90420703600146779	EUR:chr10:100668400-102949239
MALT1	1	0	-0.5497360749898289	EUR:chr18:55213838-56530220
MAMSTR	1	1	-0.82040866459503281	EUR:chr19:47150082-49282227
MANBA	1	0	1.6427126251954485	EUR:chr4:103221356-105305294
MAP1B	1	0	0.17892914634742227	EUR:chr5:71240456-73759326
MAP1S	1	0	1.687047088561302	EUR:chr19:16374416-18409862
MAPK10	1	1	2.5648247769264221	EUR:chr4:86930609-87534648
MAPKAPK5	1	1	-0.96131871963640581	EUR:chr12:110336719-113263518
MAPRE3	1	1	1.9658148088318277	EUR:chr2:26894985-28598777
MARK1	1	1	1.8694917757783434	EUR:chr1:219590571-221858231
MARK3	1	0	-1.1053836363421943	EUR:chr14:103012102-105001723
MARK4	1	0	0.04437238937973411	EUR:chr19:44744108-46102697
MAS1L	1	1	1.3092408383370535	EUR:chr6:28917608-29737971
MASP1	1	0	-0.32763664523639302	EUR:chr3:186890344-188856214
MAST3	1	1	2.5539616136252201	EUR:chr19:16374416-18409862
MAU2	1	1	2.7132148133885452	EUR:chr19:18409862-19877471
MB	1	0	0.30073900466676373	EUR:chr22:35530985-37570269
MCAM	1	0	-0.069879344551297864	EUR:chr11:117747110-119215476
MCM5	1	0	0.36939179990000076	EUR:chr22:35530985-37570269
MCU	1	0	-0.31207452340517433	EUR:chr10:73508512-75422550
MED22	1	1	-1.102865104476604	EUR:chr9:135298842-137041122
MED24	1	0	-1.1051314676700532	EUR:chr17:36809344-38877404
MED26	1	0	-0.28003229461359608	EUR:chr19:16374416-18409862
MEPE	1	1	2.6199801106871652	EUR:chr4:87534648-89238028
METAP1	1	0	2.2753503713708612	EUR:chr4:99424067-100678360
METTL2B	1	0	0.91643132417327711	EUR:chr7:126869221-128778386
MEX3A	1	0	-2.340069814306748	EUR:chr1:154770403-156336133
MFAP2	1	0	2.3965720817497957	EUR:chr1:16897730-18662899
MFNG	1	0	1.5130624181194432	EUR:chr22:37570269-39307894
MFRP	1	0	-0.16094161561259862	EUR:chr11:119215476-120766806
MGAT3	1	0	-1.1089214055285266	EUR:chr22:39307894-40545797
MIA2	1	0	-0.99175432205005587	EUR:chr14:38667725-40341990
MICALL1	1	0	1.4931501341356108	EUR:chr22:37570269-39307894
MIER1	1	0	0.16004018601535716	EUR:chr1:66939404-68477895
MIF	1	0	1.0668619239872519	EUR:chr22:23712647-24984204
MKRN2	1	0	0.76841357061883775	EUR:chr3:11019665-13070799
MLEC	1	0	0.44315350676196447	EUR:chr12:119754110-122007651
MLH1	1	0	-0.22027176075304389	EUR:chr3:36486842-38356116
MLN	1	1	0.41448525794067614	EUR:chr6:33236497-35455756
MMAA	1	1	0.0094467160095296262	EUR:chr4:146178187-148521873
MMP11	1	0	1.1101882633181783	EUR:chr22:23712647-24984204
MMP15	1	0	-0.94814561726258739	EUR:chr16:57664330-59045405
MNDA	1	0	-1.6944793561629705	EUR:chr1:158027412-159913048
MOAP1	1	0	-0.66998485899385707	EUR:chr14:93132299-94325285
MOG	1	1	0.046016950960310971	EUR:chr6:28917608-29737971
MORN3	1	1	1.0298615755809708	EUR:chr12:122007651-124977980
MPPED1	1	1	3.2257996055742333	EUR:chr22:43714200-44995308
MPST	1	0	1.3561529088291655	EUR:chr22:35530985-37570269
MPV17	1	1	1.9583079056144574	EUR:chr2:26894985-28598777
MPV17L2	1	1	2.6417738639626971	EUR:chr19:16374416-18409862
MPZ	1	0	-0.47816826262639844	EUR:chr1:159913048-162346721
MPZL2	1	0	0.066997557850801526	EUR:chr11:117747110-119215476
MPZL3	1	0	0.036973282842735933	EUR:chr11:117747110-119215476
MRC1	1	0	-0.055201499476851726	EUR:chr10:16551767-18537267
MRGPRE	1	0	0.88946985998942873	EUR:chr11:1213590-3665481
MRGPRG	1	0	0.89722353260058574	EUR:chr11:1213590-3665481
MRPL1	1	0	-0.29572935183475957	EUR:chr4:77130707-79093979
MRPL23	1	0	0.018620413185304416	EUR:chr11:1213590-3665481
MRPL33	1	1	1.9355340774642136	EUR:chr2:26894985-28598777
MRPL34	1	0	1.6757916218132327	EUR:chr19:16374416-18409862
MRPL40	1	0	-0.5596359416375849	EUR:chr22:18296088-19912358
MRPL43	1	0	0.90070979341785296	EUR:chr10:100668400-102949239
MRPS27	1	0	0.13374497672524124	EUR:chr5:71240456-73759326
MRPS28	1	0	1.0649289613738204	EUR:chr8:79132861-81956395
MRS2	1	1	0.060549824441111358	EUR:chr6:23936619-24852275
MSI1	1	0	0.24319536041524756	EUR:chr12:119754110-122007651
MSL1	1	0	-0.80252150848448756	EUR:chr17:36809344-38877404
MSL2	1	0	1.7550506660123384	EUR:chr3:135456906-137371083
MSTO1	1	0	-2.2157565990516015	EUR:chr1:154770403-156336133
MTNR1B	1	0	1.1705153180986461	EUR:chr11:92077144-93276157
MTSS1	1	1	0.88136545249089471	EUR:chr8:125683719-126410917
MTX1	1	1	-0.76217504001591863	EUR:chr1:154770403-156336133
MUC1	1	1	-0.76896546415085032	EUR:chr1:154770403-156336133
MUC21	1	0	-3.139362874476479	EUR:chr6:30798168-31571218
MYADM	1	0	-1.2714711344654384	EUR:chr19:52985290-54602362
MYD88	1	0	-0.4115033584181404	EUR:chr3:36486842-38356116
MYH9	1	0	0.95676497936669735	EUR:chr22:35530985-37570269
MYL2	1	1	-1.2562567840474252	EUR:chr12:110336719-113263518
MYO9B	1	0	1.306343101480397	EUR:chr19:16374416-18409862
MYOF	1	0	-0.6480403194074732	EUR:chr10:93335047-95396368
MYPOP	1	0	0.67118483071418245	EUR:chr19:46102697-47150082
NAA25	1	1	-1.232209079818372	EUR:chr12:110336719-113263518
NANOS2	1	0	0.67101334704062199	EUR:chr19:46102697-47150082
NAP1L4	1	0	0.63441966362140578	EUR:chr11:1213590-3665481
NBPF1	1	0	2.3662500213361621	EUR:chr1:16897730-18662899
NBPF3	1	0	-0.41180138333326582	EUR:chr1:21736588-23086883
NCAN	1	1	2.7625666888212406	EUR:chr19:18409862-19877471
NCEH1	1	0	0.88886000543056309	EUR:chr3:172295731-173477285
NCF4	1	0	1.347957093756222	EUR:chr22:35530985-37570269
NCK1	1	0	1.7474375283605865	EUR:chr3:135456906-137371083
NCS1	1	0	1.2770209697512911	EUR:chr9:132165470-133223217
NDRG4	1	0	-0.23600976672106777	EUR:chr16:57664330-59045405
NDUFA13	1	1	2.7385100149359145	EUR:chr19:18409862-19877471
NDUFA3	1	0	-1.6898946129606842	EUR:chr19:54602362-55728080
NDUFAF3	1	0	0.27377295639153348	EUR:chr3:47727212-49316972
NDUFB8	1	0	0.85403541346324197	EUR:chr10:100668400-102949239
NDUFB9	1	1	0.92479745169181027	EUR:chr8:124861459-125683719
NDUFS2	1	0	-0.52647518916671743	EUR:chr1:159913048-162346721
NECAP2	1	0	2.3551448992023025	EUR:chr1:14891511-16897730
NEDD4L	1	0	-0.8442187791130521	EUR:chr18:55213838-56530220
NEU2	1	0	-1.4721924250172249	EUR:chr2:233550003-235150987
NEUROG3	1	0	1.1759648173661588	EUR:chr10:70195991-72220850
NFKB1	1	1	1.6385054766458924	EUR:chr4:103221356-105305294
NFRKB	1	0	-0.54417120346315528	EUR:chr11:128188537-130342575
NGEF	1	0	-1.7002608430219945	EUR:chr2:233550003-235150987
NICN1	1	0	0.25647266262682233	EUR:chr3:49316972-51832015
NINJ2	1	0	-1.49294146565666	EUR:chr12:61107-1080331
NIT1	1	0	-0.38291066033224586	EUR:chr1:159913048-162346721
NKAPL	1	1	2.0433472174928835	EUR:chr6:28017819-28917608
NKPD1	1	0	0.0073930394819471034	EUR:chr19:44744108-46102697
NKX2-3	1	0	0.61329705724381345	EUR:chr10:100668400-102949239
NLRP12	1	0	-1.167803558648804	EUR:chr19:52985290-54602362
NLRX1	1	0	0.05492727026483761	EUR:chr11:117747110-119215476
NOL11	1	0	0.24841628767619503	EUR:chr17:64800430-67858770
NOL12	1	0	1.5416302450077588	EUR:chr22:37570269-39307894
NOS1AP	1	0	-0.12587523749038057	EUR:chr1:159913048-162346721
NOSIP	1	1	0.45982929102933995	EUR:chr19:49282227-51532567
NOTCH3	1	0	0.74598324635084079	EUR:chr19:14486347-15648610
NOTCH4	1	1	0.48878605347469167	EUR:chr6:31571218-32682664
NOVA2	1	0	0.67067043887387634	EUR:chr19:46102697-47150082
NPFFR1	1	0	0.97488095753885662	EUR:chr10:70195991-72220850
NPTXR	1	0	0.64315009209814789	EUR:chr22:37570269-39307894
NR1D1	1	0	-0.92563762583387088	EUR:chr17:36809344-38877404
NR1I2	1	0	-0.96611078439268649	EUR:chr3:118530251-120523055
NR2C2AP	1	1	2.7950788999228071	EUR:chr19:18409862-19877471
NR2F6	1	0	1.6048543509093864	EUR:chr19:16374416-18409862
NRBF2	1	0	-1.4162617197118672	EUR:chr10:63341695-65794114
NRBP1	1	1	1.9536715479216327	EUR:chr2:26894985-28598777
NRF1	1	0	0.83312611149737414	EUR:chr7:128778386-130422414
NRSN1	1	0	0.22785267686055474	EUR:chr6:23936619-24852275
NSMAF	1	0	0.42031060816486498	EUR:chr8:59068651-59728100
NSMCE2	1	1	-0.16073358181677991	EUR:chr8:125683719-126410917
NSUN6	1	0	-0.31106851101963207	EUR:chr10:18537267-19716878
NTF4	1	1	-1.2392597190412871	EUR:chr19:49282227-51532567
NTN5	1	1	-0.78824522587726153	EUR:chr19:47150082-49282227
NUBP1	1	0	-0.11374057992190939	EUR:chr16:10426032-11520161
NUCB1	1	1	-1.191969375358739	EUR:chr19:49282227-51532567
NUDT3	1	0	0.067820867659637324	EUR:chr6:33236497-35455756
NUDT9	1	1	2.6033994786777468	EUR:chr4:87534648-89238028
NUP188	1	0	1.4099450755257035	EUR:chr9:130055510-132165470
NUP210L	1	0	-0.9951180629998837	EUR:chr1:153180829-154770403
NUP98	1	0	0.59130280759983589	EUR:chr11:3665481-4746709
NWD1	1	0	-0.47985731522862368	EUR:chr19:16374416-18409862
NXNL1	1	0	1.6881844560474799	EUR:chr19:16374416-18409862
OAS1	1	0	-0.091719144616023582	EUR:chr12:113263518-113986709
OAS2	1	0	-0.082786228662912839	EUR:chr12:113263518-113986709
OAS3	1	0	-0.11057185292665761	EUR:chr12:113263518-113986709
OASL	1	0	0.54639512062605355	EUR:chr12:119754110-122007651
OBP2B	1	1	-0.53988979631813938	EUR:chr9:135298842-137041122
OCEL1	1	0	1.516944561201149	EUR:chr19:16374416-18409862
OLFML2B	1	0	-0.040398518941958929	EUR:chr1:159913048-162346721
ONECUT2	1	0	-0.50427294998065264	EUR:chr18:51554175-55213838
OPA3	1	0	0.42900047438871275	EUR:chr19:46102697-47150082
OPN1SW	1	0	0.91809940744652752	EUR:chr7:126869221-128778386
OR10C1	1	1	1.5049408421505823	EUR:chr6:28917608-29737971
OR10H1	1	0	0.43516287512415835	EUR:chr19:15648610-16374416
OR10H2	1	0	0.40807868965614263	EUR:chr19:15648610-16374416
OR10H3	1	0	0.40971597512901547	EUR:chr19:15648610-16374416
OR10H4	1	0	0.49094708982294394	EUR:chr19:15648610-16374416
OR10H5	1	0	0.44905150092094326	EUR:chr19:15648610-16374416
OR10J1	1	0	-1.3018571925733964	EUR:chr1:158027412-159913048
OR10J5	1	0	-1.0704970137964265	EUR:chr1:158027412-159913048
OR10K2	1	0	-1.5734001393534101	EUR:chr1:158027412-159913048
OR10R2	1	0	-1.5479506899451905	EUR:chr1:158027412-159913048
OR10T2	1	0	-1.5626343654966113	EUR:chr1:158027412-159913048
OR10X1	1	0	-1.4088361971722811	EUR:chr1:158027412-159913048
OR10Z1	1	0	-1.365831310158518	EUR:chr1:158027412-159913048
OR12D2	1	1	1.6469490525183601	EUR:chr6:28917608-29737971
OR12D3	1	1	1.6395545450985831	EUR:chr6:28917608-29737971
OR14J1	1	1	1.6785855929380702	EUR:chr6:28917608-29737971
OR1I1	1	0	0.74960470258484424	EUR:chr19:14486347-15648610
OR2B2	1	1	2.1328793794530316	EUR:chr6:26791233-28017819
OR2B3	1	1	1.7066868242700761	EUR:chr6:28917608-29737971
OR2B6	1	1	2.1355495105310753	EUR:chr6:26791233-28017819
OR2H1	1	1	1.4530414515737182	EUR:chr6:28917608-29737971
OR2H2	1	1	0.98394889463766899	EUR:chr6:28917608-29737971
OR2J2	1	1	1.6967851478988574	EUR:chr6:28917608-29737971
OR2J3	1	1	1.6898946129606847	EUR:chr6:28917608-29737971
OR2W1	1	1	1.8601432783861453	EUR:chr6:28917608-29737971
OR5V1	1	1	1.6560509169211155	EUR:chr6:28917608-29737971
OR6K2	1	0	-1.4077290484384517	EUR:chr1:158027412-159913048
OR6K3	1	0	-1.4973372276190873	EUR:chr1:158027412-159913048
OR6K6	1	0	-1.5538755605857437	EUR:chr1:158027412-159913048
OR6N1	1	0	-1.7161614150153328	EUR:chr1:158027412-159913048
OR6N2	1	0	-1.5407323365797276	EUR:chr1:158027412-159913048
OR6Y1	1	0	-1.52741028655241	EUR:chr1:158027412-159913048
OR7A10	1	0	0.88176929653336122	EUR:chr19:14486347-15648610
OR7A17	1	0	0.84304624984108401	EUR:chr19:14486347-15648610
OR7A5	1	0	0.89038526262392026	EUR:chr19:14486347-15648610
OR7C1	1	0	0.89038526262392026	EUR:chr19:14486347-15648610
ORAI1	1	1	1.0180672011235614	EUR:chr12:122007651-124977980
ORM1	1	0	0.42990126658282224	EUR:chr9:117019801-117921960
ORM2	1	0	0.41941347650067856	EUR:chr9:117019801-117921960
ORMDL3	1	0	-1.155438597899535	EUR:chr17:36809344-38877404
OSBPL5	1	0	0.89640481986683052	EUR:chr11:1213590-3665481
OSCAR	1	0	-1.718554297477189	EUR:chr19:54602362-55728080
OTOF	1	1	1.9266990203508165	EUR:chr2:24686918-26894985
OTUB2	1	1	1.8286426095030968	EUR:chr14:94325285-95750867
OTUD4	1	1	0.55643648637043674	EUR:chr4:143443265-146178187
OXER1	1	0	1.0881459801195477	EUR:chr2:40281483-43309590
OXSR1	1	0	-0.36295019625755831	EUR:chr3:36486842-38356116
P2RX4	1	1	0.77782787934670861	EUR:chr12:119754110-122007651
P2RX7	1	1	0.63894669273454707	EUR:chr12:119754110-122007651
P4HTM	1	0	0.26525469712647171	EUR:chr3:47727212-49316972
PACSIN2	1	1	3.3856753434744342	EUR:chr22:42690818-43714200
PADI2	1	0	2.3917620371133985	EUR:chr1:16897730-18662899
PADI3	1	0	1.5109154884648595	EUR:chr1:16897730-18662899
PAG1	1	0	0.15629716931215884	EUR:chr8:81956395-82693739
PARVB	1	1	3.056505215689965	EUR:chr22:43714200-44995308
PARVG	1	1	3.0871488064218742	EUR:chr22:43714200-44995308
PATE1	1	0	-0.64298173825792726	EUR:chr11:124495528-126311320
PATE2	1	0	-0.63626243435490626	EUR:chr11:124495528-126311320
PAX2	1	0	0.87874396118511	EUR:chr10:100668400-102949239
PBLD	1	0	0.76071146031940995	EUR:chr10:69900148-70195991
PBX2	1	1	0.48832327143135312	EUR:chr6:31571218-32682664
PBX4	1	1	2.7132148133885452	EUR:chr19:18409862-19877471
PBXIP1	1	1	-0.85009893129197545	EUR:chr1:154770403-156336133
PCCB	1	0	1.7582530505095566	EUR:chr3:135456906-137371083
PCP4L1	1	0	-0.48323953778340323	EUR:chr1:159913048-162346721
PDE12	1	0	-0.16434049380402066	EUR:chr3:56433907-58157519
PDE4C	1	1	2.6508546606871737	EUR:chr19:16374416-18409862
PDE6C	1	0	-0.75614823399365116	EUR:chr10:93335047-95396368
PDGFB	1	0	-0.47341551601668447	EUR:chr22:39307894-40545797
PDHB	1	0	-0.51221784882074362	EUR:chr3:58157519-60272906
PDXP	1	0	1.552960489289791	EUR:chr22:37570269-39307894
PDZD3	1	0	0.036562284451339848	EUR:chr11:117747110-119215476
PDZD7	1	0	0.90565029521767304	EUR:chr10:100668400-102949239
PEX26	1	0	-0.5451239806414977	EUR:chr22:18296088-19912358
PFDN2	1	0	-0.3644128656090192	EUR:chr1:159913048-162346721
PFDN6	1	1	0.75160069892328119	EUR:chr6:33236497-35455756
PGAP2	1	0	0.62706998712935957	EUR:chr11:3665481-4746709
PGAP3	1	0	-0.79105012574746658	EUR:chr17:36809344-38877404
PGBD1	1	1	2.0455607471364416	EUR:chr6:28017819-28917608
PGLS	1	0	1.6887539596894532	EUR:chr19:16374416-18409862
PGLYRP1	1	0	0.68047451589800423	EUR:chr19:46102697-47150082
PGLYRP2	1	0	0.5027188679703013	EUR:chr19:14486347-15648610
PGPEP1	1	1	3.0284880918279398	EUR:chr19:18409862-19877471
PHF1	1	1	0.70589150311812654	EUR:chr6:33236497-35455756
PHF19	1	0	-2.2270560946463602	EUR:chr9:122260297-124871322
PHF21B	1	1	3.4312541563414234	EUR:chr22:44995308-46470495
PHLDA2	1	0	0.57604358364742925	EUR:chr11:1213590-3665481
PHLDB1	1	0	0.029713167010033924	EUR:chr11:117747110-119215476
PHYHD1	1	0	1.4203792636649073	EUR:chr9:130055510-132165470
PICK1	1	0	1.3953001818535937	EUR:chr22:37570269-39307894
PIH1D1	1	1	0.47648057308994829	EUR:chr19:49282227-51532567
PIK3R2	1	1	2.5611700529674333	EUR:chr19:16374416-18409862
PINK1	1	0	-0.58122299120159537	EUR:chr1:20469149-21736588
PIP4K2B	1	0	-0.06397913945492624	EUR:chr17:36809344-38877404
PITPNC1	1	0	0.052733583526538313	EUR:chr17:64800430-67858770
PIWIL3	1	0	1.2647407421733918	EUR:chr22:24984204-26791628
PIWIL4	1	0	-0.069193153117462353	EUR:chr11:94242260-95726041
PKD2	1	1	2.5875050912872499	EUR:chr4:87534648-89238028
PKD2L1	1	0	0.86592514256227016	EUR:chr10:100668400-102949239
PKLR	1	0	-1.4417245810825672	EUR:chr1:154770403-156336133
PLA1A	1	0	-1.3668758945800568	EUR:chr3:118530251-120523055
PLA2G1B	1	0	0.26185280984462123	EUR:chr12:119754110-122007651
PLA2G4C	1	1	-0.12546126082017572	EUR:chr19:47150082-49282227
PLB1	1	1	1.8919636681721819	EUR:chr2:28598777-29217559
PLBD2	1	0	0.31351223231295677	EUR:chr12:113263518-113986709
PLCD1	1	0	-0.34139133015466594	EUR:chr3:36486842-38356116
PLCE1	1	0	0.45390256573555238	EUR:chr10:95396368-96221243
PLEKHA4	1	1	-0.80479061023283793	EUR:chr19:49282227-51532567
PLEKHH2	1	0	-0.018346552624902542	EUR:chr2:43309590-44313803
PLEKHM2	1	0	2.337959072939328	EUR:chr1:14891511-16897730
PLVAP	1	0	1.6780257501493998	EUR:chr19:16374416-18409862
PMP2	1	0	-0.17795541827200126	EUR:chr8:81956395-82693739
PMVK	1	1	-0.8399251553911492	EUR:chr1:154770403-156336133
PNMT	1	0	0.0088990653973857782	EUR:chr17:36809344-38877404
PNN	1	0	-0.78414255199449645	EUR:chr14:38667725-40341990
PNPLA5	1	1	3.1796196822362255	EUR:chr22:43714200-44995308
POGLUT1	1	0	-1.4264117565950243	EUR:chr3:118530251-120523055
POLE3	1	0	-0.94986384321218209	EUR:chr9:115693145-117019801
POLR2F	1	0	1.4990194388964695	EUR:chr22:37570269-39307894
POLR3A	1	0	-1.7791881917334207	EUR:chr10:78706814-80876749
POM121L2	1	1	2.142292262940928	EUR:chr6:26791233-28017819
POP5	1	0	0.30389178881863471	EUR:chr12:119754110-122007651
POPDC2	1	0	-1.3176744547609018	EUR:chr3:118530251-120523055
POU4F2	1	0	0.068232539769177786	EUR:chr4:146178187-148521873
PPA1	1	0	0.98817865642101865	EUR:chr10:70195991-72220850
PPA2	1	0	-0.3830579851165225	EUR:chr4:105305294-107501305
PPARG	1	0	0.6332481124326691	EUR:chr3:11019665-13070799
PPFIA3	1	1	-1.442886741648157	EUR:chr19:49282227-51532567
PPM1G	1	1	1.9490768095059614	EUR:chr2:26894985-28598777
PPM1K	1	0	2.5836317239862741	EUR:chr4:87534648-89238028
PPM1L	1	0	0.20277103468669505	EUR:chr3:159477890-161524504
PPM1N	1	0	0.12877368233335507	EUR:chr19:44744108-46102697
PPOX	1	0	-0.42779995924084163	EUR:chr1:159913048-162346721
PPP1CC	1	1	-1.8058055788460519	EUR:chr12:110336719-113263518
PPP1R11	1	1	-1.4359427774587159	EUR:chr6:29737971-30798168
PPP1R13B	1	0	-0.53119882181053213	EUR:chr14:103012102-105001723
PPP1R13L	1	0	-0.150755965909949	EUR:chr19:44744108-46102697
PPP1R15A	1	1	-1.0792794742177829	EUR:chr19:49282227-51532567
PPP1R1B	1	0	0.039439406785918639	EUR:chr17:36809344-38877404
PPP2R3A	1	0	1.7480680963492123	EUR:chr3:135456906-137371083
PPP4R4	1	1	1.824287756107271	EUR:chr14:94325285-95750867
PPT2	1	1	0.48193211671155389	EUR:chr6:31571218-32682664
PPTC7	1	1	-1.9445228545090678	EUR:chr12:110336719-113263518
PRDM10	1	0	-0.65616875554526333	EUR:chr11:128188537-130342575
PRDM12	1	0	1.1610614517566471	EUR:chr9:133223217-134127888
PREB	1	1	1.9753570116315251	EUR:chr2:26894985-28598777
PRIMA1	1	1	1.8389410129997348	EUR:chr14:93132299-94325285
PRKAR1A	1	0	0.47050782601119084	EUR:chr17:64800430-67858770
PRKAR2A	1	0	0.23741773490642143	EUR:chr3:47727212-49316972
PRKCG	1	0	-1.2829221207846859	EUR:chr19:52985290-54602362
PRM2	1	0	-0.21676638613396715	EUR:chr16:10426032-11520161
PRMT1	1	1	0.43410959385921977	EUR:chr19:49282227-51532567
PRODH	1	0	-1.2604874222645848	EUR:chr22:18296088-19912358
PRPF31	1	0	-1.7096311698848998	EUR:chr19:54602362-55728080
PRR12	1	1	0.44496662332282305	EUR:chr19:49282227-51532567
PRR5	1	1	3.311339425503427	EUR:chr22:44995308-46470495
PRR5-ARHGAP8	1	1	3.2018567779173428	EUR:chr22:44995308-46470495
PRRG2	1	1	0.43471140981987616	EUR:chr19:49282227-51532567
PRRT1	1	1	0.48262417804771962	EUR:chr6:31571218-32682664
PRRT4	1	0	0.85541631160036624	EUR:chr7:126869221-128778386
PRRX2	1	0	1.3499975532563695	EUR:chr9:132165470-133223217
PRSS16	1	1	2.1409359079316257	EUR:chr6:26791233-28017819
PRSS54	1	0	-0.55499858967323912	EUR:chr16:57664330-59045405
PRSS56	1	0	-2.3194159358629864	EUR:chr2:231843389-233550003
PSMB3	1	0	-0.087045674665080661	EUR:chr17:36809344-38877404
PSMB8	1	1	0.91082026826052409	EUR:chr6:32682664-33236497
PSMB9	1	1	0.91372611367107714	EUR:chr6:32682664-33236497
PSMD12	1	0	0.10836817763136405	EUR:chr17:64800430-67858770
PSMD3	1	0	-1.1219279913595832	EUR:chr17:36809344-38877404
PSMD9	1	1	0.96240588448486342	EUR:chr12:122007651-124977980
PTCD2	1	0	0.10231075053647574	EUR:chr5:71240456-73759326
PTGES	1	0	1.3288464646361167	EUR:chr9:132165470-133223217
PTH2	1	1	0.48539474055866377	EUR:chr19:49282227-51532567
PTPN11	1	1	-0.30589967793038469	EUR:chr12:110336719-113263518
PUS3	1	0	-1.6870470885613014	EUR:chr11:124495528-126311320
PVALB	1	0	1.339850835824091	EUR:chr22:35530985-37570269
PVR	1	0	-1.6921825383849665	EUR:chr19:44744108-46102697
PXK	1	0	-0.55308317680410313	EUR:chr3:58157519-60272906
PXN	1	0	-0.58804473455140938	EUR:chr12:119754110-122007651
PYGO2	1	1	-0.85088517263966901	EUR:chr1:154770403-156336133
PYHIN1	1	0	-1.3291775702957191	EUR:chr1:158027412-159913048
PYROXD1	1	0	0.67290075471044208	EUR:chr12:20863943-23820634
PYROXD2	1	0	-0.40495599362142526	EUR:chr10:97822357-100241302
QPCTL	1	0	0.68064709963959269	EUR:chr19:46102697-47150082
RAB25	1	0	-2.398998051251211	EUR:chr1:154770403-156336133
RAB35	1	0	-0.59473055372171979	EUR:chr12:119754110-122007651
RAB3A	1	1	2.6373139172390121	EUR:chr19:16374416-18409862
RAB3GAP2	1	1	1.8854455524105267	EUR:chr1:219590571-221858231
RAB8A	1	0	0.55835547383714501	EUR:chr19:15648610-16374416
RABGEF1	1	0	-2.607477847430169	EUR:chr7:65689809-68234074
RAC2	1	0	1.4633482472599515	EUR:chr22:37570269-39307894
RAD52	1	0	-1.3956626676416546	EUR:chr12:1080331-2544786
RAD9B	1	1	-1.9364259384496272	EUR:chr12:110336719-113263518
RAF1	1	0	0.6936493698116698	EUR:chr3:11019665-13070799
RALGDS	1	1	-0.5145607276477081	EUR:chr9:135298842-137041122
RAP1GAP	1	0	-1.1139995707526804	EUR:chr1:21736588-23086883
RAP1GDS1	1	0	2.2827011772432018	EUR:chr4:97540703-99424067
RAPGEFL1	1	0	-0.73374268758696404	EUR:chr17:36809344-38877404
RARA	1	0	-0.67118483071418256	EUR:chr17:36809344-38877404
RASAL1	1	0	-0.038754348937567629	EUR:chr12:113263518-113986709
RASAL3	1	0	0.52678973164329201	EUR:chr19:14486347-15648610
RASD2	1	0	0.31020646522810497	EUR:chr22:35530985-37570269
RASIP1	1	1	-0.81772806710665558	EUR:chr19:47150082-49282227
RAX	1	0	0.057532617482796478	EUR:chr18:56530220-57630483
RBFOX2	1	0	0.88197127249119389	EUR:chr22:35530985-37570269
RBKS	1	1	1.9275757776904419	EUR:chr2:26894985-28598777
RBL2	1	0	0.18129462290546863	EUR:chr16:53382572-55903774
RBM28	1	0	0.79837218179318725	EUR:chr7:126869221-128778386
RCN3	1	1	0.45648403785763764	EUR:chr19:49282227-51532567
RCOR1	1	0	-1.4355590274236136	EUR:chr14:103012102-105001723
RECQL	1	0	0.67909457469830814	EUR:chr12:20863943-23820634
REEP3	1	0	-1.2541498717054163	EUR:chr10:63341695-65794114
RELB	1	0	-0.9648016605071793	EUR:chr19:44744108-46102697
REXO4	1	1	-1.1076563249828699	EUR:chr9:135298842-137041122
RFC4	1	0	0.85108181517202197	EUR:chr3:185068255-186890344
RFXANK	1	1	2.788336947966243	EUR:chr19:18409862-19877471
RGL2	1	1	0.74688769176354508	EUR:chr6:33236497-35455756
RGL4	1	0	1.1219279913595832	EUR:chr22:23712647-24984204
RGS3	1	0	-0.45253712870677715	EUR:chr9:115693145-117019801
RHOA	1	0	0.26624749101609368	EUR:chr3:49316972-51832015
RHOF	1	1	1.0118800894927258	EUR:chr12:122007651-124977980
RHOG	1	0	0.62990559914037669	EUR:chr11:3665481-4746709
RING1	1	1	0.80516919673081988	EUR:chr6:32682664-33236497
RIT1	1	0	-2.403892777018632	EUR:chr1:154770403-156336133
RMI2	1	0	-0.294871302404559	EUR:chr16:10426032-11520161
RNF10	1	0	0.28088668595160182	EUR:chr12:119754110-122007651
RNF123	1	0	0.36748701502141695	EUR:chr3:49316972-51832015
RNF139	1	1	0.93132598636528019	EUR:chr8:124861459-125683719
RNF26	1	0	-0.1693382218923894	EUR:chr11:117747110-119215476
RNF34	1	1	0.91102757349400976	EUR:chr12:119754110-122007651
RNF39	1	1	-1.4677559852804138	EUR:chr6:29737971-30798168
RNF5	1	1	0.48678141894900012	EUR:chr6:31571218-32682664
RPGRIP1L	1	0	0.089657078736142024	EUR:chr16:53382572-55903774
RPH3A	1	0	-0.15435721088875912	EUR:chr12:110336719-113263518
RPL13A	1	1	0.46684062822592037	EUR:chr19:49282227-51532567
RPL18	1	1	-0.74743065237484174	EUR:chr19:47150082-49282227
RPL19	1	0	0.13775202991481147	EUR:chr17:36809344-38877404
RPL39L	1	0	-0.28815736607812675	EUR:chr3:186890344-188856214
RPL6	1	1	-0.37923023089402341	EUR:chr12:110336719-113263518
RPL7A	1	1	-1.0814881318289966	EUR:chr9:135298842-137041122
RPLP0	1	0	-0.60604282163575407	EUR:chr12:119754110-122007651
RPP14	1	0	-0.60505608256907617	EUR:chr3:58157519-60272906
RPS11	1	1	0.46516192811349083	EUR:chr19:49282227-51532567
RPS18	1	1	0.75596603266720241	EUR:chr6:33236497-35455756
RPS19BP1	1	0	-1.1469400175984075	EUR:chr22:39307894-40545797
RPS25	1	0	0.13830489907420809	EUR:chr11:117747110-119215476
RPUSD4	1	0	-1.8870675761707187	EUR:chr11:124495528-126311320
RRAS	1	1	0.44496662332282305	EUR:chr19:49282227-51532567
RSC1A1	1	0	2.3358586965980597	EUR:chr1:14891511-16897730
RSPH6A	1	0	0.66399939459544544	EUR:chr19:46102697-47150082
RSU1	1	0	-0.039850450358888193	EUR:chr10:16551767-18537267
RTKN2	1	0	-1.2154180837195045	EUR:chr10:63341695-65794114
RTN2	1	0	-0.22335872950603153	EUR:chr19:44744108-46102697
RTP1	1	0	-0.24418259078442761	EUR:chr3:186890344-188856214
RTP2	1	0	-0.45359906223203134	EUR:chr3:186890344-188856214
RTP4	1	0	-0.3081959199625719	EUR:chr3:186890344-188856214
RUFY2	1	0	0.74345403845903135	EUR:chr10:69900148-70195991
RUSC1	1	0	-1.4177562280386053	EUR:chr1:154770403-156336133
RUSC1-AS1	1	0	-1.4302085817383219	EUR:chr1:154770403-156336133
RUVBL2	1	1	-0.87753607700118508	EUR:chr19:49282227-51532567
RXFP2	1	0	-0.55691604089372182	EUR:chr13:32301815-33776903
RXFP4	1	0	-2.4823011713428933	EUR:chr1:154770403-156336133
RXRA	1	0	-0.23784021702827027	EUR:chr9:137041122-137589364
RXRB	1	1	0.81734560426926772	EUR:chr6:32682664-33236497
SAG	1	0	-1.1011062862018031	EUR:chr2:233550003-235150987
SAMD13	1	0	-1.3568400155063609	EUR:chr1:83991748-84844495
SAMM50	1	1	3.1209980517704428	EUR:chr22:43714200-44995308
SAR1A	1	0	0.99153047155604723	EUR:chr10:70195991-72220850
SARDH	1	1	-0.98106496133573584	EUR:chr9:135298842-137041122
SCAF1	1	1	0.44496662332282305	EUR:chr19:49282227-51532567
SCAMP3	1	1	-1.4701722740231027	EUR:chr1:154770403-156336133
SCD	1	0	0.87452195222764217	EUR:chr10:100668400-102949239
SCGN	1	1	2.401438222356274	EUR:chr6:24852275-25684587
SCHIP1	1	0	-0.55627666330059644	EUR:chr3:159477890-161524504
SCN2B	1	0	0.072898982164759346	EUR:chr11:117747110-119215476
SCN4B	1	0	0.073036254006676807	EUR:chr11:117747110-119215476
SCUBE1	1	1	3.3462012129615406	EUR:chr22:43714200-44995308
SDCBP	1	0	0.40867393939729452	EUR:chr8:59068651-59728100
SDHB	1	0	2.3846491294210828	EUR:chr1:16897730-18662899
SDHC	1	0	-0.46455181681371488	EUR:chr1:159913048-162346721
SDS	1	0	0.31365603880286674	EUR:chr12:113263518-113986709
SDSL	1	0	0.38423688306354686	EUR:chr12:113263518-113986709
SEC11C	1	0	-0.0015059763746431195	EUR:chr18:56530220-57630483
SEC23A	1	0	-0.76675929225464756	EUR:chr14:38667725-40341990
SEC31B	1	0	0.8219430843088954	EUR:chr10:100668400-102949239
SEL1L	1	0	-0.79649066289663217	EUR:chr14:81579714-83138097
SEMA4A	1	0	-2.2254244015694287	EUR:chr1:154770403-156336133
SEMA4G	1	0	0.90029907725652525	EUR:chr10:100668400-102949239
SERBP1	1	0	1.2154180837195041	EUR:chr1:66939404-68477895
SERPINA10	1	1	1.8359787051305143	EUR:chr14:94325285-95750867
SERPINA11	1	1	1.8250111644452929	EUR:chr14:94325285-95750867
SERPINA12	1	1	1.8214036282383814	EUR:chr14:94325285-95750867
SERPINA3	1	1	1.8192504330308932	EUR:chr14:94325285-95750867
SERPINA4	1	1	1.8206849583119888	EUR:chr14:94325285-95750867
SERPINA5	1	1	1.8199672275161609	EUR:chr14:94325285-95750867
SERPINA6	1	1	1.8330324213895881	EUR:chr14:94325285-95750867
SERPINA9	1	1	1.8235653011968509	EUR:chr14:94325285-95750867
SESN3	1	0	-0.16919933956197883	EUR:chr11:94242260-95726041
SETD1B	1	1	1.0073219016894515	EUR:chr12:122007651-124977980
SETD6	1	0	-0.25378538012607416	EUR:chr16:57664330-59045405
SETX	1	1	-0.91206468752440373	EUR:chr9:134127888-135298842
SFT2D2	1	0	-1.7771922062348005	EUR:chr1:166460517-169086324
SFTA2	1	0	-2.0291978235703136	EUR:chr6:30798168-31571218
SFXN3	1	0	0.90194285459969736	EUR:chr10:100668400-102949239
SGIP1	1	0	-0.0097205423678157921	EUR:chr1:66939404-68477895
SGSM1	1	0	1.2801212815648084	EUR:chr22:24984204-26791628
SH2B3	1	1	-1.1964385139864651	EUR:chr12:110336719-113263518
SH2D1B	1	0	-0.2525130974116635	EUR:chr1:162346721-165191702
SH2D5	1	0	-0.55132916262145093	EUR:chr1:20469149-21736588
SH3BP1	1	0	1.5584705521683755	EUR:chr22:37570269-39307894
SH3BP4	1	0	-0.16461803655196694	EUR:chr2:235150987-236043550
SH3GLB2	1	0	1.4207547816614428	EUR:chr9:130055510-132165470
SHC1	1	1	-0.8451967741621631	EUR:chr1:154770403-156336133
SHE	1	0	-1.3202883540701582	EUR:chr1:153180829-154770403
SIN3B	1	0	-0.66212316116058056	EUR:chr19:16374416-18409862
SIRT4	1	0	0.26326989236277393	EUR:chr12:119754110-122007651
SIX5	1	0	0.6684434541811386	EUR:chr19:46102697-47150082
SLAMF1	1	0	-0.76254119005807341	EUR:chr1:159913048-162346721
SLAMF7	1	0	-0.32186384167996324	EUR:chr1:159913048-162346721
SLC10A5	1	0	-0.12960200710760131	EUR:chr8:81956395-82693739
SLC10A6	1	1	2.6116000533784671	EUR:chr4:87534648-89238028
SLC10A7	1	0	-0.061784293710250938	EUR:chr4:146178187-148521873
SLC16A6	1	0	0.38467910741714312	EUR:chr17:64800430-67858770
SLC17A1	1	1	2.4038927770186307	EUR:chr6:25684587-26791233
SLC17A2	1	1	2.4113446162281726	EUR:chr6:25684587-26791233
SLC17A3	1	1	2.4189328130485572	EUR:chr6:25684587-26791233
SLC17A4	1	1	2.4138585977966702	EUR:chr6:25684587-26791233
SLC17A7	1	1	0.48385508056069421	EUR:chr19:49282227-51532567
SLC1A6	1	0	0.77542163240062012	EUR:chr19:14486347-15648610
SLC22A13	1	0	-0.37056464126752831	EUR:chr3:36486842-38356116
SLC22A14	1	0	-0.35871282978171742	EUR:chr3:36486842-38356116
SLC22A18	1	0	0.5642853599782971	EUR:chr11:1213590-3665481
SLC22A18AS	1	0	0.56107756566280376	EUR:chr11:1213590-3665481
SLC25A1	1	0	-1.1869698843100758	EUR:chr22:18296088-19912358
SLC25A16	1	0	0.72267723972767595	EUR:chr10:70195991-72220850
SLC25A18	1	0	-1.0064127732804322	EUR:chr22:17674295-18296088
SLC25A20	1	0	0.24771036429334725	EUR:chr3:47727212-49316972
SLC25A28	1	0	0.68566088840215456	EUR:chr10:100668400-102949239
SLC25A34	1	0	2.3400698143067489	EUR:chr1:14891511-16897730
SLC25A42	1	1	2.7752214776790041	EUR:chr19:18409862-19877471
SLC27A1	1	0	1.6853451183856936	EUR:chr19:16374416-18409862
SLC2A11	1	0	1.0724415247482966	EUR:chr22:23712647-24984204
SLC2A6	1	1	-1.0819796615267308	EUR:chr9:135298842-137041122
SLC30A3	1	1	1.9527492978185983	EUR:chr2:26894985-28598777
SLC35D1	1	0	0.1985802866990892	EUR:chr1:66939404-68477895
SLC35E1	1	0	-0.29344170197455899	EUR:chr19:16374416-18409862
SLC36A4	1	0	1.2191517331044128	EUR:chr11:92077144-93276157
SLC37A4	1	0	0.1192541498464169	EUR:chr11:117747110-119215476
SLC38A7	1	0	0.95914779136318595	EUR:chr16:57664330-59045405
SLC39A12	1	0	-0.11677260477092627	EUR:chr10:16551767-18537267
SLC39A7	1	1	0.80972127470418898	EUR:chr6:32682664-33236497
SLC39A8	1	1	1.6411315391760297	EUR:chr4:103221356-105305294
SLC4A1AP	1	1	1.9310977067844914	EUR:chr2:26894985-28598777
SLC50A1	1	1	-0.7871250012792691	EUR:chr1:154770403-156336133
SLC5A5	1	0	1.7072745101230666	EUR:chr19:16374416-18409862
SLC5A6	1	1	1.9648703739741837	EUR:chr2:26894985-28598777
SLC6A12	1	0	-1.6073405568063197	EUR:chr12:61107-1080331
SLC6A13	1	0	-1.5040916947282561	EUR:chr12:61107-1080331
SLC6A16	1	1	0.31840531341197797	EUR:chr19:49282227-51532567
SLCO1A2	1	0	0.6212477657677804	EUR:chr12:20863943-23820634
SLCO1B3	1	0	0.57410529033586355	EUR:chr12:20863943-23820634
SLCO1C1	1	0	0.50800773058225379	EUR:chr12:18087873-20863943
SLMAP	1	0	-0.79011446853786049	EUR:chr3:56433907-58157519
SMAD1	1	0	0.4870896967637281	EUR:chr4:146178187-148521873
SMARCB1	1	0	1.0891364359415396	EUR:chr22:23712647-24984204
SMARCE1	1	0	-0.71824035518866136	EUR:chr17:36809344-38877404
SMC4	1	0	0.09433165584278734	EUR:chr3:159477890-161524504
SMO	1	0	0.86294128044353025	EUR:chr7:128778386-130422414
SND1	1	0	0.41195040950619305	EUR:chr7:126869221-128778386
SNRNP70	1	1	-1.3060218072307053	EUR:chr19:49282227-51532567
SNRPD2	1	0	0.68202850032535312	EUR:chr19:46102697-47150082
SNRPD3	1	0	1.2301641446484872	EUR:chr22:23712647-24984204
SNX17	1	1	1.9545954627109217	EUR:chr2:26894985-28598777
SOX10	1	0	1.4994406551750856	EUR:chr22:37570269-39307894
SOX14	1	0	1.0240622193965485	EUR:chr3:137371083-139954597
SPACA4	1	1	-0.74453740146529679	EUR:chr19:47150082-49282227
SPARCL1	1	1	2.607477847430173	EUR:chr4:87534648-89238028
SPATA16	1	0	-0.074820914144617973	EUR:chr3:172295731-173477285
SPATA21	1	0	2.3595520801065621	EUR:chr1:14891511-16897730
SPDEF	1	0	0.073173527224870735	EUR:chr6:33236497-35455756
SPECC1L	1	0	1.1525078195726848	EUR:chr22:23712647-24984204
SPEN	1	0	2.346465361003534	EUR:chr1:14891511-16897730
SPHK2	1	1	-0.75396347134159969	EUR:chr19:47150082-49282227
SPP1	1	1	2.615767120743107	EUR:chr4:87534648-89238028
SPP2	1	0	-0.72445597975909914	EUR:chr2:233550003-235150987
SPPL3	1	0	0.49697926936201181	EUR:chr12:119754110-122007651
SPTA1	1	0	-1.4317331005466376	EUR:chr1:158027412-159913048
SQLE	1	1	0.15712875973877852	EUR:chr8:125683719-126410917
SRGN	1	0	0.75523747815783027	EUR:chr10:70195991-72220850
SRSF9	1	0	0.2631281603650335	EUR:chr12:119754110-122007651
SSBP4	1	1	2.9904666636359285	EUR:chr19:18409862-19877471
SSR2	1	0	-2.461951355180565	EUR:chr1:154770403-156336133
SST	1	0	-0.3442952140906177	EUR:chr3:186890344-188856214
SSX2IP	1	0	-1.747437528360587	EUR:chr1:84844495-86454751
ST14	1	0	-1.0356957771320374	EUR:chr11:128188537-130342575
ST3GAL4	1	0	-1.7288354509936363	EUR:chr11:124495528-126311320
ST6GAL1	1	0	-0.052870681403803438	EUR:chr3:185068255-186890344
ST8SIA1	1	0	0.39368747919201236	EUR:chr12:20863943-23820634
ST8SIA6	1	0	0.091169222608906378	EUR:chr10:16551767-18537267
STAC	1	0	-0.27391509409718745	EUR:chr3:35283458-36486842
STAC2	1	0	0.13001620280762927	EUR:chr17:36809344-38877404
STAG1	1	0	1.7263999046999399	EUR:chr3:135456906-137371083
STAM	1	0	-0.14051680024856464	EUR:chr10:16551767-18537267
STIM1	1	0	0.54290160168545265	EUR:chr11:3665481-4746709
STK19	1	0	0.39620368054139549	EUR:chr6:31571218-32682664
STOX1	1	0	0.72019083749251445	EUR:chr10:70195991-72220850
STT3A	1	0	-0.62590384741637195	EUR:chr11:124495528-126311320
SUGP2	1	1	2.8161037021818993	EUR:chr19:18409862-19877471
SULT2A1	1	1	-0.053144880142191091	EUR:chr19:47150082-49282227
SULT2B1	1	1	-0.71011318522166123	EUR:chr19:47150082-49282227
SULT4A1	1	1	3.1588517358768584	EUR:chr22:43714200-44995308
SUN2	1	0	1.096599176715227	EUR:chr22:37570269-39307894
SUPT7L	1	1	1.9328676919937657	EUR:chr2:26894985-28598777
SUPV3L1	1	0	0.9951180629998837	EUR:chr10:70195991-72220850
SURF1	1	1	-1.0846877606968244	EUR:chr9:135298842-137041122
SURF2	1	1	-1.0807513268154763	EUR:chr9:135298842-137041122
SURF4	1	1	-1.0736589060484005	EUR:chr9:135298842-137041122
SURF6	1	1	-1.1063930146826775	EUR:chr9:135298842-137041122
SUSD2	1	0	1.0627591235790217	EUR:chr22:23712647-24984204
SYDE1	1	0	0.7485172352469539	EUR:chr19:14486347-15648610
SYMPK	1	0	0.66690363590887392	EUR:chr19:46102697-47150082
SYN2	1	0	0.6570179569782032	EUR:chr3:11019665-13070799
SYNGAP1	1	1	0.69069197294633278	EUR:chr6:33236497-35455756
SYNGR1	1	0	-1.0734153025183963	EUR:chr22:39307894-40545797
SYNGR4	1	1	-0.52113589588105003	EUR:chr19:47150082-49282227
SYT11	1	0	-2.416387928416837	EUR:chr1:154770403-156336133
TAB1	1	0	-1.0453409422488888	EUR:chr22:39307894-40545797
TACR2	1	0	1.1756915127438783	EUR:chr10:70195991-72220850
TACR3	1	0	1.6674872670112875	EUR:chr4:103221356-105305294
TAF1D	1	0	0.45906855558295706	EUR:chr11:93276157-94242260
TAP1	1	1	0.90750869090635267	EUR:chr6:32682664-33236497
TAP2	1	1	0.91061300216256924	EUR:chr6:32682664-33236497
TAPBP	1	1	0.7398491103192012	EUR:chr6:33236497-35455756
TATDN1	1	1	0.92165259514863851	EUR:chr8:124861459-125683719
TBC1D13	1	0	1.5474971761246186	EUR:chr9:130055510-132165470
TBCCD1	1	0	0.9786310680764243	EUR:chr3:185068255-186890344
TBX19	1	0	-1.698520430599423	EUR:chr1:166460517-169086324
TCAP	1	0	0.023960998583284706	EUR:chr17:36809344-38877404
TCF23	1	1	1.9715185689553418	EUR:chr2:26894985-28598777
TCF7L2	1	0	0.042179826500915611	EUR:chr10:112561493-115328432
TCTA	1	0	0.25788776488119836	EUR:chr3:49316972-51832015
TCTN1	1	1	-1.8411733808272124	EUR:chr12:110336719-113263518
TDP2	1	1	1.9990218838497704	EUR:chr6:23936619-24852275
TDRD10	1	0	-1.3665275340833918	EUR:chr1:153180829-154770403
TDRD9	1	0	-0.42675001408036339	EUR:chr14:103012102-105001723
TEAD2	1	1	0.34778371366695893	EUR:chr19:49282227-51532567
TECPR2	1	0	-1.2062990004259138	EUR:chr14:101534307-103012102
TECTB	1	0	0.44602495018104582	EUR:chr10:112561493-115328432
TEKT3	1	0	-0.21536498415074354	EUR:chr17:15019097-16412342
TEPP	1	0	-1.0651703640661689	EUR:chr16:57664330-59045405
TET1	1	0	0.77931088742605736	EUR:chr10:70195991-72220850
TET2	1	0	-0.37937734915404486	EUR:chr4:105305294-107501305
TFPT	1	0	-1.6950549595755939	EUR:chr19:54602362-55728080
TH	1	0	-0.028754409136956954	EUR:chr11:1213590-3665481
THADA	1	0	1.1445646682744153	EUR:chr2:43309590-44313803
THBS3	1	1	-0.7614430462850349	EUR:chr1:154770403-156336133
THRA	1	0	-0.91372611367107714	EUR:chr17:36809344-38877404
THY1	1	0	-0.74345403845903157	EUR:chr11:119215476-120766806
TIGD1	1	0	-2.3730558313973842	EUR:chr2:231843389-233550003
TIMMDC1	1	0	-1.4649477690847656	EUR:chr3:118530251-120523055
TIMP4	1	0	0.66212316116058056	EUR:chr3:11019665-13070799
TIPRL	1	0	-1.7858931846324917	EUR:chr1:166460517-169086324
TIRAP	1	0	-1.7825306710761559	EUR:chr11:124495528-126311320
TLX1	1	0	0.68116497255733444	EUR:chr10:100668400-102949239
TMC4	1	0	-1.7102218209046121	EUR:chr19:54602362-55728080
TMEM116	1	1	-1.1429846830703214	EUR:chr12:110336719-113263518
TMEM120B	1	1	1.0043702694521779	EUR:chr12:122007651-124977980
TMEM143	1	1	-0.53167183587359546	EUR:chr19:47150082-49282227
TMEM161A	1	1	2.8019503447679548	EUR:chr19:18409862-19877471
TMEM171	1	0	0.84695920565844607	EUR:chr5:71240456-73759326
TMEM174	1	0	0.83370737552903873	EUR:chr5:71240456-73759326
TMEM214	1	1	1.9831223877808468	EUR:chr2:26894985-28598777
TMEM236	1	0	-0.2141040839743904	EUR:chr10:16551767-18537267
TMEM25	1	0	0.22013149407566959	EUR:chr11:117747110-119215476
TMEM39A	1	0	-0.89701879805039664	EUR:chr3:118530251-120523055
TMEM40	1	0	0.61362756041538613	EUR:chr3:11019665-13070799
TMEM45B	1	0	-0.19216121376934572	EUR:chr11:128188537-130342575
TMEM51	1	0	2.3174040801513915	EUR:chr1:14891511-16897730
TMEM59L	1	1	2.9061207110271372	EUR:chr19:18409862-19877471
TMEM82	1	0	2.3421910330049771	EUR:chr1:14891511-16897730
TMPRSS13	1	0	0.12077101023965864	EUR:chr11:117747110-119215476
TMPRSS4	1	0	0.054790157209087122	EUR:chr11:117747110-119215476
TMPRSS6	1	0	1.3623600802049816	EUR:chr22:35530985-37570269
TNC	1	0	0.27519458288169241	EUR:chr9:117019801-117921960
TNFAIP2	1	0	-1.3974778534191552	EUR:chr14:103012102-105001723
TNFSF15	1	0	0.38040740712933147	EUR:chr9:117019801-117921960
TNFSF8	1	0	0.21186332252277953	EUR:chr9:117019801-117921960
TNNT3	1	0	-0.094331655842787202	EUR:chr11:1213590-3665481
TNP2	1	0	-0.22265695983146477	EUR:chr16:10426032-11520161
TNPO1	1	0	0.17656467056155356	EUR:chr5:71240456-73759326
TNPO3	1	0	0.89599568874342062	EUR:chr7:126869221-128778386
TNRC6B	1	0	-0.4969792693620117	EUR:chr22:39307894-40545797
TNS4	1	0	-0.76694299729129933	EUR:chr17:36809344-38877404
TOM1	1	0	0.17545231835557665	EUR:chr22:35530985-37570269
TOMM22	1	0	1.2788796815872816	EUR:chr22:37570269-39307894
TOMM40	1	0	-1.6093366990899447	EUR:chr19:44744108-46102697
TOMM40L	1	0	-0.53467036161557935	EUR:chr1:159913048-162346721
TOP2A	1	0	-0.71064178492980679	EUR:chr17:36809344-38877404
TOR1A	1	0	1.3248845081998053	EUR:chr9:132165470-133223217
TOR1B	1	0	1.3258730468876725	EUR:chr9:132165470-133223217
TOX	1	0	0.3329862227461311	EUR:chr8:59728100-62329099
TP53AIP1	1	0	-0.30833948893438418	EUR:chr11:128188537-130342575
TPCN1	1	0	-0.039987466376018736	EUR:chr12:113263518-113986709
TPD52	1	0	0.51674996553243491	EUR:chr8:79132861-81956395
TPM3	1	0	-1.2613969276530486	EUR:chr1:153180829-154770403
TPM4	1	0	0.64618358715840374	EUR:chr19:15648610-16374416
TPRX1	1	1	-0.067134772983522439	EUR:chr19:47150082-49282227
TPST1	1	0	-2.3255084854406842	EUR:chr7:63641125-65689809
TRAF1	1	0	-2.1688445322312266	EUR:chr9:122260297-124871322
TRAF3	1	0	-1.3160453288670158	EUR:chr14:103012102-105001723
TRAFD1	1	1	-1.1450919653942546	EUR:chr12:110336719-113263518
TRANK1	1	0	-0.14867921658576616	EUR:chr3:36486842-38356116
TRAPPC4	1	0	0.13609367435140582	EUR:chr11:117747110-119215476
TRAPPC6A	1	0	0.0067084879961503687	EUR:chr19:44744108-46102697
TRAPPC6B	1	0	-0.7658411548908316	EUR:chr14:38667725-40341990
TRDMT1	1	0	-0.12283990483456637	EUR:chr10:16551767-18537267
TREH	1	0	0.038343322979001594	EUR:chr11:117747110-119215476
TRIAP1	1	0	0.26284471222284395	EUR:chr12:119754110-122007651
TRIM27	1	1	1.9960021037134634	EUR:chr6:28017819-28917608
TRIM38	1	1	2.4163879284168361	EUR:chr6:25684587-26791233
TRIM46	1	1	-0.79630266610552425	EUR:chr1:154770403-156336133
TRIM54	1	1	1.9518287056322265	EUR:chr2:26894985-28598777
TRIM59	1	0	0.12918783364065203	EUR:chr3:159477890-161524504
TRIOBP	1	0	1.5208497017935523	EUR:chr22:37570269-39307894
TRMT61A	1	0	-0.7643734762861969	EUR:chr14:103012102-105001723
TRPM4	1	1	-1.4252767097618022	EUR:chr19:49282227-51532567
TRPM5	1	0	-0.48662729738974736	EUR:chr11:1213590-3665481
TRPM8	1	0	-1.2292893166810832	EUR:chr2:233550003-235150987
TSEN2	1	0	0.75943216352389342	EUR:chr3:11019665-13070799
TSEN34	1	0	-1.6189070836017245	EUR:chr19:54602362-55728080
TSHR	1	0	-1.0114233250393461	EUR:chr14:80186579-81579714
TSKS	1	0	0.049032307014623341	EUR:chr19:49282227-51532567
TSPAN15	1	0	1.1653702964904702	EUR:chr10:70195991-72220850
TSPAN32	1	0	-0.30446534606102987	EUR:chr11:1213590-3665481
TSPAN33	1	0	0.86254401261302061	EUR:chr7:128778386-130422414
TSPAN5	1	0	2.2771765633193937	EUR:chr4:99424067-100678360
TSSC4	1	0	-0.49403826979480675	EUR:chr11:1213590-3665481
TSSK2	1	0	-1.2460748819106944	EUR:chr22:18296088-19912358
TSSK6	1	1	2.7298829357413967	EUR:chr19:18409862-19877471
TST	1	0	1.355809595459617	EUR:chr22:35530985-37570269
TTC29	1	0	0.18616793301354334	EUR:chr4:146178187-148521873
TTF1	1	1	-0.95438758733734697	EUR:chr9:134127888-135298842
TTLL1	1	1	3.5519925865046096	EUR:chr22:42690818-43714200
TTLL12	1	1	3.4853130798655805	EUR:chr22:42690818-43714200
TTLL7	1	0	-0.90276565779247631	EUR:chr1:83991748-84844495
TUBA8	1	0	-0.52521753956964123	EUR:chr22:18296088-19912358
TULP2	1	1	-1.1132360153796297	EUR:chr19:49282227-51532567
TXN2	1	0	1.009598373527224	EUR:chr22:35530985-37570269
TYSND1	1	0	0.99669166804070486	EUR:chr10:70195991-72220850
UAP1	1	0	0.020263606594286897	EUR:chr1:162346721-165191702
UBA52	1	1	2.9353520227454162	EUR:chr19:18409862-19877471
UBAP2L	1	0	-1.2690170660726199	EUR:chr1:153180829-154770403
UBD	1	1	0.97951544880214281	EUR:chr6:28917608-29737971
UBE2D3	1	0	1.6506803270908676	EUR:chr4:103221356-105305294
UBE2H	1	0	0.85127849061975813	EUR:chr7:128778386-130422414
UBE2Q1	1	0	-1.2727010452367771	EUR:chr1:153180829-154770403
UBE4A	1	0	0.075232792429232517	EUR:chr11:117747110-119215476
UBQLN4	1	0	-2.4647966018323655	EUR:chr1:154770403-156336133
UBR7	1	0	1.1922479991991128	EUR:chr14:93132299-94325285
UCN	1	1	1.9629867449606364	EUR:chr2:26894985-28598777
UFC1	1	0	-0.43110286585482849	EUR:chr1:159913048-162346721
UGT1A10	1	0	-1.4405643644789357	EUR:chr2:233550003-235150987
UGT1A3	1	0	-1.4836179021299256	EUR:chr2:233550003-235150987
UGT1A4	1	0	-1.4795151838199061	EUR:chr2:233550003-235150987
UGT1A5	1	0	-1.4758439120738369	EUR:chr2:233550003-235150987
UGT1A6	1	0	-1.4705758242605904	EUR:chr2:233550003-235150987
UGT1A7	1	0	-1.4673541026966519	EUR:chr2:233550003-235150987
UGT1A8	1	0	-1.4181303503013452	EUR:chr2:233550003-235150987
UGT1A9	1	0	-1.4609559613012681	EUR:chr2:233550003-235150987
UHMK1	1	0	0.010678940496331838	EUR:chr1:162346721-165191702
UNC119B	1	0	0.45253712870677715	EUR:chr12:119754110-122007651
UNC13A	1	0	1.6808302418304253	EUR:chr19:16374416-18409862
UPB1	1	0	1.2310399151045615	EUR:chr22:23712647-24984204
UPF1	1	1	2.8706455173622096	EUR:chr19:18409862-19877471
UPK1B	1	0	-0.25986977666694439	EUR:chr3:118530251-120523055
UPK2	1	0	0.10368710092705721	EUR:chr11:117747110-119215476
USE1	1	0	1.4069919068522061	EUR:chr19:16374416-18409862
USF1	1	0	-0.045468750157804869	EUR:chr1:159913048-162346721
USHBP1	1	0	1.658754221139483	EUR:chr19:16374416-18409862
USP19	1	0	0.29658761905065228	EUR:chr3:47727212-49316972
USP2	1	0	-0.28074427317226075	EUR:chr11:119215476-120766806
USP21	1	0	-0.4341095938592196	EUR:chr1:159913048-162346721
USP40	1	0	-1.3455836286632148	EUR:chr2:233550003-235150987
USP48	1	0	-1.1211576432540657	EUR:chr1:21736588-23086883
USPL1	1	0	-0.33921530619305362	EUR:chr13:30483267-32301815
UTP15	1	0	0.70940869409426743	EUR:chr5:71240456-73759326
VARS2	1	0	-1.8131950901541427	EUR:chr6:30798168-31571218
VASP	1	0	0.1257372428735708	EUR:chr19:44744108-46102697
VAV2	1	1	-0.52506039180522557	EUR:chr9:135298842-137041122
VGLL4	1	0	-0.11842688730941195	EUR:chr3:11019665-13070799
VILL	1	0	-0.33718579884189676	EUR:chr3:36486842-38356116
VIM	1	0	-0.3274921927997721	EUR:chr10:16551767-18537267
VKORC1L1	1	0	0.53735733324668178	EUR:chr7:63641125-65689809
VPREB3	1	0	1.1169325684796862	EUR:chr22:23712647-24984204
VPS11	1	0	0.17781632805543035	EUR:chr11:117747110-119215476
VPS26A	1	0	0.80839185540704861	EUR:chr10:70195991-72220850
VPS29	1	1	-1.9310977067844919	EUR:chr12:110336719-113263518
VPS52	1	1	0.75687729048477759	EUR:chr6:33236497-35455756
VSTM5	1	0	0.3978331475414455	EUR:chr11:93276157-94242260
VTI1A	1	0	0.13015427299435098	EUR:chr10:112561493-115328432
VWA5B1	1	0	-0.8955867075442332	EUR:chr1:20469149-21736588
WDR20	1	0	-0.65871778319343344	EUR:chr14:101534307-103012102
WDR46	1	1	0.75178230158558657	EUR:chr6:33236497-35455756
WDR5	1	1	-0.26171113055624662	EUR:chr9:135298842-137041122
WDR6	1	0	0.2707893371220228	EUR:chr3:47727212-49316972
WIPF2	1	0	-0.66348746298930172	EUR:chr17:36809344-38877404
WIPI1	1	0	0.49635975508594049	EUR:chr17:64800430-67858770
WIZ	1	0	0.52804842331026225	EUR:chr19:14486347-15648610
WLS	1	0	1.2304559632794869	EUR:chr1:68477895-69687616
WNK1	1	0	-1.3589051887374617	EUR:chr12:61107-1080331
WNT4	1	0	-0.99939503415980735	EUR:chr1:21736588-23086883
WNT8B	1	0	0.82964441931602395	EUR:chr10:100668400-102949239
XRCC3	1	0	-0.57491265002385239	EUR:chr14:103012102-105001723
YJEFN3	1	1	2.7503394201915539	EUR:chr19:18409862-19877471
YY1AP1	1	0	-2.2000896472345475	EUR:chr1:154770403-156336133
ZBTB10	1	0	0.25505807377657447	EUR:chr8:79132861-81956395
ZBTB17	1	0	2.3617729714726292	EUR:chr1:14891511-16897730
ZBTB40	1	0	-1.0615558173708728	EUR:chr1:21736588-23086883
ZBTB44	1	0	-1.1533061404369289	EUR:chr11:128188537-130342575
ZBTB7B	1	1	-0.84695920565844607	EUR:chr1:154770403-156336133
ZBTB9	1	1	0.68947597643039038	EUR:chr6:33236497-35455756
ZC3HC1	1	0	0.76162600645669809	EUR:chr7:128778386-130422414
ZDHHC6	1	0	0.36485181834220265	EUR:chr10:112561493-115328432
ZDHHC7	1	0	0.25166513608565322	EUR:chr16:84445883-85148685
ZFAND1	1	0	-0.13208751737577143	EUR:chr8:81956395-82693739
ZFP36L2	1	0	1.1514445329570449	EUR:chr2:43309590-44313803
ZFP57	1	1	0.043276081935005491	EUR:chr6:28917608-29737971
ZFYVE21	1	0	-0.5665342738916439	EUR:chr14:103012102-105001723
ZKSCAN3	1	1	2.0356776998033568	EUR:chr6:28017819-28917608
ZKSCAN4	1	1	2.0764728721299068	EUR:chr6:28017819-28917608
ZNF101	1	1	2.6946757792396294	EUR:chr19:18409862-19877471
ZNF114	1	1	-0.51362323787422925	EUR:chr19:47150082-49282227
ZNF14	1	1	2.6895449461549772	EUR:chr19:18409862-19877471
ZNF165	1	1	2.1107752721609057	EUR:chr6:28017819-28917608
ZNF180	1	0	-1.635369043014997	EUR:chr19:44744108-46102697
ZNF184	1	1	2.1645495677176836	EUR:chr6:26791233-28017819
ZNF229	1	0	-1.6325080439259783	EUR:chr19:44744108-46102697
ZNF253	1	1	2.6794908016537207	EUR:chr19:19877471-20905757
ZNF285	1	0	-1.6325080439259783	EUR:chr19:44744108-46102697
ZNF296	1	0	-0.721255892414009	EUR:chr19:44744108-46102697
ZNF311	1	1	2.0030768297992254	EUR:chr6:28917608-29737971
ZNF319	1	0	-1.0639639705759796	EUR:chr16:57664330-59045405
ZNF365	1	0	-1.1737808342318465	EUR:chr10:63341695-65794114
ZNF391	1	1	2.1546804587408581	EUR:chr6:26791233-28017819
ZNF486	1	1	2.6601594570976022	EUR:chr19:19877471-20905757
ZNF506	1	1	2.6844839543113288	EUR:chr19:19877471-20905757
ZNF512	1	1	1.9337549602095891	EUR:chr2:26894985-28598777
ZNF513	1	1	1.9564483136390489	EUR:chr2:26894985-28598777
ZNF532	1	0	-0.65854771497869657	EUR:chr18:55213838-56530220
ZNF572	1	1	0.18728244934919322	EUR:chr8:125683719-126410917
ZNF618	1	0	0.20696534685855913	EUR:chr9:115693145-117019801
ZNF626	1	0	2.5575492216846443	EUR:chr19:19877471-20905757
ZNF682	1	1	2.6697004316260231	EUR:chr19:19877471-20905757
ZNF70	1	0	1.1169325684796862	EUR:chr22:23712647-24984204
ZNF704	1	0	0.35754503689153327	EUR:chr8:79132861-81956395
ZNF761	1	0	-1.3053796228774641	EUR:chr19:52985290-54602362
ZNF765	1	0	-1.3742301125121914	EUR:chr19:52985290-54602362
ZNF813	1	0	-1.3089183245963467	EUR:chr19:52985290-54602362
ZNF827	1	0	0.050540150526986127	EUR:chr4:146178187-148521873
ZNF839	1	0	-1.0697688648606851	EUR:chr14:101534307-103012102
ZNF85	1	0	2.3016376073786571	EUR:chr19:20905757-22732896
ZNF90	1	1	2.66489962171456	EUR:chr19:19877471-20905757
ZNF93	1	1	2.6745635722988181	EUR:chr19:19877471-20905757
ZPBP2	1	0	-1.0436873321756344	EUR:chr17:36809344-38877404
ZSCAN12	1	1	2.0378567797461624	EUR:chr6:28017819-28917608
ZSCAN16	1	1	2.0824207130623509	EUR:chr6:28017819-28917608
ZSCAN23	1	1	2.0389499585453641	EUR:chr6:28017819-28917608
