gene_symbol	original_TSS_block	audit_TSS_block	TSS_block_in_18	n_actual_input_regions	actual_input_regions	n_registered_event_regions	registered_input_regions	minimum_input_regions	registered_minimum_regions	n_evaluable_event_regions	n_evaluable_event_regions_with_verified_minimum_in_pair
ABCG2	EUR:chr4:87534648-89238028	EUR:chr4:87534648-89238028	True	2	EUR:chr4:87534648-89238028;EUR:chr4:89238028-90231564	4	EUR:chr4:87534648-89238028	EUR:chr4:87534648-89238028	EUR:chr4:87534648-89238028	2	2
ABHD1	EUR:chr2:26894985-28598777	EUR:chr2:26894985-28598777	True	2	EUR:chr2:24686918-26894985;EUR:chr2:26894985-28598777	8	EUR:chr2:24686918-26894985;EUR:chr2:26894985-28598777	EUR:chr2:26894985-28598777	EUR:chr2:26894985-28598777	0	0
ABT1	EUR:chr6:25684587-26791233	EUR:chr6:25684587-26791233	True	3	EUR:chr6:24852275-25684587;EUR:chr6:25684587-26791233;EUR:chr6:26791233-28017819	15	EUR:chr6:24852275-25684587;EUR:chr6:25684587-26791233;EUR:chr6:26791233-28017819	EUR:chr6:25684587-26791233;EUR:chr6:26791233-28017819	EUR:chr6:25684587-26791233;EUR:chr6:26791233-28017819	3	3
ACOT13	EUR:chr6:23936619-24852275	EUR:chr6:23936619-24852275	True	4	EUR:chr6:22748307-23936619;EUR:chr6:23936619-24852275;EUR:chr6:24852275-25684587;EUR:chr6:25684587-26791233	14	EUR:chr6:23936619-24852275;EUR:chr6:24852275-25684587;EUR:chr6:25684587-26791233	EUR:chr6:23936619-24852275;EUR:chr6:24852275-25684587;EUR:chr6:25684587-26791233	EUR:chr6:23936619-24852275;EUR:chr6:24852275-25684587;EUR:chr6:25684587-26791233	2	0
AFF1	EUR:chr4:87534648-89238028	EUR:chr4:87534648-89238028	True	3	EUR:chr4:84799656-86930609;EUR:chr4:86930609-87534648;EUR:chr4:87534648-89238028	8	EUR:chr4:86930609-87534648;EUR:chr4:87534648-89238028	EUR:chr4:87534648-89238028	EUR:chr4:87534648-89238028	2	2
AGBL5	EUR:chr2:26894985-28598777	EUR:chr2:26894985-28598777	True	2	EUR:chr2:24686918-26894985;EUR:chr2:26894985-28598777	8	EUR:chr2:24686918-26894985;EUR:chr2:26894985-28598777	EUR:chr2:26894985-28598777	EUR:chr2:26894985-28598777	0	0
ARHGAP8	EUR:chr22:44995308-46470495	EUR:chr22:44995308-46470495	True	2	EUR:chr22:43714200-44995308;EUR:chr22:44995308-46470495	10	EUR:chr22:43714200-44995308;EUR:chr22:44995308-46470495	EUR:chr22:43714200-44995308	EUR:chr22:43714200-44995308	0	0
ARMC6	EUR:chr19:18409862-19877471	EUR:chr19:18409862-19877471	True	3	EUR:chr19:16374416-18409862;EUR:chr19:18409862-19877471;EUR:chr19:19877471-20905757	21	EUR:chr19:16374416-18409862;EUR:chr19:18409862-19877471;EUR:chr19:19877471-20905757	EUR:chr19:18409862-19877471	EUR:chr19:18409862-19877471	0	0
ASB2	EUR:chr14:94325285-95750867	EUR:chr14:94325285-95750867	False	2	EUR:chr14:93132299-94325285;EUR:chr14:94325285-95750867	0		EUR:chr14:94325285-95750867		0	0
ATP13A1	EUR:chr19:18409862-19877471	EUR:chr19:18409862-19877471	True	2	EUR:chr19:18409862-19877471;EUR:chr19:19877471-20905757	14	EUR:chr19:18409862-19877471;EUR:chr19:19877471-20905757	EUR:chr19:18409862-19877471	EUR:chr19:18409862-19877471	0	0
ATRAID	EUR:chr2:26894985-28598777	EUR:chr2:26894985-28598777	True	2	EUR:chr2:24686918-26894985;EUR:chr2:26894985-28598777	8	EUR:chr2:24686918-26894985;EUR:chr2:26894985-28598777	EUR:chr2:26894985-28598777	EUR:chr2:26894985-28598777	0	0
BABAM2		EUR:chr2:26894985-28598777	True	3	EUR:chr2:26894985-28598777;EUR:chr2:28598777-29217559;EUR:chr2:29217559-30463711	8	EUR:chr2:26894985-28598777;EUR:chr2:28598777-29217559	EUR:chr2:26894985-28598777	EUR:chr2:26894985-28598777	0	0
BIK	EUR:chr22:42690818-43714200	EUR:chr22:42690818-43714200	True	3	EUR:chr22:40545797-42690818;EUR:chr22:42690818-43714200;EUR:chr22:43714200-44995308	10	EUR:chr22:42690818-43714200;EUR:chr22:43714200-44995308	EUR:chr22:43714200-44995308	EUR:chr22:43714200-44995308	0	0
BPNT1	EUR:chr1:219590571-221858231	EUR:chr1:219590571-221858231	False	2	EUR:chr1:218705513-219590571;EUR:chr1:219590571-221858231	0		EUR:chr1:219590571-221858231		0	0
BTN1A1	EUR:chr6:25684587-26791233	EUR:chr6:25684587-26791233	True	3	EUR:chr6:24852275-25684587;EUR:chr6:25684587-26791233;EUR:chr6:26791233-28017819	15	EUR:chr6:24852275-25684587;EUR:chr6:25684587-26791233;EUR:chr6:26791233-28017819	EUR:chr6:25684587-26791233;EUR:chr6:26791233-28017819	EUR:chr6:25684587-26791233;EUR:chr6:26791233-28017819	3	2
BTN2A1	EUR:chr6:25684587-26791233	EUR:chr6:25684587-26791233	True	3	EUR:chr6:24852275-25684587;EUR:chr6:25684587-26791233;EUR:chr6:26791233-28017819	15	EUR:chr6:24852275-25684587;EUR:chr6:25684587-26791233;EUR:chr6:26791233-28017819	EUR:chr6:25684587-26791233;EUR:chr6:26791233-28017819	EUR:chr6:25684587-26791233;EUR:chr6:26791233-28017819	3	2
BTN2A2	EUR:chr6:25684587-26791233	EUR:chr6:25684587-26791233	True	3	EUR:chr6:24852275-25684587;EUR:chr6:25684587-26791233;EUR:chr6:26791233-28017819	15	EUR:chr6:24852275-25684587;EUR:chr6:25684587-26791233;EUR:chr6:26791233-28017819	EUR:chr6:25684587-26791233;EUR:chr6:26791233-28017819	EUR:chr6:25684587-26791233;EUR:chr6:26791233-28017819	3	3
BTN2A3P			False	3	EUR:chr6:24852275-25684587;EUR:chr6:25684587-26791233;EUR:chr6:26791233-28017819	15	EUR:chr6:24852275-25684587;EUR:chr6:25684587-26791233;EUR:chr6:26791233-28017819	EUR:chr6:25684587-26791233;EUR:chr6:26791233-28017819	EUR:chr6:25684587-26791233;EUR:chr6:26791233-28017819	3	2
BTN3A1	EUR:chr6:25684587-26791233	EUR:chr6:25684587-26791233	True	3	EUR:chr6:24852275-25684587;EUR:chr6:25684587-26791233;EUR:chr6:26791233-28017819	15	EUR:chr6:24852275-25684587;EUR:chr6:25684587-26791233;EUR:chr6:26791233-28017819	EUR:chr6:25684587-26791233;EUR:chr6:26791233-28017819	EUR:chr6:25684587-26791233;EUR:chr6:26791233-28017819	3	3
BTN3A2	EUR:chr6:25684587-26791233	EUR:chr6:25684587-26791233	True	3	EUR:chr6:24852275-25684587;EUR:chr6:25684587-26791233;EUR:chr6:26791233-28017819	15	EUR:chr6:24852275-25684587;EUR:chr6:25684587-26791233;EUR:chr6:26791233-28017819	EUR:chr6:25684587-26791233;EUR:chr6:26791233-28017819	EUR:chr6:25684587-26791233;EUR:chr6:26791233-28017819	3	2
BTN3A3	EUR:chr6:25684587-26791233	EUR:chr6:25684587-26791233	True	3	EUR:chr6:24852275-25684587;EUR:chr6:25684587-26791233;EUR:chr6:26791233-28017819	15	EUR:chr6:24852275-25684587;EUR:chr6:25684587-26791233;EUR:chr6:26791233-28017819	EUR:chr6:25684587-26791233;EUR:chr6:26791233-28017819	EUR:chr6:25684587-26791233;EUR:chr6:26791233-28017819	3	2
C1orf115	EUR:chr1:219590571-221858231	EUR:chr1:219590571-221858231	False	2	EUR:chr1:219590571-221858231;EUR:chr1:221858231-222230220	0		EUR:chr1:219590571-221858231		0	0
C2orf16	EUR:chr2:26894985-28598777	EUR:chr2:26894985-28598777	True	3	EUR:chr2:24686918-26894985;EUR:chr2:26894985-28598777;EUR:chr2:28598777-29217559	12	EUR:chr2:24686918-26894985;EUR:chr2:26894985-28598777;EUR:chr2:28598777-29217559	EUR:chr2:26894985-28598777	EUR:chr2:26894985-28598777	0	0
C4orf36	EUR:chr4:87534648-89238028	EUR:chr4:87534648-89238028	True	3	EUR:chr4:84799656-86930609;EUR:chr4:86930609-87534648;EUR:chr4:87534648-89238028	8	EUR:chr4:86930609-87534648;EUR:chr4:87534648-89238028	EUR:chr4:87534648-89238028	EUR:chr4:87534648-89238028	2	2
C6orf62	EUR:chr6:23936619-24852275	EUR:chr6:23936619-24852275	True	4	EUR:chr6:22748307-23936619;EUR:chr6:23936619-24852275;EUR:chr6:24852275-25684587;EUR:chr6:25684587-26791233	14	EUR:chr6:23936619-24852275;EUR:chr6:24852275-25684587;EUR:chr6:25684587-26791233	EUR:chr6:23936619-24852275;EUR:chr6:24852275-25684587;EUR:chr6:25684587-26791233	EUR:chr6:23936619-24852275;EUR:chr6:24852275-25684587;EUR:chr6:25684587-26791233	2	1
CAD	EUR:chr2:26894985-28598777	EUR:chr2:26894985-28598777	True	2	EUR:chr2:24686918-26894985;EUR:chr2:26894985-28598777	8	EUR:chr2:24686918-26894985;EUR:chr2:26894985-28598777	EUR:chr2:26894985-28598777	EUR:chr2:26894985-28598777	0	0
CARMIL1		EUR:chr6:24852275-25684587	True	3	EUR:chr6:23936619-24852275;EUR:chr6:24852275-25684587;EUR:chr6:25684587-26791233	14	EUR:chr6:23936619-24852275;EUR:chr6:24852275-25684587;EUR:chr6:25684587-26791233	EUR:chr6:23936619-24852275;EUR:chr6:25684587-26791233	EUR:chr6:23936619-24852275;EUR:chr6:25684587-26791233	2	2
CCDC121	EUR:chr2:26894985-28598777	EUR:chr2:26894985-28598777	True	3	EUR:chr2:24686918-26894985;EUR:chr2:26894985-28598777;EUR:chr2:28598777-29217559	12	EUR:chr2:24686918-26894985;EUR:chr2:26894985-28598777;EUR:chr2:28598777-29217559	EUR:chr2:26894985-28598777	EUR:chr2:26894985-28598777	0	0
CCDC197			False	2	EUR:chr14:93132299-94325285;EUR:chr14:94325285-95750867	0		EUR:chr14:94325285-95750867		0	0
CENPA	EUR:chr2:26894985-28598777	EUR:chr2:26894985-28598777	True	2	EUR:chr2:24686918-26894985;EUR:chr2:26894985-28598777	8	EUR:chr2:24686918-26894985;EUR:chr2:26894985-28598777	EUR:chr2:26894985-28598777	EUR:chr2:26894985-28598777	0	0
CERS1	EUR:chr19:18409862-19877471	EUR:chr19:18409862-19877471	True	3	EUR:chr19:16374416-18409862;EUR:chr19:18409862-19877471;EUR:chr19:19877471-20905757	21	EUR:chr19:16374416-18409862;EUR:chr19:18409862-19877471;EUR:chr19:19877471-20905757	EUR:chr19:18409862-19877471	EUR:chr19:18409862-19877471	0	0
CGREF1	EUR:chr2:26894985-28598777	EUR:chr2:26894985-28598777	True	2	EUR:chr2:24686918-26894985;EUR:chr2:26894985-28598777	8	EUR:chr2:24686918-26894985;EUR:chr2:26894985-28598777	EUR:chr2:26894985-28598777	EUR:chr2:26894985-28598777	0	0
CIB4	EUR:chr2:24686918-26894985	EUR:chr2:24686918-26894985	True	2	EUR:chr2:24686918-26894985;EUR:chr2:26894985-28598777	8	EUR:chr2:24686918-26894985;EUR:chr2:26894985-28598777	EUR:chr2:26894985-28598777	EUR:chr2:26894985-28598777	0	0
CILP2	EUR:chr19:18409862-19877471	EUR:chr19:18409862-19877471	True	2	EUR:chr19:18409862-19877471;EUR:chr19:19877471-20905757	14	EUR:chr19:18409862-19877471;EUR:chr19:19877471-20905757	EUR:chr19:18409862-19877471	EUR:chr19:18409862-19877471	0	0
CLMN	EUR:chr14:95750867-96262415	EUR:chr14:95750867-96262415	False	3	EUR:chr14:94325285-95750867;EUR:chr14:95750867-96262415;EUR:chr14:96262415-98341162	0		EUR:chr14:94325285-95750867		0	0
COMP	EUR:chr19:18409862-19877471	EUR:chr19:18409862-19877471	True	3	EUR:chr19:16374416-18409862;EUR:chr19:18409862-19877471;EUR:chr19:19877471-20905757	21	EUR:chr19:16374416-18409862;EUR:chr19:18409862-19877471;EUR:chr19:19877471-20905757	EUR:chr19:18409862-19877471	EUR:chr19:18409862-19877471	0	0
COPE	EUR:chr19:18409862-19877471	EUR:chr19:18409862-19877471	True	3	EUR:chr19:16374416-18409862;EUR:chr19:18409862-19877471;EUR:chr19:19877471-20905757	21	EUR:chr19:16374416-18409862;EUR:chr19:18409862-19877471;EUR:chr19:19877471-20905757	EUR:chr19:18409862-19877471	EUR:chr19:18409862-19877471	0	0
CRLF1	EUR:chr19:18409862-19877471	EUR:chr19:18409862-19877471	True	2	EUR:chr19:16374416-18409862;EUR:chr19:18409862-19877471	14	EUR:chr19:16374416-18409862;EUR:chr19:18409862-19877471	EUR:chr19:18409862-19877471	EUR:chr19:18409862-19877471	0	0
CRTC1	EUR:chr19:18409862-19877471	EUR:chr19:18409862-19877471	True	3	EUR:chr19:16374416-18409862;EUR:chr19:18409862-19877471;EUR:chr19:19877471-20905757	21	EUR:chr19:16374416-18409862;EUR:chr19:18409862-19877471;EUR:chr19:19877471-20905757	EUR:chr19:18409862-19877471	EUR:chr19:18409862-19877471	0	0
DDX24	EUR:chr14:94325285-95750867	EUR:chr14:94325285-95750867	False	2	EUR:chr14:93132299-94325285;EUR:chr14:94325285-95750867	0		EUR:chr14:94325285-95750867		0	0
DDX49	EUR:chr19:18409862-19877471	EUR:chr19:18409862-19877471	True	3	EUR:chr19:16374416-18409862;EUR:chr19:18409862-19877471;EUR:chr19:19877471-20905757	21	EUR:chr19:16374416-18409862;EUR:chr19:18409862-19877471;EUR:chr19:19877471-20905757	EUR:chr19:18409862-19877471	EUR:chr19:18409862-19877471	0	0
DICER1	EUR:chr14:94325285-95750867	EUR:chr14:94325285-95750867	False	3	EUR:chr14:94325285-95750867;EUR:chr14:95750867-96262415;EUR:chr14:96262415-98341162	0		EUR:chr14:94325285-95750867		0	0
DICER1-AS1	EUR:chr14:94325285-95750867	EUR:chr14:94325285-95750867	False	3	EUR:chr14:94325285-95750867;EUR:chr14:95750867-96262415;EUR:chr14:96262415-98341162	0		EUR:chr14:94325285-95750867		0	0
DMP1	EUR:chr4:87534648-89238028	EUR:chr4:87534648-89238028	True	2	EUR:chr4:87534648-89238028;EUR:chr4:89238028-90231564	4	EUR:chr4:87534648-89238028	EUR:chr4:87534648-89238028	EUR:chr4:87534648-89238028	2	2
DNAJC5G	EUR:chr2:26894985-28598777	EUR:chr2:26894985-28598777	True	2	EUR:chr2:24686918-26894985;EUR:chr2:26894985-28598777	8	EUR:chr2:24686918-26894985;EUR:chr2:26894985-28598777	EUR:chr2:26894985-28598777	EUR:chr2:26894985-28598777	0	0
DPYSL5	EUR:chr2:26894985-28598777	EUR:chr2:26894985-28598777	True	2	EUR:chr2:24686918-26894985;EUR:chr2:26894985-28598777	8	EUR:chr2:24686918-26894985;EUR:chr2:26894985-28598777	EUR:chr2:26894985-28598777	EUR:chr2:26894985-28598777	0	0
DSPP	EUR:chr4:87534648-89238028	EUR:chr4:87534648-89238028	True	3	EUR:chr4:86930609-87534648;EUR:chr4:87534648-89238028;EUR:chr4:89238028-90231564	8	EUR:chr4:86930609-87534648;EUR:chr4:87534648-89238028	EUR:chr4:87534648-89238028	EUR:chr4:87534648-89238028	2	2
DUSP10	EUR:chr1:221858231-222230220	EUR:chr1:221858231-222230220	False	3	EUR:chr1:219590571-221858231;EUR:chr1:221858231-222230220;EUR:chr1:222230220-224938520	0		EUR:chr1:219590571-221858231		0	0
EFCAB6	EUR:chr22:43714200-44995308	EUR:chr22:43714200-44995308	True	3	EUR:chr22:42690818-43714200;EUR:chr22:43714200-44995308;EUR:chr22:44995308-46470495	15	EUR:chr22:42690818-43714200;EUR:chr22:43714200-44995308;EUR:chr22:44995308-46470495	EUR:chr22:43714200-44995308	EUR:chr22:43714200-44995308	0	0
EIF2B4	EUR:chr2:26894985-28598777	EUR:chr2:26894985-28598777	True	2	EUR:chr2:24686918-26894985;EUR:chr2:26894985-28598777	8	EUR:chr2:24686918-26894985;EUR:chr2:26894985-28598777	EUR:chr2:26894985-28598777	EUR:chr2:26894985-28598777	0	0
ELL	EUR:chr19:18409862-19877471	EUR:chr19:18409862-19877471	True	2	EUR:chr19:16374416-18409862;EUR:chr19:18409862-19877471	14	EUR:chr19:16374416-18409862;EUR:chr19:18409862-19877471	EUR:chr19:18409862-19877471	EUR:chr19:18409862-19877471	0	0
EMILIN1	EUR:chr2:26894985-28598777	EUR:chr2:26894985-28598777	True	2	EUR:chr2:24686918-26894985;EUR:chr2:26894985-28598777	8	EUR:chr2:24686918-26894985;EUR:chr2:26894985-28598777	EUR:chr2:26894985-28598777	EUR:chr2:26894985-28598777	0	0
EPRS1		EUR:chr1:219590571-221858231	False	2	EUR:chr1:218705513-219590571;EUR:chr1:219590571-221858231	0		EUR:chr1:219590571-221858231		0	0
FAM166C		EUR:chr2:24686918-26894985	True	2	EUR:chr2:24686918-26894985;EUR:chr2:26894985-28598777	8	EUR:chr2:24686918-26894985;EUR:chr2:26894985-28598777	EUR:chr2:26894985-28598777	EUR:chr2:26894985-28598777	0	0
FAM181A	EUR:chr14:94325285-95750867	EUR:chr14:94325285-95750867	False	2	EUR:chr14:93132299-94325285;EUR:chr14:94325285-95750867	0		EUR:chr14:94325285-95750867		0	0
FAM181A-AS1	EUR:chr14:94325285-95750867	EUR:chr14:94325285-95750867	False	2	EUR:chr14:93132299-94325285;EUR:chr14:94325285-95750867	0		EUR:chr14:94325285-95750867		0	0
FKBP8	EUR:chr19:18409862-19877471	EUR:chr19:18409862-19877471	True	2	EUR:chr19:16374416-18409862;EUR:chr19:18409862-19877471	14	EUR:chr19:16374416-18409862;EUR:chr19:18409862-19877471	EUR:chr19:18409862-19877471	EUR:chr19:18409862-19877471	0	0
FNDC4	EUR:chr2:26894985-28598777	EUR:chr2:26894985-28598777	True	3	EUR:chr2:24686918-26894985;EUR:chr2:26894985-28598777;EUR:chr2:28598777-29217559	12	EUR:chr2:24686918-26894985;EUR:chr2:26894985-28598777;EUR:chr2:28598777-29217559	EUR:chr2:26894985-28598777	EUR:chr2:26894985-28598777	0	0
FOSL2	EUR:chr2:28598777-29217559	EUR:chr2:28598777-29217559	True	3	EUR:chr2:26894985-28598777;EUR:chr2:28598777-29217559;EUR:chr2:29217559-30463711	8	EUR:chr2:26894985-28598777;EUR:chr2:28598777-29217559	EUR:chr2:26894985-28598777	EUR:chr2:26894985-28598777	0	0
FOSL2-AS1		EUR:chr2:28598777-29217559	True	3	EUR:chr2:26894985-28598777;EUR:chr2:28598777-29217559;EUR:chr2:29217559-30463711	8	EUR:chr2:26894985-28598777;EUR:chr2:28598777-29217559	EUR:chr2:26894985-28598777	EUR:chr2:26894985-28598777	0	0
GATAD2A	EUR:chr19:18409862-19877471	EUR:chr19:18409862-19877471	True	2	EUR:chr19:18409862-19877471;EUR:chr19:19877471-20905757	14	EUR:chr19:18409862-19877471;EUR:chr19:19877471-20905757	EUR:chr19:18409862-19877471	EUR:chr19:18409862-19877471	0	0
GDF1	EUR:chr19:18409862-19877471	EUR:chr19:18409862-19877471	True	3	EUR:chr19:16374416-18409862;EUR:chr19:18409862-19877471;EUR:chr19:19877471-20905757	21	EUR:chr19:16374416-18409862;EUR:chr19:18409862-19877471;EUR:chr19:19877471-20905757	EUR:chr19:18409862-19877471	EUR:chr19:18409862-19877471	0	0
GDF15	EUR:chr19:18409862-19877471	EUR:chr19:18409862-19877471	True	2	EUR:chr19:16374416-18409862;EUR:chr19:18409862-19877471	14	EUR:chr19:16374416-18409862;EUR:chr19:18409862-19877471	EUR:chr19:18409862-19877471	EUR:chr19:18409862-19877471	0	0
GMIP	EUR:chr19:18409862-19877471	EUR:chr19:18409862-19877471	True	2	EUR:chr19:18409862-19877471;EUR:chr19:19877471-20905757	14	EUR:chr19:18409862-19877471;EUR:chr19:19877471-20905757	EUR:chr19:18409862-19877471	EUR:chr19:18409862-19877471	0	0
GMNN	EUR:chr6:23936619-24852275	EUR:chr6:23936619-24852275	True	4	EUR:chr6:22748307-23936619;EUR:chr6:23936619-24852275;EUR:chr6:24852275-25684587;EUR:chr6:25684587-26791233	14	EUR:chr6:23936619-24852275;EUR:chr6:24852275-25684587;EUR:chr6:25684587-26791233	EUR:chr6:23936619-24852275;EUR:chr6:24852275-25684587;EUR:chr6:25684587-26791233	EUR:chr6:23936619-24852275;EUR:chr6:24852275-25684587;EUR:chr6:25684587-26791233	2	1
GPN1	EUR:chr2:26894985-28598777	EUR:chr2:26894985-28598777	True	3	EUR:chr2:24686918-26894985;EUR:chr2:26894985-28598777;EUR:chr2:28598777-29217559	12	EUR:chr2:24686918-26894985;EUR:chr2:26894985-28598777;EUR:chr2:28598777-29217559	EUR:chr2:26894985-28598777	EUR:chr2:26894985-28598777	0	0
GPX5	EUR:chr6:28017819-28917608	EUR:chr6:28017819-28917608	True	3	EUR:chr6:26791233-28017819;EUR:chr6:28017819-28917608;EUR:chr6:28917608-29737971	18	EUR:chr6:26791233-28017819;EUR:chr6:28017819-28917608;EUR:chr6:28917608-29737971	EUR:chr6:26791233-28017819;EUR:chr6:28017819-28917608	EUR:chr6:26791233-28017819;EUR:chr6:28017819-28917608	1	0
GPX6	EUR:chr6:28017819-28917608	EUR:chr6:28017819-28917608	True	3	EUR:chr6:26791233-28017819;EUR:chr6:28017819-28917608;EUR:chr6:28917608-29737971	18	EUR:chr6:26791233-28017819;EUR:chr6:28017819-28917608;EUR:chr6:28917608-29737971	EUR:chr6:26791233-28017819;EUR:chr6:28017819-28917608	EUR:chr6:26791233-28017819;EUR:chr6:28017819-28917608	1	0
GSC	EUR:chr14:94325285-95750867	EUR:chr14:94325285-95750867	False	3	EUR:chr14:93132299-94325285;EUR:chr14:94325285-95750867;EUR:chr14:95750867-96262415	0		EUR:chr14:94325285-95750867		0	0
GTF3C2	EUR:chr2:26894985-28598777	EUR:chr2:26894985-28598777	True	2	EUR:chr2:24686918-26894985;EUR:chr2:26894985-28598777	8	EUR:chr2:24686918-26894985;EUR:chr2:26894985-28598777	EUR:chr2:26894985-28598777	EUR:chr2:26894985-28598777	0	0
GUSBP2			False	2	EUR:chr6:25684587-26791233;EUR:chr6:26791233-28017819	10	EUR:chr6:25684587-26791233;EUR:chr6:26791233-28017819	EUR:chr6:25684587-26791233;EUR:chr6:26791233-28017819	EUR:chr6:25684587-26791233;EUR:chr6:26791233-28017819	3	3
H1-1		EUR:chr6:25684587-26791233	True	3	EUR:chr6:24852275-25684587;EUR:chr6:25684587-26791233;EUR:chr6:26791233-28017819	12	EUR:chr6:24852275-25684587;EUR:chr6:25684587-26791233;EUR:chr6:26791233-28017819	EUR:chr6:25684587-26791233	EUR:chr6:25684587-26791233	2	2
H1-2		EUR:chr6:25684587-26791233	True	3	EUR:chr6:24852275-25684587;EUR:chr6:25684587-26791233;EUR:chr6:26791233-28017819	12	EUR:chr6:24852275-25684587;EUR:chr6:25684587-26791233;EUR:chr6:26791233-28017819	EUR:chr6:25684587-26791233	EUR:chr6:25684587-26791233	2	2
H1-3		EUR:chr6:25684587-26791233	True	3	EUR:chr6:24852275-25684587;EUR:chr6:25684587-26791233;EUR:chr6:26791233-28017819	15	EUR:chr6:24852275-25684587;EUR:chr6:25684587-26791233;EUR:chr6:26791233-28017819	EUR:chr6:25684587-26791233;EUR:chr6:26791233-28017819	EUR:chr6:25684587-26791233;EUR:chr6:26791233-28017819	3	3
H1-4		EUR:chr6:25684587-26791233	True	3	EUR:chr6:24852275-25684587;EUR:chr6:25684587-26791233;EUR:chr6:26791233-28017819	15	EUR:chr6:24852275-25684587;EUR:chr6:25684587-26791233;EUR:chr6:26791233-28017819	EUR:chr6:25684587-26791233;EUR:chr6:26791233-28017819	EUR:chr6:25684587-26791233;EUR:chr6:26791233-28017819	3	3
H1-5		EUR:chr6:26791233-28017819	True	2	EUR:chr6:26791233-28017819;EUR:chr6:28017819-28917608	12	EUR:chr6:26791233-28017819;EUR:chr6:28017819-28917608	EUR:chr6:26791233-28017819;EUR:chr6:28017819-28917608	EUR:chr6:26791233-28017819;EUR:chr6:28017819-28917608	1	0
H1-6		EUR:chr6:25684587-26791233	True	3	EUR:chr6:24852275-25684587;EUR:chr6:25684587-26791233;EUR:chr6:26791233-28017819	12	EUR:chr6:24852275-25684587;EUR:chr6:25684587-26791233;EUR:chr6:26791233-28017819	EUR:chr6:25684587-26791233;EUR:chr6:26791233-28017819	EUR:chr6:25684587-26791233;EUR:chr6:26791233-28017819	2	2
H2AC1		EUR:chr6:25684587-26791233	True	3	EUR:chr6:23936619-24852275;EUR:chr6:24852275-25684587;EUR:chr6:25684587-26791233	14	EUR:chr6:23936619-24852275;EUR:chr6:24852275-25684587;EUR:chr6:25684587-26791233	EUR:chr6:23936619-24852275;EUR:chr6:25684587-26791233	EUR:chr6:23936619-24852275;EUR:chr6:25684587-26791233	2	2
H2AC11		EUR:chr6:26791233-28017819	True	3	EUR:chr6:25684587-26791233;EUR:chr6:26791233-28017819;EUR:chr6:28017819-28917608	15	EUR:chr6:25684587-26791233;EUR:chr6:26791233-28017819;EUR:chr6:28017819-28917608	EUR:chr6:25684587-26791233;EUR:chr6:26791233-28017819;EUR:chr6:28017819-28917608	EUR:chr6:25684587-26791233;EUR:chr6:26791233-28017819;EUR:chr6:28017819-28917608	3	2
H2AC12		EUR:chr6:26791233-28017819	True	3	EUR:chr6:25684587-26791233;EUR:chr6:26791233-28017819;EUR:chr6:28017819-28917608	15	EUR:chr6:25684587-26791233;EUR:chr6:26791233-28017819;EUR:chr6:28017819-28917608	EUR:chr6:25684587-26791233;EUR:chr6:26791233-28017819;EUR:chr6:28017819-28917608	EUR:chr6:25684587-26791233;EUR:chr6:26791233-28017819;EUR:chr6:28017819-28917608	3	2
H2AC13		EUR:chr6:26791233-28017819	True	3	EUR:chr6:25684587-26791233;EUR:chr6:26791233-28017819;EUR:chr6:28017819-28917608	16	EUR:chr6:25684587-26791233;EUR:chr6:26791233-28017819;EUR:chr6:28017819-28917608	EUR:chr6:26791233-28017819;EUR:chr6:28017819-28917608	EUR:chr6:26791233-28017819;EUR:chr6:28017819-28917608	3	0
H2AC14		EUR:chr6:26791233-28017819	True	3	EUR:chr6:25684587-26791233;EUR:chr6:26791233-28017819;EUR:chr6:28017819-28917608	16	EUR:chr6:25684587-26791233;EUR:chr6:26791233-28017819;EUR:chr6:28017819-28917608	EUR:chr6:26791233-28017819;EUR:chr6:28017819-28917608	EUR:chr6:26791233-28017819;EUR:chr6:28017819-28917608	3	0
H2AC15		EUR:chr6:26791233-28017819	True	2	EUR:chr6:26791233-28017819;EUR:chr6:28017819-28917608	12	EUR:chr6:26791233-28017819;EUR:chr6:28017819-28917608	EUR:chr6:26791233-28017819;EUR:chr6:28017819-28917608	EUR:chr6:26791233-28017819;EUR:chr6:28017819-28917608	1	0
H2AC16		EUR:chr6:26791233-28017819	True	2	EUR:chr6:26791233-28017819;EUR:chr6:28017819-28917608	12	EUR:chr6:26791233-28017819;EUR:chr6:28017819-28917608	EUR:chr6:26791233-28017819;EUR:chr6:28017819-28917608	EUR:chr6:26791233-28017819;EUR:chr6:28017819-28917608	1	0
H2AC17		EUR:chr6:26791233-28017819	True	2	EUR:chr6:26791233-28017819;EUR:chr6:28017819-28917608	12	EUR:chr6:26791233-28017819;EUR:chr6:28017819-28917608	EUR:chr6:26791233-28017819;EUR:chr6:28017819-28917608	EUR:chr6:26791233-28017819;EUR:chr6:28017819-28917608	1	0
H2AC4		EUR:chr6:25684587-26791233	True	3	EUR:chr6:24852275-25684587;EUR:chr6:25684587-26791233;EUR:chr6:26791233-28017819	12	EUR:chr6:24852275-25684587;EUR:chr6:25684587-26791233;EUR:chr6:26791233-28017819	EUR:chr6:25684587-26791233	EUR:chr6:25684587-26791233	2	2
H2AC6		EUR:chr6:25684587-26791233	True	3	EUR:chr6:24852275-25684587;EUR:chr6:25684587-26791233;EUR:chr6:26791233-28017819	12	EUR:chr6:24852275-25684587;EUR:chr6:25684587-26791233;EUR:chr6:26791233-28017819	EUR:chr6:25684587-26791233;EUR:chr6:26791233-28017819	EUR:chr6:25684587-26791233;EUR:chr6:26791233-28017819	2	2
H2AC7		EUR:chr6:25684587-26791233	True	3	EUR:chr6:24852275-25684587;EUR:chr6:25684587-26791233;EUR:chr6:26791233-28017819	15	EUR:chr6:24852275-25684587;EUR:chr6:25684587-26791233;EUR:chr6:26791233-28017819	EUR:chr6:25684587-26791233;EUR:chr6:26791233-28017819	EUR:chr6:25684587-26791233;EUR:chr6:26791233-28017819	3	3
H2AC8		EUR:chr6:25684587-26791233	True	3	EUR:chr6:24852275-25684587;EUR:chr6:25684587-26791233;EUR:chr6:26791233-28017819	15	EUR:chr6:24852275-25684587;EUR:chr6:25684587-26791233;EUR:chr6:26791233-28017819	EUR:chr6:25684587-26791233;EUR:chr6:26791233-28017819	EUR:chr6:25684587-26791233;EUR:chr6:26791233-28017819	3	3
H2BC1		EUR:chr6:25684587-26791233	True	3	EUR:chr6:23936619-24852275;EUR:chr6:24852275-25684587;EUR:chr6:25684587-26791233	14	EUR:chr6:23936619-24852275;EUR:chr6:24852275-25684587;EUR:chr6:25684587-26791233	EUR:chr6:23936619-24852275;EUR:chr6:25684587-26791233	EUR:chr6:23936619-24852275;EUR:chr6:25684587-26791233	2	2
H2BC10		EUR:chr6:25684587-26791233	True	3	EUR:chr6:24852275-25684587;EUR:chr6:25684587-26791233;EUR:chr6:26791233-28017819	15	EUR:chr6:24852275-25684587;EUR:chr6:25684587-26791233;EUR:chr6:26791233-28017819	EUR:chr6:25684587-26791233;EUR:chr6:26791233-28017819	EUR:chr6:25684587-26791233;EUR:chr6:26791233-28017819	3	3
H2BC11		EUR:chr6:26791233-28017819	True	3	EUR:chr6:25684587-26791233;EUR:chr6:26791233-28017819;EUR:chr6:28017819-28917608	15	EUR:chr6:25684587-26791233;EUR:chr6:26791233-28017819;EUR:chr6:28017819-28917608	EUR:chr6:25684587-26791233;EUR:chr6:26791233-28017819;EUR:chr6:28017819-28917608	EUR:chr6:25684587-26791233;EUR:chr6:26791233-28017819;EUR:chr6:28017819-28917608	3	2
H2BC12		EUR:chr6:26791233-28017819	True	3	EUR:chr6:25684587-26791233;EUR:chr6:26791233-28017819;EUR:chr6:28017819-28917608	15	EUR:chr6:25684587-26791233;EUR:chr6:26791233-28017819;EUR:chr6:28017819-28917608	EUR:chr6:25684587-26791233;EUR:chr6:26791233-28017819;EUR:chr6:28017819-28917608	EUR:chr6:25684587-26791233;EUR:chr6:26791233-28017819;EUR:chr6:28017819-28917608	3	2
H2BC13		EUR:chr6:26791233-28017819	True	3	EUR:chr6:25684587-26791233;EUR:chr6:26791233-28017819;EUR:chr6:28017819-28917608	16	EUR:chr6:25684587-26791233;EUR:chr6:26791233-28017819;EUR:chr6:28017819-28917608	EUR:chr6:26791233-28017819;EUR:chr6:28017819-28917608	EUR:chr6:26791233-28017819;EUR:chr6:28017819-28917608	3	0
H2BC14		EUR:chr6:26791233-28017819	True	3	EUR:chr6:25684587-26791233;EUR:chr6:26791233-28017819;EUR:chr6:28017819-28917608	16	EUR:chr6:25684587-26791233;EUR:chr6:26791233-28017819;EUR:chr6:28017819-28917608	EUR:chr6:26791233-28017819;EUR:chr6:28017819-28917608	EUR:chr6:26791233-28017819;EUR:chr6:28017819-28917608	3	0
H2BC15		EUR:chr6:26791233-28017819	True	2	EUR:chr6:26791233-28017819;EUR:chr6:28017819-28917608	12	EUR:chr6:26791233-28017819;EUR:chr6:28017819-28917608	EUR:chr6:26791233-28017819;EUR:chr6:28017819-28917608	EUR:chr6:26791233-28017819;EUR:chr6:28017819-28917608	1	0
H2BC17		EUR:chr6:26791233-28017819	True	2	EUR:chr6:26791233-28017819;EUR:chr6:28017819-28917608	12	EUR:chr6:26791233-28017819;EUR:chr6:28017819-28917608	EUR:chr6:26791233-28017819;EUR:chr6:28017819-28917608	EUR:chr6:26791233-28017819;EUR:chr6:28017819-28917608	1	0
H2BC3		EUR:chr6:25684587-26791233	True	3	EUR:chr6:24852275-25684587;EUR:chr6:25684587-26791233;EUR:chr6:26791233-28017819	12	EUR:chr6:24852275-25684587;EUR:chr6:25684587-26791233;EUR:chr6:26791233-28017819	EUR:chr6:25684587-26791233	EUR:chr6:25684587-26791233	2	2
H2BC4		EUR:chr6:25684587-26791233	True	3	EUR:chr6:24852275-25684587;EUR:chr6:25684587-26791233;EUR:chr6:26791233-28017819	12	EUR:chr6:24852275-25684587;EUR:chr6:25684587-26791233;EUR:chr6:26791233-28017819	EUR:chr6:25684587-26791233;EUR:chr6:26791233-28017819	EUR:chr6:25684587-26791233;EUR:chr6:26791233-28017819	2	2
H2BC5		EUR:chr6:25684587-26791233	True	3	EUR:chr6:24852275-25684587;EUR:chr6:25684587-26791233;EUR:chr6:26791233-28017819	15	EUR:chr6:24852275-25684587;EUR:chr6:25684587-26791233;EUR:chr6:26791233-28017819	EUR:chr6:25684587-26791233;EUR:chr6:26791233-28017819	EUR:chr6:25684587-26791233;EUR:chr6:26791233-28017819	3	3
H2BC6		EUR:chr6:25684587-26791233	True	3	EUR:chr6:24852275-25684587;EUR:chr6:25684587-26791233;EUR:chr6:26791233-28017819	15	EUR:chr6:24852275-25684587;EUR:chr6:25684587-26791233;EUR:chr6:26791233-28017819	EUR:chr6:25684587-26791233;EUR:chr6:26791233-28017819	EUR:chr6:25684587-26791233;EUR:chr6:26791233-28017819	3	3
H2BC7		EUR:chr6:25684587-26791233	True	3	EUR:chr6:24852275-25684587;EUR:chr6:25684587-26791233;EUR:chr6:26791233-28017819	15	EUR:chr6:24852275-25684587;EUR:chr6:25684587-26791233;EUR:chr6:26791233-28017819	EUR:chr6:25684587-26791233;EUR:chr6:26791233-28017819	EUR:chr6:25684587-26791233;EUR:chr6:26791233-28017819	3	3
H2BC8		EUR:chr6:25684587-26791233	True	3	EUR:chr6:24852275-25684587;EUR:chr6:25684587-26791233;EUR:chr6:26791233-28017819	15	EUR:chr6:24852275-25684587;EUR:chr6:25684587-26791233;EUR:chr6:26791233-28017819	EUR:chr6:25684587-26791233;EUR:chr6:26791233-28017819	EUR:chr6:25684587-26791233;EUR:chr6:26791233-28017819	3	3
H2BC9		EUR:chr6:25684587-26791233	True	3	EUR:chr6:24852275-25684587;EUR:chr6:25684587-26791233;EUR:chr6:26791233-28017819	15	EUR:chr6:24852275-25684587;EUR:chr6:25684587-26791233;EUR:chr6:26791233-28017819	EUR:chr6:25684587-26791233;EUR:chr6:26791233-28017819	EUR:chr6:25684587-26791233;EUR:chr6:26791233-28017819	3	3
H3C1		EUR:chr6:25684587-26791233	True	3	EUR:chr6:24852275-25684587;EUR:chr6:25684587-26791233;EUR:chr6:26791233-28017819	12	EUR:chr6:24852275-25684587;EUR:chr6:25684587-26791233;EUR:chr6:26791233-28017819	EUR:chr6:25684587-26791233	EUR:chr6:25684587-26791233	2	2
H3C10		EUR:chr6:26791233-28017819	True	3	EUR:chr6:25684587-26791233;EUR:chr6:26791233-28017819;EUR:chr6:28017819-28917608	16	EUR:chr6:25684587-26791233;EUR:chr6:26791233-28017819;EUR:chr6:28017819-28917608	EUR:chr6:26791233-28017819;EUR:chr6:28017819-28917608	EUR:chr6:26791233-28017819;EUR:chr6:28017819-28917608	3	0
H3C11		EUR:chr6:26791233-28017819	True	2	EUR:chr6:26791233-28017819;EUR:chr6:28017819-28917608	12	EUR:chr6:26791233-28017819;EUR:chr6:28017819-28917608	EUR:chr6:26791233-28017819;EUR:chr6:28017819-28917608	EUR:chr6:26791233-28017819;EUR:chr6:28017819-28917608	1	0
H3C12		EUR:chr6:26791233-28017819	True	2	EUR:chr6:26791233-28017819;EUR:chr6:28017819-28917608	12	EUR:chr6:26791233-28017819;EUR:chr6:28017819-28917608	EUR:chr6:26791233-28017819;EUR:chr6:28017819-28917608	EUR:chr6:26791233-28017819;EUR:chr6:28017819-28917608	1	0
H3C2		EUR:chr6:25684587-26791233	True	3	EUR:chr6:24852275-25684587;EUR:chr6:25684587-26791233;EUR:chr6:26791233-28017819	12	EUR:chr6:24852275-25684587;EUR:chr6:25684587-26791233;EUR:chr6:26791233-28017819	EUR:chr6:25684587-26791233	EUR:chr6:25684587-26791233	2	2
H3C3		EUR:chr6:25684587-26791233	True	3	EUR:chr6:24852275-25684587;EUR:chr6:25684587-26791233;EUR:chr6:26791233-28017819	12	EUR:chr6:24852275-25684587;EUR:chr6:25684587-26791233;EUR:chr6:26791233-28017819	EUR:chr6:25684587-26791233	EUR:chr6:25684587-26791233	2	2
H3C4		EUR:chr6:25684587-26791233	True	3	EUR:chr6:24852275-25684587;EUR:chr6:25684587-26791233;EUR:chr6:26791233-28017819	15	EUR:chr6:24852275-25684587;EUR:chr6:25684587-26791233;EUR:chr6:26791233-28017819	EUR:chr6:25684587-26791233;EUR:chr6:26791233-28017819	EUR:chr6:25684587-26791233;EUR:chr6:26791233-28017819	3	3
H3C6		EUR:chr6:25684587-26791233	True	3	EUR:chr6:24852275-25684587;EUR:chr6:25684587-26791233;EUR:chr6:26791233-28017819	15	EUR:chr6:24852275-25684587;EUR:chr6:25684587-26791233;EUR:chr6:26791233-28017819	EUR:chr6:25684587-26791233;EUR:chr6:26791233-28017819	EUR:chr6:25684587-26791233;EUR:chr6:26791233-28017819	3	3
H3C7		EUR:chr6:25684587-26791233	True	3	EUR:chr6:24852275-25684587;EUR:chr6:25684587-26791233;EUR:chr6:26791233-28017819	15	EUR:chr6:24852275-25684587;EUR:chr6:25684587-26791233;EUR:chr6:26791233-28017819	EUR:chr6:25684587-26791233;EUR:chr6:26791233-28017819	EUR:chr6:25684587-26791233;EUR:chr6:26791233-28017819	3	3
H3C8		EUR:chr6:25684587-26791233	True	3	EUR:chr6:24852275-25684587;EUR:chr6:25684587-26791233;EUR:chr6:26791233-28017819	15	EUR:chr6:24852275-25684587;EUR:chr6:25684587-26791233;EUR:chr6:26791233-28017819	EUR:chr6:25684587-26791233;EUR:chr6:26791233-28017819	EUR:chr6:25684587-26791233;EUR:chr6:26791233-28017819	3	3
H4C1		EUR:chr6:25684587-26791233	True	3	EUR:chr6:24852275-25684587;EUR:chr6:25684587-26791233;EUR:chr6:26791233-28017819	12	EUR:chr6:24852275-25684587;EUR:chr6:25684587-26791233;EUR:chr6:26791233-28017819	EUR:chr6:25684587-26791233	EUR:chr6:25684587-26791233	2	2
H4C11		EUR:chr6:26791233-28017819	True	2	EUR:chr6:26791233-28017819;EUR:chr6:28017819-28917608	12	EUR:chr6:26791233-28017819;EUR:chr6:28017819-28917608	EUR:chr6:26791233-28017819;EUR:chr6:28017819-28917608	EUR:chr6:26791233-28017819;EUR:chr6:28017819-28917608	1	0
H4C12		EUR:chr6:26791233-28017819	True	2	EUR:chr6:26791233-28017819;EUR:chr6:28017819-28917608	12	EUR:chr6:26791233-28017819;EUR:chr6:28017819-28917608	EUR:chr6:26791233-28017819;EUR:chr6:28017819-28917608	EUR:chr6:26791233-28017819;EUR:chr6:28017819-28917608	1	0
H4C13		EUR:chr6:26791233-28017819	True	2	EUR:chr6:26791233-28017819;EUR:chr6:28017819-28917608	12	EUR:chr6:26791233-28017819;EUR:chr6:28017819-28917608	EUR:chr6:26791233-28017819;EUR:chr6:28017819-28917608	EUR:chr6:26791233-28017819;EUR:chr6:28017819-28917608	1	0
H4C2		EUR:chr6:25684587-26791233	True	3	EUR:chr6:24852275-25684587;EUR:chr6:25684587-26791233;EUR:chr6:26791233-28017819	12	EUR:chr6:24852275-25684587;EUR:chr6:25684587-26791233;EUR:chr6:26791233-28017819	EUR:chr6:25684587-26791233	EUR:chr6:25684587-26791233	2	2
H4C3		EUR:chr6:25684587-26791233	True	3	EUR:chr6:24852275-25684587;EUR:chr6:25684587-26791233;EUR:chr6:26791233-28017819	12	EUR:chr6:24852275-25684587;EUR:chr6:25684587-26791233;EUR:chr6:26791233-28017819	EUR:chr6:25684587-26791233;EUR:chr6:26791233-28017819	EUR:chr6:25684587-26791233;EUR:chr6:26791233-28017819	2	2
H4C4		EUR:chr6:25684587-26791233	True	3	EUR:chr6:24852275-25684587;EUR:chr6:25684587-26791233;EUR:chr6:26791233-28017819	15	EUR:chr6:24852275-25684587;EUR:chr6:25684587-26791233;EUR:chr6:26791233-28017819	EUR:chr6:25684587-26791233;EUR:chr6:26791233-28017819	EUR:chr6:25684587-26791233;EUR:chr6:26791233-28017819	3	3
H4C5		EUR:chr6:25684587-26791233	True	3	EUR:chr6:24852275-25684587;EUR:chr6:25684587-26791233;EUR:chr6:26791233-28017819	15	EUR:chr6:24852275-25684587;EUR:chr6:25684587-26791233;EUR:chr6:26791233-28017819	EUR:chr6:25684587-26791233;EUR:chr6:26791233-28017819	EUR:chr6:25684587-26791233;EUR:chr6:26791233-28017819	3	3
H4C6		EUR:chr6:25684587-26791233	True	3	EUR:chr6:24852275-25684587;EUR:chr6:25684587-26791233;EUR:chr6:26791233-28017819	15	EUR:chr6:24852275-25684587;EUR:chr6:25684587-26791233;EUR:chr6:26791233-28017819	EUR:chr6:25684587-26791233;EUR:chr6:26791233-28017819	EUR:chr6:25684587-26791233;EUR:chr6:26791233-28017819	3	3
H4C7		EUR:chr6:25684587-26791233	True	3	EUR:chr6:24852275-25684587;EUR:chr6:25684587-26791233;EUR:chr6:26791233-28017819	15	EUR:chr6:24852275-25684587;EUR:chr6:25684587-26791233;EUR:chr6:26791233-28017819	EUR:chr6:25684587-26791233;EUR:chr6:26791233-28017819	EUR:chr6:25684587-26791233;EUR:chr6:26791233-28017819	3	3
H4C8		EUR:chr6:25684587-26791233	True	3	EUR:chr6:24852275-25684587;EUR:chr6:25684587-26791233;EUR:chr6:26791233-28017819	15	EUR:chr6:24852275-25684587;EUR:chr6:25684587-26791233;EUR:chr6:26791233-28017819	EUR:chr6:25684587-26791233;EUR:chr6:26791233-28017819	EUR:chr6:25684587-26791233;EUR:chr6:26791233-28017819	3	3
H4C9		EUR:chr6:26791233-28017819	True	3	EUR:chr6:25684587-26791233;EUR:chr6:26791233-28017819;EUR:chr6:28017819-28917608	15	EUR:chr6:25684587-26791233;EUR:chr6:26791233-28017819;EUR:chr6:28017819-28917608	EUR:chr6:25684587-26791233;EUR:chr6:26791233-28017819;EUR:chr6:28017819-28917608	EUR:chr6:25684587-26791233;EUR:chr6:26791233-28017819;EUR:chr6:28017819-28917608	3	2
HAPLN4	EUR:chr19:18409862-19877471	EUR:chr19:18409862-19877471	True	3	EUR:chr19:16374416-18409862;EUR:chr19:18409862-19877471;EUR:chr19:19877471-20905757	21	EUR:chr19:16374416-18409862;EUR:chr19:18409862-19877471;EUR:chr19:19877471-20905757	EUR:chr19:18409862-19877471	EUR:chr19:18409862-19877471	0	0
HFE	EUR:chr6:25684587-26791233	EUR:chr6:25684587-26791233	True	3	EUR:chr6:24852275-25684587;EUR:chr6:25684587-26791233;EUR:chr6:26791233-28017819	12	EUR:chr6:24852275-25684587;EUR:chr6:25684587-26791233;EUR:chr6:26791233-28017819	EUR:chr6:25684587-26791233;EUR:chr6:26791233-28017819	EUR:chr6:25684587-26791233;EUR:chr6:26791233-28017819	2	2
HLX	EUR:chr1:219590571-221858231	EUR:chr1:219590571-221858231	False	2	EUR:chr1:219590571-221858231;EUR:chr1:221858231-222230220	0		EUR:chr1:219590571-221858231		0	0
HMGN4	EUR:chr6:25684587-26791233	EUR:chr6:25684587-26791233	True	3	EUR:chr6:24852275-25684587;EUR:chr6:25684587-26791233;EUR:chr6:26791233-28017819	15	EUR:chr6:24852275-25684587;EUR:chr6:25684587-26791233;EUR:chr6:26791233-28017819	EUR:chr6:25684587-26791233;EUR:chr6:26791233-28017819	EUR:chr6:25684587-26791233;EUR:chr6:26791233-28017819	3	3
HOMER3	EUR:chr19:18409862-19877471	EUR:chr19:18409862-19877471	True	3	EUR:chr19:16374416-18409862;EUR:chr19:18409862-19877471;EUR:chr19:19877471-20905757	21	EUR:chr19:16374416-18409862;EUR:chr19:18409862-19877471;EUR:chr19:19877471-20905757	EUR:chr19:18409862-19877471	EUR:chr19:18409862-19877471	0	0
HSD17B11	EUR:chr4:87534648-89238028	EUR:chr4:87534648-89238028	True	3	EUR:chr4:86930609-87534648;EUR:chr4:87534648-89238028;EUR:chr4:89238028-90231564	8	EUR:chr4:86930609-87534648;EUR:chr4:87534648-89238028	EUR:chr4:87534648-89238028	EUR:chr4:87534648-89238028	2	2
IARS2	EUR:chr1:219590571-221858231	EUR:chr1:219590571-221858231	False	2	EUR:chr1:218705513-219590571;EUR:chr1:219590571-221858231	0		EUR:chr1:219590571-221858231		0	0
IBSP	EUR:chr4:87534648-89238028	EUR:chr4:87534648-89238028	True	2	EUR:chr4:87534648-89238028;EUR:chr4:89238028-90231564	4	EUR:chr4:87534648-89238028	EUR:chr4:87534648-89238028	EUR:chr4:87534648-89238028	2	2
IFI27	EUR:chr14:94325285-95750867	EUR:chr14:94325285-95750867	False	2	EUR:chr14:93132299-94325285;EUR:chr14:94325285-95750867	0		EUR:chr14:94325285-95750867		0	0
IFI27L1	EUR:chr14:94325285-95750867	EUR:chr14:94325285-95750867	False	2	EUR:chr14:93132299-94325285;EUR:chr14:94325285-95750867	0		EUR:chr14:94325285-95750867		0	0
IFI27L2	EUR:chr14:94325285-95750867	EUR:chr14:94325285-95750867	False	2	EUR:chr14:93132299-94325285;EUR:chr14:94325285-95750867	0		EUR:chr14:94325285-95750867		0	0
IFI30	EUR:chr19:16374416-18409862	EUR:chr19:16374416-18409862	True	2	EUR:chr19:16374416-18409862;EUR:chr19:18409862-19877471	8	EUR:chr19:16374416-18409862;EUR:chr19:18409862-19877471	EUR:chr19:18409862-19877471	EUR:chr19:18409862-19877471	0	0
IFT172	EUR:chr2:26894985-28598777	EUR:chr2:26894985-28598777	True	3	EUR:chr2:24686918-26894985;EUR:chr2:26894985-28598777;EUR:chr2:28598777-29217559	12	EUR:chr2:24686918-26894985;EUR:chr2:26894985-28598777;EUR:chr2:28598777-29217559	EUR:chr2:26894985-28598777	EUR:chr2:26894985-28598777	0	0
IQCN		EUR:chr19:16374416-18409862	True	2	EUR:chr19:16374416-18409862;EUR:chr19:18409862-19877471	14	EUR:chr19:16374416-18409862;EUR:chr19:18409862-19877471	EUR:chr19:18409862-19877471	EUR:chr19:18409862-19877471	0	0
ISYNA1	EUR:chr19:18409862-19877471	EUR:chr19:18409862-19877471	True	2	EUR:chr19:16374416-18409862;EUR:chr19:18409862-19877471	14	EUR:chr19:16374416-18409862;EUR:chr19:18409862-19877471	EUR:chr19:18409862-19877471	EUR:chr19:18409862-19877471	0	0
JUND	EUR:chr19:16374416-18409862	EUR:chr19:16374416-18409862	True	2	EUR:chr19:16374416-18409862;EUR:chr19:18409862-19877471	14	EUR:chr19:16374416-18409862;EUR:chr19:18409862-19877471	EUR:chr19:18409862-19877471	EUR:chr19:18409862-19877471	0	0
KCNK3	EUR:chr2:26894985-28598777	EUR:chr2:26894985-28598777	True	2	EUR:chr2:24686918-26894985;EUR:chr2:26894985-28598777	8	EUR:chr2:24686918-26894985;EUR:chr2:26894985-28598777	EUR:chr2:26894985-28598777	EUR:chr2:26894985-28598777	0	0
KHK	EUR:chr2:26894985-28598777	EUR:chr2:26894985-28598777	True	2	EUR:chr2:24686918-26894985;EUR:chr2:26894985-28598777	8	EUR:chr2:24686918-26894985;EUR:chr2:26894985-28598777	EUR:chr2:26894985-28598777	EUR:chr2:26894985-28598777	0	0
KIAA0319	EUR:chr6:23936619-24852275	EUR:chr6:23936619-24852275	True	3	EUR:chr6:22748307-23936619;EUR:chr6:23936619-24852275;EUR:chr6:24852275-25684587	10	EUR:chr6:23936619-24852275;EUR:chr6:24852275-25684587	EUR:chr6:23936619-24852275;EUR:chr6:24852275-25684587	EUR:chr6:23936619-24852275;EUR:chr6:24852275-25684587	0	0
KLHL26	EUR:chr19:18409862-19877471	EUR:chr19:18409862-19877471	True	2	EUR:chr19:16374416-18409862;EUR:chr19:18409862-19877471	14	EUR:chr19:16374416-18409862;EUR:chr19:18409862-19877471	EUR:chr19:18409862-19877471	EUR:chr19:18409862-19877471	0	0
KLHL8	EUR:chr4:87534648-89238028	EUR:chr4:87534648-89238028	True	2	EUR:chr4:86930609-87534648;EUR:chr4:87534648-89238028	8	EUR:chr4:86930609-87534648;EUR:chr4:87534648-89238028	EUR:chr4:87534648-89238028	EUR:chr4:87534648-89238028	2	2
KRTCAP3	EUR:chr2:26894985-28598777	EUR:chr2:26894985-28598777	True	3	EUR:chr2:24686918-26894985;EUR:chr2:26894985-28598777;EUR:chr2:28598777-29217559	12	EUR:chr2:24686918-26894985;EUR:chr2:26894985-28598777;EUR:chr2:28598777-29217559	EUR:chr2:26894985-28598777	EUR:chr2:26894985-28598777	0	0
KXD1	EUR:chr19:18409862-19877471	EUR:chr19:18409862-19877471	True	2	EUR:chr19:16374416-18409862;EUR:chr19:18409862-19877471	14	EUR:chr19:16374416-18409862;EUR:chr19:18409862-19877471	EUR:chr19:18409862-19877471	EUR:chr19:18409862-19877471	0	0
LPAR2	EUR:chr19:18409862-19877471	EUR:chr19:18409862-19877471	True	2	EUR:chr19:18409862-19877471;EUR:chr19:19877471-20905757	14	EUR:chr19:18409862-19877471;EUR:chr19:19877471-20905757	EUR:chr19:18409862-19877471	EUR:chr19:18409862-19877471	0	0
LRRC25	EUR:chr19:18409862-19877471	EUR:chr19:18409862-19877471	True	2	EUR:chr19:16374416-18409862;EUR:chr19:18409862-19877471	14	EUR:chr19:16374416-18409862;EUR:chr19:18409862-19877471	EUR:chr19:18409862-19877471	EUR:chr19:18409862-19877471	0	0
LSM4	EUR:chr19:18409862-19877471	EUR:chr19:18409862-19877471	True	2	EUR:chr19:16374416-18409862;EUR:chr19:18409862-19877471	14	EUR:chr19:16374416-18409862;EUR:chr19:18409862-19877471	EUR:chr19:18409862-19877471	EUR:chr19:18409862-19877471	0	0
MAPK10	EUR:chr4:86930609-87534648	EUR:chr4:86930609-87534648	True	3	EUR:chr4:84799656-86930609;EUR:chr4:86930609-87534648;EUR:chr4:87534648-89238028	8	EUR:chr4:86930609-87534648;EUR:chr4:87534648-89238028	EUR:chr4:87534648-89238028	EUR:chr4:87534648-89238028	2	2
MAPRE3	EUR:chr2:26894985-28598777	EUR:chr2:26894985-28598777	True	2	EUR:chr2:24686918-26894985;EUR:chr2:26894985-28598777	8	EUR:chr2:24686918-26894985;EUR:chr2:26894985-28598777	EUR:chr2:26894985-28598777	EUR:chr2:26894985-28598777	0	0
MARK1	EUR:chr1:219590571-221858231	EUR:chr1:219590571-221858231	False	1	EUR:chr1:219590571-221858231	0		EUR:chr1:219590571-221858231		0	0
MAST3	EUR:chr19:16374416-18409862	EUR:chr19:16374416-18409862	True	2	EUR:chr19:16374416-18409862;EUR:chr19:18409862-19877471	10	EUR:chr19:16374416-18409862;EUR:chr19:18409862-19877471	EUR:chr19:16374416-18409862;EUR:chr19:18409862-19877471	EUR:chr19:16374416-18409862;EUR:chr19:18409862-19877471	0	0
MAU2	EUR:chr19:18409862-19877471	EUR:chr19:18409862-19877471	True	2	EUR:chr19:18409862-19877471;EUR:chr19:19877471-20905757	14	EUR:chr19:18409862-19877471;EUR:chr19:19877471-20905757	EUR:chr19:18409862-19877471	EUR:chr19:18409862-19877471	0	0
MCAT	EUR:chr22:42690818-43714200	EUR:chr22:42690818-43714200	True	3	EUR:chr22:40545797-42690818;EUR:chr22:42690818-43714200;EUR:chr22:43714200-44995308	10	EUR:chr22:42690818-43714200;EUR:chr22:43714200-44995308	EUR:chr22:43714200-44995308	EUR:chr22:43714200-44995308	0	0
MEPE	EUR:chr4:87534648-89238028	EUR:chr4:87534648-89238028	True	2	EUR:chr4:87534648-89238028;EUR:chr4:89238028-90231564	4	EUR:chr4:87534648-89238028	EUR:chr4:87534648-89238028	EUR:chr4:87534648-89238028	2	2
MPPED1	EUR:chr22:43714200-44995308	EUR:chr22:43714200-44995308	True	2	EUR:chr22:42690818-43714200;EUR:chr22:43714200-44995308	10	EUR:chr22:42690818-43714200;EUR:chr22:43714200-44995308	EUR:chr22:43714200-44995308	EUR:chr22:43714200-44995308	0	0
MPV17	EUR:chr2:26894985-28598777	EUR:chr2:26894985-28598777	True	2	EUR:chr2:24686918-26894985;EUR:chr2:26894985-28598777	8	EUR:chr2:24686918-26894985;EUR:chr2:26894985-28598777	EUR:chr2:26894985-28598777	EUR:chr2:26894985-28598777	0	0
MPV17L2	EUR:chr19:16374416-18409862	EUR:chr19:16374416-18409862	True	2	EUR:chr19:16374416-18409862;EUR:chr19:18409862-19877471	8	EUR:chr19:16374416-18409862;EUR:chr19:18409862-19877471	EUR:chr19:18409862-19877471	EUR:chr19:18409862-19877471	0	0
MRPL33	EUR:chr2:26894985-28598777	EUR:chr2:26894985-28598777	True	2	EUR:chr2:26894985-28598777;EUR:chr2:28598777-29217559	8	EUR:chr2:26894985-28598777;EUR:chr2:28598777-29217559	EUR:chr2:26894985-28598777	EUR:chr2:26894985-28598777	0	0
MTARC1		EUR:chr1:219590571-221858231	False	2	EUR:chr1:219590571-221858231;EUR:chr1:221858231-222230220	0		EUR:chr1:219590571-221858231		0	0
MTARC2		EUR:chr1:219590571-221858231	False	2	EUR:chr1:219590571-221858231;EUR:chr1:221858231-222230220	0		EUR:chr1:219590571-221858231		0	0
NCAN	EUR:chr19:18409862-19877471	EUR:chr19:18409862-19877471	True	3	EUR:chr19:16374416-18409862;EUR:chr19:18409862-19877471;EUR:chr19:19877471-20905757	21	EUR:chr19:16374416-18409862;EUR:chr19:18409862-19877471;EUR:chr19:19877471-20905757	EUR:chr19:18409862-19877471	EUR:chr19:18409862-19877471	0	0
NDUFA13	EUR:chr19:18409862-19877471	EUR:chr19:18409862-19877471	True	2	EUR:chr19:18409862-19877471;EUR:chr19:19877471-20905757	14	EUR:chr19:18409862-19877471;EUR:chr19:19877471-20905757	EUR:chr19:18409862-19877471	EUR:chr19:18409862-19877471	0	0
NKAPL	EUR:chr6:28017819-28917608	EUR:chr6:28017819-28917608	True	3	EUR:chr6:26791233-28017819;EUR:chr6:28017819-28917608;EUR:chr6:28917608-29737971	18	EUR:chr6:26791233-28017819;EUR:chr6:28017819-28917608;EUR:chr6:28917608-29737971	EUR:chr6:26791233-28017819;EUR:chr6:28017819-28917608	EUR:chr6:26791233-28017819;EUR:chr6:28017819-28917608	1	0
NR2C2AP	EUR:chr19:18409862-19877471	EUR:chr19:18409862-19877471	True	3	EUR:chr19:16374416-18409862;EUR:chr19:18409862-19877471;EUR:chr19:19877471-20905757	21	EUR:chr19:16374416-18409862;EUR:chr19:18409862-19877471;EUR:chr19:19877471-20905757	EUR:chr19:18409862-19877471	EUR:chr19:18409862-19877471	0	0
NRBP1	EUR:chr2:26894985-28598777	EUR:chr2:26894985-28598777	True	3	EUR:chr2:24686918-26894985;EUR:chr2:26894985-28598777;EUR:chr2:28598777-29217559	12	EUR:chr2:24686918-26894985;EUR:chr2:26894985-28598777;EUR:chr2:28598777-29217559	EUR:chr2:26894985-28598777	EUR:chr2:26894985-28598777	0	0
NUDT9	EUR:chr4:87534648-89238028	EUR:chr4:87534648-89238028	True	3	EUR:chr4:86930609-87534648;EUR:chr4:87534648-89238028;EUR:chr4:89238028-90231564	8	EUR:chr4:86930609-87534648;EUR:chr4:87534648-89238028	EUR:chr4:87534648-89238028	EUR:chr4:87534648-89238028	2	2
OR12D2	EUR:chr6:28917608-29737971	EUR:chr6:28917608-29737971	True	3	EUR:chr6:28017819-28917608;EUR:chr6:28917608-29737971;EUR:chr6:29737971-30798168	12	EUR:chr6:28017819-28917608;EUR:chr6:28917608-29737971	EUR:chr6:28017819-28917608	EUR:chr6:28017819-28917608	0	0
OR14J1	EUR:chr6:28917608-29737971	EUR:chr6:28917608-29737971	True	3	EUR:chr6:28017819-28917608;EUR:chr6:28917608-29737971;EUR:chr6:29737971-30798168	12	EUR:chr6:28017819-28917608;EUR:chr6:28917608-29737971	EUR:chr6:28017819-28917608	EUR:chr6:28017819-28917608	0	0
OR2B2	EUR:chr6:26791233-28017819	EUR:chr6:26791233-28017819	True	2	EUR:chr6:26791233-28017819;EUR:chr6:28017819-28917608	12	EUR:chr6:26791233-28017819;EUR:chr6:28017819-28917608	EUR:chr6:26791233-28017819;EUR:chr6:28017819-28917608	EUR:chr6:26791233-28017819;EUR:chr6:28017819-28917608	1	0
OR2B3	EUR:chr6:28917608-29737971	EUR:chr6:28917608-29737971	True	3	EUR:chr6:28017819-28917608;EUR:chr6:28917608-29737971;EUR:chr6:29737971-30798168	12	EUR:chr6:28017819-28917608;EUR:chr6:28917608-29737971	EUR:chr6:28017819-28917608	EUR:chr6:28017819-28917608	0	0
OR2B6	EUR:chr6:26791233-28017819	EUR:chr6:26791233-28017819	True	3	EUR:chr6:26791233-28017819;EUR:chr6:28017819-28917608;EUR:chr6:28917608-29737971	18	EUR:chr6:26791233-28017819;EUR:chr6:28017819-28917608;EUR:chr6:28917608-29737971	EUR:chr6:26791233-28017819;EUR:chr6:28017819-28917608	EUR:chr6:26791233-28017819;EUR:chr6:28017819-28917608	1	0
OR2J2	EUR:chr6:28917608-29737971	EUR:chr6:28917608-29737971	True	3	EUR:chr6:28017819-28917608;EUR:chr6:28917608-29737971;EUR:chr6:29737971-30798168	12	EUR:chr6:28017819-28917608;EUR:chr6:28917608-29737971	EUR:chr6:28017819-28917608	EUR:chr6:28017819-28917608	0	0
OR2J3	EUR:chr6:28917608-29737971	EUR:chr6:28917608-29737971	True	3	EUR:chr6:28017819-28917608;EUR:chr6:28917608-29737971;EUR:chr6:29737971-30798168	12	EUR:chr6:28017819-28917608;EUR:chr6:28917608-29737971	EUR:chr6:28017819-28917608	EUR:chr6:28017819-28917608	0	0
OR2W1	EUR:chr6:28917608-29737971	EUR:chr6:28917608-29737971	True	4	EUR:chr6:26791233-28017819;EUR:chr6:28017819-28917608;EUR:chr6:28917608-29737971;EUR:chr6:29737971-30798168	18	EUR:chr6:26791233-28017819;EUR:chr6:28017819-28917608;EUR:chr6:28917608-29737971	EUR:chr6:28017819-28917608	EUR:chr6:28017819-28917608	1	0
OR5V1	EUR:chr6:28917608-29737971	EUR:chr6:28917608-29737971	True	3	EUR:chr6:28017819-28917608;EUR:chr6:28917608-29737971;EUR:chr6:29737971-30798168	12	EUR:chr6:28017819-28917608;EUR:chr6:28917608-29737971	EUR:chr6:28017819-28917608	EUR:chr6:28017819-28917608	0	0
OTOF	EUR:chr2:24686918-26894985	EUR:chr2:24686918-26894985	True	2	EUR:chr2:24686918-26894985;EUR:chr2:26894985-28598777	8	EUR:chr2:24686918-26894985;EUR:chr2:26894985-28598777	EUR:chr2:26894985-28598777	EUR:chr2:26894985-28598777	0	0
OTUB2	EUR:chr14:94325285-95750867	EUR:chr14:94325285-95750867	False	2	EUR:chr14:93132299-94325285;EUR:chr14:94325285-95750867	0		EUR:chr14:94325285-95750867		0	0
PACSIN2	EUR:chr22:42690818-43714200	EUR:chr22:42690818-43714200	True	3	EUR:chr22:40545797-42690818;EUR:chr22:42690818-43714200;EUR:chr22:43714200-44995308	10	EUR:chr22:42690818-43714200;EUR:chr22:43714200-44995308	EUR:chr22:43714200-44995308	EUR:chr22:43714200-44995308	0	0
PARVB	EUR:chr22:43714200-44995308	EUR:chr22:43714200-44995308	True	3	EUR:chr22:42690818-43714200;EUR:chr22:43714200-44995308;EUR:chr22:44995308-46470495	15	EUR:chr22:42690818-43714200;EUR:chr22:43714200-44995308;EUR:chr22:44995308-46470495	EUR:chr22:43714200-44995308	EUR:chr22:43714200-44995308	0	0
PARVG	EUR:chr22:43714200-44995308	EUR:chr22:43714200-44995308	True	3	EUR:chr22:42690818-43714200;EUR:chr22:43714200-44995308;EUR:chr22:44995308-46470495	15	EUR:chr22:42690818-43714200;EUR:chr22:43714200-44995308;EUR:chr22:44995308-46470495	EUR:chr22:43714200-44995308	EUR:chr22:43714200-44995308	0	0
PBX4	EUR:chr19:18409862-19877471	EUR:chr19:18409862-19877471	True	2	EUR:chr19:18409862-19877471;EUR:chr19:19877471-20905757	14	EUR:chr19:18409862-19877471;EUR:chr19:19877471-20905757	EUR:chr19:18409862-19877471	EUR:chr19:18409862-19877471	0	0
PDE4C	EUR:chr19:16374416-18409862	EUR:chr19:16374416-18409862	True	2	EUR:chr19:16374416-18409862;EUR:chr19:18409862-19877471	12	EUR:chr19:16374416-18409862;EUR:chr19:18409862-19877471	EUR:chr19:18409862-19877471	EUR:chr19:18409862-19877471	0	0
PGBD1	EUR:chr6:28017819-28917608	EUR:chr6:28017819-28917608	True	3	EUR:chr6:26791233-28017819;EUR:chr6:28017819-28917608;EUR:chr6:28917608-29737971	18	EUR:chr6:26791233-28017819;EUR:chr6:28017819-28917608;EUR:chr6:28917608-29737971	EUR:chr6:26791233-28017819;EUR:chr6:28017819-28917608	EUR:chr6:26791233-28017819;EUR:chr6:28017819-28917608	1	0
PGPEP1	EUR:chr19:18409862-19877471	EUR:chr19:18409862-19877471	True	2	EUR:chr19:16374416-18409862;EUR:chr19:18409862-19877471	14	EUR:chr19:16374416-18409862;EUR:chr19:18409862-19877471	EUR:chr19:18409862-19877471	EUR:chr19:18409862-19877471	0	0
PHF21B	EUR:chr22:44995308-46470495	EUR:chr22:44995308-46470495	True	2	EUR:chr22:43714200-44995308;EUR:chr22:44995308-46470495	10	EUR:chr22:43714200-44995308;EUR:chr22:44995308-46470495	EUR:chr22:43714200-44995308	EUR:chr22:43714200-44995308	0	0
PIK3R2	EUR:chr19:16374416-18409862	EUR:chr19:16374416-18409862	True	2	EUR:chr19:16374416-18409862;EUR:chr19:18409862-19877471	8	EUR:chr19:16374416-18409862;EUR:chr19:18409862-19877471	EUR:chr19:18409862-19877471	EUR:chr19:18409862-19877471	0	0
PKD2	EUR:chr4:87534648-89238028	EUR:chr4:87534648-89238028	True	2	EUR:chr4:87534648-89238028;EUR:chr4:89238028-90231564	4	EUR:chr4:87534648-89238028	EUR:chr4:87534648-89238028	EUR:chr4:87534648-89238028	2	2
PLB1	EUR:chr2:28598777-29217559	EUR:chr2:28598777-29217559	True	3	EUR:chr2:26894985-28598777;EUR:chr2:28598777-29217559;EUR:chr2:29217559-30463711	8	EUR:chr2:26894985-28598777;EUR:chr2:28598777-29217559	EUR:chr2:26894985-28598777	EUR:chr2:26894985-28598777	0	0
PNPLA5	EUR:chr22:43714200-44995308	EUR:chr22:43714200-44995308	True	3	EUR:chr22:42690818-43714200;EUR:chr22:43714200-44995308;EUR:chr22:44995308-46470495	15	EUR:chr22:42690818-43714200;EUR:chr22:43714200-44995308;EUR:chr22:44995308-46470495	EUR:chr22:43714200-44995308	EUR:chr22:43714200-44995308	0	0
POM121L2	EUR:chr6:26791233-28017819	EUR:chr6:26791233-28017819	True	3	EUR:chr6:25684587-26791233;EUR:chr6:26791233-28017819;EUR:chr6:28017819-28917608	15	EUR:chr6:25684587-26791233;EUR:chr6:26791233-28017819;EUR:chr6:28017819-28917608	EUR:chr6:26791233-28017819;EUR:chr6:28017819-28917608	EUR:chr6:26791233-28017819;EUR:chr6:28017819-28917608	3	0
PPM1G	EUR:chr2:26894985-28598777	EUR:chr2:26894985-28598777	True	3	EUR:chr2:24686918-26894985;EUR:chr2:26894985-28598777;EUR:chr2:28598777-29217559	12	EUR:chr2:24686918-26894985;EUR:chr2:26894985-28598777;EUR:chr2:28598777-29217559	EUR:chr2:26894985-28598777	EUR:chr2:26894985-28598777	0	0
PPP4R4	EUR:chr14:94325285-95750867	EUR:chr14:94325285-95750867	False	2	EUR:chr14:93132299-94325285;EUR:chr14:94325285-95750867	0		EUR:chr14:94325285-95750867		0	0
PREB	EUR:chr2:26894985-28598777	EUR:chr2:26894985-28598777	True	2	EUR:chr2:24686918-26894985;EUR:chr2:26894985-28598777	8	EUR:chr2:24686918-26894985;EUR:chr2:26894985-28598777	EUR:chr2:26894985-28598777	EUR:chr2:26894985-28598777	0	0
PRIMA1	EUR:chr14:93132299-94325285	EUR:chr14:93132299-94325285	False	2	EUR:chr14:93132299-94325285;EUR:chr14:94325285-95750867	0		EUR:chr14:94325285-95750867		0	0
PRR30		EUR:chr2:26894985-28598777	True	2	EUR:chr2:24686918-26894985;EUR:chr2:26894985-28598777	8	EUR:chr2:24686918-26894985;EUR:chr2:26894985-28598777	EUR:chr2:26894985-28598777	EUR:chr2:26894985-28598777	0	0
PRR5	EUR:chr22:44995308-46470495	EUR:chr22:44995308-46470495	True	2	EUR:chr22:43714200-44995308;EUR:chr22:44995308-46470495	10	EUR:chr22:43714200-44995308;EUR:chr22:44995308-46470495	EUR:chr22:43714200-44995308	EUR:chr22:43714200-44995308	0	0
PRR5-ARHGAP8	EUR:chr22:44995308-46470495	EUR:chr22:44995308-46470495	True	2	EUR:chr22:43714200-44995308;EUR:chr22:44995308-46470495	10	EUR:chr22:43714200-44995308;EUR:chr22:44995308-46470495	EUR:chr22:43714200-44995308	EUR:chr22:43714200-44995308	0	0
PRSS16	EUR:chr6:26791233-28017819	EUR:chr6:26791233-28017819	True	3	EUR:chr6:25684587-26791233;EUR:chr6:26791233-28017819;EUR:chr6:28017819-28917608	15	EUR:chr6:25684587-26791233;EUR:chr6:26791233-28017819;EUR:chr6:28017819-28917608	EUR:chr6:26791233-28017819;EUR:chr6:28017819-28917608	EUR:chr6:26791233-28017819;EUR:chr6:28017819-28917608	3	0
PTPN13	EUR:chr4:86930609-87534648	EUR:chr4:86930609-87534648	True	3	EUR:chr4:84799656-86930609;EUR:chr4:86930609-87534648;EUR:chr4:87534648-89238028	8	EUR:chr4:86930609-87534648;EUR:chr4:87534648-89238028	EUR:chr4:87534648-89238028	EUR:chr4:87534648-89238028	2	2
RAB3A	EUR:chr19:16374416-18409862	EUR:chr19:16374416-18409862	True	2	EUR:chr19:16374416-18409862;EUR:chr19:18409862-19877471	8	EUR:chr19:16374416-18409862;EUR:chr19:18409862-19877471	EUR:chr19:18409862-19877471	EUR:chr19:18409862-19877471	0	0
RAB3GAP2	EUR:chr1:219590571-221858231	EUR:chr1:219590571-221858231	False	2	EUR:chr1:218705513-219590571;EUR:chr1:219590571-221858231	0		EUR:chr1:219590571-221858231		0	0
RBKS	EUR:chr2:26894985-28598777	EUR:chr2:26894985-28598777	True	2	EUR:chr2:26894985-28598777;EUR:chr2:28598777-29217559	8	EUR:chr2:26894985-28598777;EUR:chr2:28598777-29217559	EUR:chr2:26894985-28598777	EUR:chr2:26894985-28598777	0	0
REX1BD		EUR:chr19:18409862-19877471	True	2	EUR:chr19:16374416-18409862;EUR:chr19:18409862-19877471	14	EUR:chr19:16374416-18409862;EUR:chr19:18409862-19877471	EUR:chr19:18409862-19877471	EUR:chr19:18409862-19877471	0	0
RFXANK	EUR:chr19:18409862-19877471	EUR:chr19:18409862-19877471	True	3	EUR:chr19:16374416-18409862;EUR:chr19:18409862-19877471;EUR:chr19:19877471-20905757	21	EUR:chr19:16374416-18409862;EUR:chr19:18409862-19877471;EUR:chr19:19877471-20905757	EUR:chr19:18409862-19877471	EUR:chr19:18409862-19877471	0	0
RIPOR2		EUR:chr6:24852275-25684587	True	4	EUR:chr6:22748307-23936619;EUR:chr6:23936619-24852275;EUR:chr6:24852275-25684587;EUR:chr6:25684587-26791233	14	EUR:chr6:23936619-24852275;EUR:chr6:24852275-25684587;EUR:chr6:25684587-26791233	EUR:chr6:23936619-24852275;EUR:chr6:25684587-26791233	EUR:chr6:23936619-24852275;EUR:chr6:25684587-26791233	2	2
RTL6		EUR:chr22:43714200-44995308	True	2	EUR:chr22:43714200-44995308;EUR:chr22:44995308-46470495	10	EUR:chr22:43714200-44995308;EUR:chr22:44995308-46470495	EUR:chr22:43714200-44995308	EUR:chr22:43714200-44995308	0	0
SAMM50	EUR:chr22:43714200-44995308	EUR:chr22:43714200-44995308	True	3	EUR:chr22:42690818-43714200;EUR:chr22:43714200-44995308;EUR:chr22:44995308-46470495	15	EUR:chr22:42690818-43714200;EUR:chr22:43714200-44995308;EUR:chr22:44995308-46470495	EUR:chr22:43714200-44995308	EUR:chr22:43714200-44995308	0	0
SCGN	EUR:chr6:24852275-25684587	EUR:chr6:24852275-25684587	True	3	EUR:chr6:23936619-24852275;EUR:chr6:24852275-25684587;EUR:chr6:25684587-26791233	14	EUR:chr6:23936619-24852275;EUR:chr6:24852275-25684587;EUR:chr6:25684587-26791233	EUR:chr6:23936619-24852275;EUR:chr6:25684587-26791233	EUR:chr6:23936619-24852275;EUR:chr6:25684587-26791233	2	2
SCUBE1	EUR:chr22:43714200-44995308	EUR:chr22:43714200-44995308	True	3	EUR:chr22:40545797-42690818;EUR:chr22:42690818-43714200;EUR:chr22:43714200-44995308	10	EUR:chr22:42690818-43714200;EUR:chr22:43714200-44995308	EUR:chr22:43714200-44995308	EUR:chr22:43714200-44995308	0	0
SERPINA10	EUR:chr14:94325285-95750867	EUR:chr14:94325285-95750867	False	3	EUR:chr14:93132299-94325285;EUR:chr14:94325285-95750867;EUR:chr14:95750867-96262415	0		EUR:chr14:94325285-95750867		0	0
SERPINA11	EUR:chr14:94325285-95750867	EUR:chr14:94325285-95750867	False	3	EUR:chr14:93132299-94325285;EUR:chr14:94325285-95750867;EUR:chr14:95750867-96262415	0		EUR:chr14:94325285-95750867		0	0
SERPINA12	EUR:chr14:94325285-95750867	EUR:chr14:94325285-95750867	False	3	EUR:chr14:93132299-94325285;EUR:chr14:94325285-95750867;EUR:chr14:95750867-96262415	0		EUR:chr14:94325285-95750867		0	0
SERPINA13P			False	3	EUR:chr14:93132299-94325285;EUR:chr14:94325285-95750867;EUR:chr14:95750867-96262415	0		EUR:chr14:94325285-95750867		0	0
SERPINA2			False	3	EUR:chr14:93132299-94325285;EUR:chr14:94325285-95750867;EUR:chr14:95750867-96262415	0		EUR:chr14:94325285-95750867		0	0
SERPINA3	EUR:chr14:94325285-95750867	EUR:chr14:94325285-95750867	False	3	EUR:chr14:93132299-94325285;EUR:chr14:94325285-95750867;EUR:chr14:95750867-96262415	0		EUR:chr14:94325285-95750867		0	0
SERPINA4	EUR:chr14:94325285-95750867	EUR:chr14:94325285-95750867	False	3	EUR:chr14:93132299-94325285;EUR:chr14:94325285-95750867;EUR:chr14:95750867-96262415	0		EUR:chr14:94325285-95750867		0	0
SERPINA5	EUR:chr14:94325285-95750867	EUR:chr14:94325285-95750867	False	3	EUR:chr14:93132299-94325285;EUR:chr14:94325285-95750867;EUR:chr14:95750867-96262415	0		EUR:chr14:94325285-95750867		0	0
SERPINA6	EUR:chr14:94325285-95750867	EUR:chr14:94325285-95750867	False	3	EUR:chr14:93132299-94325285;EUR:chr14:94325285-95750867;EUR:chr14:95750867-96262415	0		EUR:chr14:94325285-95750867		0	0
SERPINA9	EUR:chr14:94325285-95750867	EUR:chr14:94325285-95750867	False	3	EUR:chr14:93132299-94325285;EUR:chr14:94325285-95750867;EUR:chr14:95750867-96262415	0		EUR:chr14:94325285-95750867		0	0
SHISAL1		EUR:chr22:43714200-44995308	True	3	EUR:chr22:42690818-43714200;EUR:chr22:43714200-44995308;EUR:chr22:44995308-46470495	15	EUR:chr22:42690818-43714200;EUR:chr22:43714200-44995308;EUR:chr22:44995308-46470495	EUR:chr22:43714200-44995308	EUR:chr22:43714200-44995308	0	0
SLC10A6	EUR:chr4:87534648-89238028	EUR:chr4:87534648-89238028	True	3	EUR:chr4:84799656-86930609;EUR:chr4:86930609-87534648;EUR:chr4:87534648-89238028	8	EUR:chr4:86930609-87534648;EUR:chr4:87534648-89238028	EUR:chr4:87534648-89238028	EUR:chr4:87534648-89238028	2	2
SLC17A1	EUR:chr6:25684587-26791233	EUR:chr6:25684587-26791233	True	3	EUR:chr6:23936619-24852275;EUR:chr6:24852275-25684587;EUR:chr6:25684587-26791233	14	EUR:chr6:23936619-24852275;EUR:chr6:24852275-25684587;EUR:chr6:25684587-26791233	EUR:chr6:23936619-24852275;EUR:chr6:25684587-26791233	EUR:chr6:23936619-24852275;EUR:chr6:25684587-26791233	2	2
SLC17A2	EUR:chr6:25684587-26791233	EUR:chr6:25684587-26791233	True	3	EUR:chr6:24852275-25684587;EUR:chr6:25684587-26791233;EUR:chr6:26791233-28017819	13	EUR:chr6:24852275-25684587;EUR:chr6:25684587-26791233;EUR:chr6:26791233-28017819	EUR:chr6:24852275-25684587;EUR:chr6:25684587-26791233	EUR:chr6:24852275-25684587;EUR:chr6:25684587-26791233	2	2
SLC17A3	EUR:chr6:25684587-26791233	EUR:chr6:25684587-26791233	True	4	EUR:chr6:23936619-24852275;EUR:chr6:24852275-25684587;EUR:chr6:25684587-26791233;EUR:chr6:26791233-28017819	18	EUR:chr6:23936619-24852275;EUR:chr6:24852275-25684587;EUR:chr6:25684587-26791233;EUR:chr6:26791233-28017819	EUR:chr6:24852275-25684587;EUR:chr6:25684587-26791233	EUR:chr6:24852275-25684587;EUR:chr6:25684587-26791233	2	2
SLC17A4	EUR:chr6:25684587-26791233	EUR:chr6:25684587-26791233	True	3	EUR:chr6:23936619-24852275;EUR:chr6:24852275-25684587;EUR:chr6:25684587-26791233	14	EUR:chr6:23936619-24852275;EUR:chr6:24852275-25684587;EUR:chr6:25684587-26791233	EUR:chr6:23936619-24852275;EUR:chr6:25684587-26791233	EUR:chr6:23936619-24852275;EUR:chr6:25684587-26791233	2	2
SLC25A42	EUR:chr19:18409862-19877471	EUR:chr19:18409862-19877471	True	3	EUR:chr19:16374416-18409862;EUR:chr19:18409862-19877471;EUR:chr19:19877471-20905757	21	EUR:chr19:16374416-18409862;EUR:chr19:18409862-19877471;EUR:chr19:19877471-20905757	EUR:chr19:18409862-19877471	EUR:chr19:18409862-19877471	0	0
SLC30A3	EUR:chr2:26894985-28598777	EUR:chr2:26894985-28598777	True	2	EUR:chr2:24686918-26894985;EUR:chr2:26894985-28598777	8	EUR:chr2:24686918-26894985;EUR:chr2:26894985-28598777	EUR:chr2:26894985-28598777	EUR:chr2:26894985-28598777	0	0
SLC35F6	EUR:chr2:26894985-28598777	EUR:chr2:26894985-28598777	True	2	EUR:chr2:24686918-26894985;EUR:chr2:26894985-28598777	8	EUR:chr2:24686918-26894985;EUR:chr2:26894985-28598777	EUR:chr2:26894985-28598777	EUR:chr2:26894985-28598777	0	0
SLC4A1AP	EUR:chr2:26894985-28598777	EUR:chr2:26894985-28598777	True	3	EUR:chr2:24686918-26894985;EUR:chr2:26894985-28598777;EUR:chr2:28598777-29217559	12	EUR:chr2:24686918-26894985;EUR:chr2:26894985-28598777;EUR:chr2:28598777-29217559	EUR:chr2:26894985-28598777	EUR:chr2:26894985-28598777	0	0
SLC5A6	EUR:chr2:26894985-28598777	EUR:chr2:26894985-28598777	True	2	EUR:chr2:24686918-26894985;EUR:chr2:26894985-28598777	8	EUR:chr2:24686918-26894985;EUR:chr2:26894985-28598777	EUR:chr2:26894985-28598777	EUR:chr2:26894985-28598777	0	0
SNX17	EUR:chr2:26894985-28598777	EUR:chr2:26894985-28598777	True	3	EUR:chr2:24686918-26894985;EUR:chr2:26894985-28598777;EUR:chr2:28598777-29217559	12	EUR:chr2:24686918-26894985;EUR:chr2:26894985-28598777;EUR:chr2:28598777-29217559	EUR:chr2:26894985-28598777	EUR:chr2:26894985-28598777	0	0
SPARCL1	EUR:chr4:87534648-89238028	EUR:chr4:87534648-89238028	True	3	EUR:chr4:86930609-87534648;EUR:chr4:87534648-89238028;EUR:chr4:89238028-90231564	8	EUR:chr4:86930609-87534648;EUR:chr4:87534648-89238028	EUR:chr4:87534648-89238028	EUR:chr4:87534648-89238028	2	2
SPP1	EUR:chr4:87534648-89238028	EUR:chr4:87534648-89238028	True	2	EUR:chr4:87534648-89238028;EUR:chr4:89238028-90231564	4	EUR:chr4:87534648-89238028	EUR:chr4:87534648-89238028	EUR:chr4:87534648-89238028	2	2
SSBP4	EUR:chr19:18409862-19877471	EUR:chr19:18409862-19877471	True	2	EUR:chr19:16374416-18409862;EUR:chr19:18409862-19877471	14	EUR:chr19:16374416-18409862;EUR:chr19:18409862-19877471	EUR:chr19:18409862-19877471	EUR:chr19:18409862-19877471	0	0
SUGP2	EUR:chr19:18409862-19877471	EUR:chr19:18409862-19877471	True	3	EUR:chr19:16374416-18409862;EUR:chr19:18409862-19877471;EUR:chr19:19877471-20905757	21	EUR:chr19:16374416-18409862;EUR:chr19:18409862-19877471;EUR:chr19:19877471-20905757	EUR:chr19:18409862-19877471	EUR:chr19:18409862-19877471	0	0
SULT4A1	EUR:chr22:43714200-44995308	EUR:chr22:43714200-44995308	True	3	EUR:chr22:42690818-43714200;EUR:chr22:43714200-44995308;EUR:chr22:44995308-46470495	15	EUR:chr22:42690818-43714200;EUR:chr22:43714200-44995308;EUR:chr22:44995308-46470495	EUR:chr22:43714200-44995308	EUR:chr22:43714200-44995308	0	0
SUPT7L	EUR:chr2:26894985-28598777	EUR:chr2:26894985-28598777	True	3	EUR:chr2:24686918-26894985;EUR:chr2:26894985-28598777;EUR:chr2:28598777-29217559	12	EUR:chr2:24686918-26894985;EUR:chr2:26894985-28598777;EUR:chr2:28598777-29217559	EUR:chr2:26894985-28598777	EUR:chr2:26894985-28598777	0	0
TCF23	EUR:chr2:26894985-28598777	EUR:chr2:26894985-28598777	True	2	EUR:chr2:24686918-26894985;EUR:chr2:26894985-28598777	8	EUR:chr2:24686918-26894985;EUR:chr2:26894985-28598777	EUR:chr2:26894985-28598777	EUR:chr2:26894985-28598777	0	0
TDP2	EUR:chr6:23936619-24852275	EUR:chr6:23936619-24852275	True	3	EUR:chr6:22748307-23936619;EUR:chr6:23936619-24852275;EUR:chr6:24852275-25684587	10	EUR:chr6:23936619-24852275;EUR:chr6:24852275-25684587	EUR:chr6:23936619-24852275;EUR:chr6:24852275-25684587	EUR:chr6:23936619-24852275;EUR:chr6:24852275-25684587	0	0
TMEM161A	EUR:chr19:18409862-19877471	EUR:chr19:18409862-19877471	True	3	EUR:chr19:16374416-18409862;EUR:chr19:18409862-19877471;EUR:chr19:19877471-20905757	21	EUR:chr19:16374416-18409862;EUR:chr19:18409862-19877471;EUR:chr19:19877471-20905757	EUR:chr19:18409862-19877471	EUR:chr19:18409862-19877471	0	0
TMEM214	EUR:chr2:26894985-28598777	EUR:chr2:26894985-28598777	True	2	EUR:chr2:24686918-26894985;EUR:chr2:26894985-28598777	8	EUR:chr2:24686918-26894985;EUR:chr2:26894985-28598777	EUR:chr2:26894985-28598777	EUR:chr2:26894985-28598777	0	0
TMEM59L	EUR:chr19:18409862-19877471	EUR:chr19:18409862-19877471	True	2	EUR:chr19:16374416-18409862;EUR:chr19:18409862-19877471	14	EUR:chr19:16374416-18409862;EUR:chr19:18409862-19877471	EUR:chr19:18409862-19877471	EUR:chr19:18409862-19877471	0	0
TRIM27	EUR:chr6:28017819-28917608	EUR:chr6:28017819-28917608	True	4	EUR:chr6:26791233-28017819;EUR:chr6:28017819-28917608;EUR:chr6:28917608-29737971;EUR:chr6:29737971-30798168	18	EUR:chr6:26791233-28017819;EUR:chr6:28017819-28917608;EUR:chr6:28917608-29737971	EUR:chr6:26791233-28017819;EUR:chr6:28017819-28917608	EUR:chr6:26791233-28017819;EUR:chr6:28017819-28917608	1	0
TRIM38	EUR:chr6:25684587-26791233	EUR:chr6:25684587-26791233	True	3	EUR:chr6:24852275-25684587;EUR:chr6:25684587-26791233;EUR:chr6:26791233-28017819	12	EUR:chr6:24852275-25684587;EUR:chr6:25684587-26791233;EUR:chr6:26791233-28017819	EUR:chr6:25684587-26791233	EUR:chr6:25684587-26791233	2	2
TRIM54	EUR:chr2:26894985-28598777	EUR:chr2:26894985-28598777	True	2	EUR:chr2:24686918-26894985;EUR:chr2:26894985-28598777	8	EUR:chr2:24686918-26894985;EUR:chr2:26894985-28598777	EUR:chr2:26894985-28598777	EUR:chr2:26894985-28598777	0	0
TSPO	EUR:chr22:42690818-43714200	EUR:chr22:42690818-43714200	True	3	EUR:chr22:40545797-42690818;EUR:chr22:42690818-43714200;EUR:chr22:43714200-44995308	10	EUR:chr22:42690818-43714200;EUR:chr22:43714200-44995308	EUR:chr22:43714200-44995308	EUR:chr22:43714200-44995308	0	0
TSSK6	EUR:chr19:18409862-19877471	EUR:chr19:18409862-19877471	True	2	EUR:chr19:18409862-19877471;EUR:chr19:19877471-20905757	14	EUR:chr19:18409862-19877471;EUR:chr19:19877471-20905757	EUR:chr19:18409862-19877471	EUR:chr19:18409862-19877471	0	0
TTLL1	EUR:chr22:42690818-43714200	EUR:chr22:42690818-43714200	True	3	EUR:chr22:40545797-42690818;EUR:chr22:42690818-43714200;EUR:chr22:43714200-44995308	10	EUR:chr22:42690818-43714200;EUR:chr22:43714200-44995308	EUR:chr22:43714200-44995308	EUR:chr22:43714200-44995308	0	0
TTLL12	EUR:chr22:42690818-43714200	EUR:chr22:42690818-43714200	True	3	EUR:chr22:40545797-42690818;EUR:chr22:42690818-43714200;EUR:chr22:43714200-44995308	10	EUR:chr22:42690818-43714200;EUR:chr22:43714200-44995308	EUR:chr22:43714200-44995308	EUR:chr22:43714200-44995308	0	0
UBA52	EUR:chr19:18409862-19877471	EUR:chr19:18409862-19877471	True	2	EUR:chr19:16374416-18409862;EUR:chr19:18409862-19877471	14	EUR:chr19:16374416-18409862;EUR:chr19:18409862-19877471	EUR:chr19:18409862-19877471	EUR:chr19:18409862-19877471	0	0
UCN	EUR:chr2:26894985-28598777	EUR:chr2:26894985-28598777	True	2	EUR:chr2:24686918-26894985;EUR:chr2:26894985-28598777	8	EUR:chr2:24686918-26894985;EUR:chr2:26894985-28598777	EUR:chr2:26894985-28598777	EUR:chr2:26894985-28598777	0	0
UPF1	EUR:chr19:18409862-19877471	EUR:chr19:18409862-19877471	True	3	EUR:chr19:16374416-18409862;EUR:chr19:18409862-19877471;EUR:chr19:19877471-20905757	21	EUR:chr19:16374416-18409862;EUR:chr19:18409862-19877471;EUR:chr19:19877471-20905757	EUR:chr19:18409862-19877471	EUR:chr19:18409862-19877471	0	0
YJEFN3	EUR:chr19:18409862-19877471	EUR:chr19:18409862-19877471	True	2	EUR:chr19:18409862-19877471;EUR:chr19:19877471-20905757	14	EUR:chr19:18409862-19877471;EUR:chr19:19877471-20905757	EUR:chr19:18409862-19877471	EUR:chr19:18409862-19877471	0	0
ZBED9			False	3	EUR:chr6:26791233-28017819;EUR:chr6:28017819-28917608;EUR:chr6:28917608-29737971	18	EUR:chr6:26791233-28017819;EUR:chr6:28017819-28917608;EUR:chr6:28917608-29737971	EUR:chr6:26791233-28017819;EUR:chr6:28017819-28917608	EUR:chr6:26791233-28017819;EUR:chr6:28017819-28917608	1	0
ZKSCAN3	EUR:chr6:28017819-28917608	EUR:chr6:28017819-28917608	True	3	EUR:chr6:26791233-28017819;EUR:chr6:28017819-28917608;EUR:chr6:28917608-29737971	18	EUR:chr6:26791233-28017819;EUR:chr6:28017819-28917608;EUR:chr6:28917608-29737971	EUR:chr6:26791233-28017819;EUR:chr6:28017819-28917608	EUR:chr6:26791233-28017819;EUR:chr6:28017819-28917608	1	0
ZKSCAN4	EUR:chr6:28017819-28917608	EUR:chr6:28017819-28917608	True	3	EUR:chr6:26791233-28017819;EUR:chr6:28017819-28917608;EUR:chr6:28917608-29737971	18	EUR:chr6:26791233-28017819;EUR:chr6:28017819-28917608;EUR:chr6:28917608-29737971	EUR:chr6:26791233-28017819;EUR:chr6:28017819-28917608	EUR:chr6:26791233-28017819;EUR:chr6:28017819-28917608	1	0
ZKSCAN8	EUR:chr6:28017819-28917608	EUR:chr6:28017819-28917608	True	3	EUR:chr6:26791233-28017819;EUR:chr6:28017819-28917608;EUR:chr6:28917608-29737971	18	EUR:chr6:26791233-28017819;EUR:chr6:28017819-28917608;EUR:chr6:28917608-29737971	EUR:chr6:26791233-28017819;EUR:chr6:28017819-28917608	EUR:chr6:26791233-28017819;EUR:chr6:28017819-28917608	1	0
ZNF101	EUR:chr19:18409862-19877471	EUR:chr19:18409862-19877471	True	2	EUR:chr19:18409862-19877471;EUR:chr19:19877471-20905757	14	EUR:chr19:18409862-19877471;EUR:chr19:19877471-20905757	EUR:chr19:18409862-19877471	EUR:chr19:18409862-19877471	0	0
ZNF14	EUR:chr19:18409862-19877471	EUR:chr19:18409862-19877471	True	2	EUR:chr19:18409862-19877471;EUR:chr19:19877471-20905757	14	EUR:chr19:18409862-19877471;EUR:chr19:19877471-20905757	EUR:chr19:18409862-19877471	EUR:chr19:18409862-19877471	0	0
ZNF165	EUR:chr6:28017819-28917608	EUR:chr6:28017819-28917608	True	3	EUR:chr6:26791233-28017819;EUR:chr6:28017819-28917608;EUR:chr6:28917608-29737971	18	EUR:chr6:26791233-28017819;EUR:chr6:28017819-28917608;EUR:chr6:28917608-29737971	EUR:chr6:26791233-28017819;EUR:chr6:28017819-28917608	EUR:chr6:26791233-28017819;EUR:chr6:28017819-28917608	1	0
ZNF184	EUR:chr6:26791233-28017819	EUR:chr6:26791233-28017819	True	3	EUR:chr6:25684587-26791233;EUR:chr6:26791233-28017819;EUR:chr6:28017819-28917608	18	EUR:chr6:25684587-26791233;EUR:chr6:26791233-28017819;EUR:chr6:28017819-28917608	EUR:chr6:26791233-28017819;EUR:chr6:28017819-28917608	EUR:chr6:26791233-28017819;EUR:chr6:28017819-28917608	3	0
ZNF253	EUR:chr19:19877471-20905757	EUR:chr19:19877471-20905757	True	3	EUR:chr19:18409862-19877471;EUR:chr19:19877471-20905757;EUR:chr19:20905757-22732896	14	EUR:chr19:18409862-19877471;EUR:chr19:19877471-20905757	EUR:chr19:18409862-19877471	EUR:chr19:18409862-19877471	0	0
ZNF311	EUR:chr6:28917608-29737971	EUR:chr6:28917608-29737971	True	4	EUR:chr6:26791233-28017819;EUR:chr6:28017819-28917608;EUR:chr6:28917608-29737971;EUR:chr6:29737971-30798168	18	EUR:chr6:26791233-28017819;EUR:chr6:28017819-28917608;EUR:chr6:28917608-29737971	EUR:chr6:28017819-28917608	EUR:chr6:28017819-28917608	1	0
ZNF322	EUR:chr6:25684587-26791233	EUR:chr6:25684587-26791233	True	3	EUR:chr6:24852275-25684587;EUR:chr6:25684587-26791233;EUR:chr6:26791233-28017819	15	EUR:chr6:24852275-25684587;EUR:chr6:25684587-26791233;EUR:chr6:26791233-28017819	EUR:chr6:25684587-26791233;EUR:chr6:26791233-28017819	EUR:chr6:25684587-26791233;EUR:chr6:26791233-28017819	3	3
ZNF391	EUR:chr6:26791233-28017819	EUR:chr6:26791233-28017819	True	3	EUR:chr6:25684587-26791233;EUR:chr6:26791233-28017819;EUR:chr6:28017819-28917608	15	EUR:chr6:25684587-26791233;EUR:chr6:26791233-28017819;EUR:chr6:28017819-28917608	EUR:chr6:26791233-28017819;EUR:chr6:28017819-28917608	EUR:chr6:26791233-28017819;EUR:chr6:28017819-28917608	3	0
ZNF486	EUR:chr19:19877471-20905757	EUR:chr19:19877471-20905757	True	3	EUR:chr19:18409862-19877471;EUR:chr19:19877471-20905757;EUR:chr19:20905757-22732896	14	EUR:chr19:18409862-19877471;EUR:chr19:19877471-20905757	EUR:chr19:18409862-19877471	EUR:chr19:18409862-19877471	0	0
ZNF506	EUR:chr19:19877471-20905757	EUR:chr19:19877471-20905757	True	3	EUR:chr19:18409862-19877471;EUR:chr19:19877471-20905757;EUR:chr19:20905757-22732896	14	EUR:chr19:18409862-19877471;EUR:chr19:19877471-20905757	EUR:chr19:18409862-19877471	EUR:chr19:18409862-19877471	0	0
ZNF512	EUR:chr2:26894985-28598777	EUR:chr2:26894985-28598777	True	3	EUR:chr2:24686918-26894985;EUR:chr2:26894985-28598777;EUR:chr2:28598777-29217559	12	EUR:chr2:24686918-26894985;EUR:chr2:26894985-28598777;EUR:chr2:28598777-29217559	EUR:chr2:26894985-28598777	EUR:chr2:26894985-28598777	0	0
ZNF513	EUR:chr2:26894985-28598777	EUR:chr2:26894985-28598777	True	3	EUR:chr2:24686918-26894985;EUR:chr2:26894985-28598777;EUR:chr2:28598777-29217559	12	EUR:chr2:24686918-26894985;EUR:chr2:26894985-28598777;EUR:chr2:28598777-29217559	EUR:chr2:26894985-28598777	EUR:chr2:26894985-28598777	0	0
ZNF682	EUR:chr19:19877471-20905757	EUR:chr19:19877471-20905757	True	3	EUR:chr19:18409862-19877471;EUR:chr19:19877471-20905757;EUR:chr19:20905757-22732896	14	EUR:chr19:18409862-19877471;EUR:chr19:19877471-20905757	EUR:chr19:18409862-19877471	EUR:chr19:18409862-19877471	0	0
ZNF90	EUR:chr19:19877471-20905757	EUR:chr19:19877471-20905757	True	3	EUR:chr19:18409862-19877471;EUR:chr19:19877471-20905757;EUR:chr19:20905757-22732896	14	EUR:chr19:18409862-19877471;EUR:chr19:19877471-20905757	EUR:chr19:18409862-19877471	EUR:chr19:18409862-19877471	0	0
ZNF93	EUR:chr19:19877471-20905757	EUR:chr19:19877471-20905757	True	3	EUR:chr19:18409862-19877471;EUR:chr19:19877471-20905757;EUR:chr19:20905757-22732896	14	EUR:chr19:18409862-19877471;EUR:chr19:19877471-20905757	EUR:chr19:18409862-19877471	EUR:chr19:18409862-19877471	0	0
ZSCAN12	EUR:chr6:28017819-28917608	EUR:chr6:28017819-28917608	True	3	EUR:chr6:26791233-28017819;EUR:chr6:28017819-28917608;EUR:chr6:28917608-29737971	18	EUR:chr6:26791233-28017819;EUR:chr6:28017819-28917608;EUR:chr6:28917608-29737971	EUR:chr6:26791233-28017819;EUR:chr6:28017819-28917608	EUR:chr6:26791233-28017819;EUR:chr6:28017819-28917608	1	0
ZSCAN16	EUR:chr6:28017819-28917608	EUR:chr6:28017819-28917608	True	3	EUR:chr6:26791233-28017819;EUR:chr6:28017819-28917608;EUR:chr6:28917608-29737971	18	EUR:chr6:26791233-28017819;EUR:chr6:28017819-28917608;EUR:chr6:28917608-29737971	EUR:chr6:26791233-28017819;EUR:chr6:28017819-28917608	EUR:chr6:26791233-28017819;EUR:chr6:28017819-28917608	1	0
ZSCAN23	EUR:chr6:28017819-28917608	EUR:chr6:28017819-28917608	True	3	EUR:chr6:26791233-28017819;EUR:chr6:28017819-28917608;EUR:chr6:28917608-29737971	18	EUR:chr6:26791233-28017819;EUR:chr6:28017819-28917608;EUR:chr6:28917608-29737971	EUR:chr6:26791233-28017819;EUR:chr6:28017819-28917608	EUR:chr6:26791233-28017819;EUR:chr6:28017819-28917608	1	0
ZSCAN26		EUR:chr6:28017819-28917608	True	3	EUR:chr6:26791233-28017819;EUR:chr6:28017819-28917608;EUR:chr6:28917608-29737971	18	EUR:chr6:26791233-28017819;EUR:chr6:28017819-28917608;EUR:chr6:28917608-29737971	EUR:chr6:26791233-28017819;EUR:chr6:28017819-28917608	EUR:chr6:26791233-28017819;EUR:chr6:28017819-28917608	1	0
ZSCAN31	EUR:chr6:28017819-28917608	EUR:chr6:28017819-28917608	True	3	EUR:chr6:26791233-28017819;EUR:chr6:28017819-28917608;EUR:chr6:28917608-29737971	18	EUR:chr6:26791233-28017819;EUR:chr6:28017819-28917608;EUR:chr6:28917608-29737971	EUR:chr6:26791233-28017819;EUR:chr6:28017819-28917608	EUR:chr6:26791233-28017819;EUR:chr6:28017819-28917608	1	0
ZSCAN9	EUR:chr6:28017819-28917608	EUR:chr6:28017819-28917608	True	3	EUR:chr6:26791233-28017819;EUR:chr6:28017819-28917608;EUR:chr6:28917608-29737971	18	EUR:chr6:26791233-28017819;EUR:chr6:28017819-28917608;EUR:chr6:28917608-29737971	EUR:chr6:26791233-28017819;EUR:chr6:28017819-28917608	EUR:chr6:26791233-28017819;EUR:chr6:28017819-28917608	1	0
