branch	ancestry	model	pairs	n	estimate	mean_fitted_covariate_difference	mean_fitted_SNP_component_difference	matching_gate
boundary	EUR	M0	148	296	0.7516870341936841	0	0	FAILED_not_reclassified
boundary	EUR	M2	148	296	0.7852184386406047	-0.033531404446921542	-0.032662389509058809	FAILED_not_reclassified
boundary	EUR	M3	148	296	0.78781787412145377	-0.036130839927772218	-0.042793330096957405	FAILED_not_reclassified
boundary	EAS	M0	148	296	0.0040054867439870438	0	0	FAILED_not_reclassified
boundary	EAS	M2	148	296	0.0020476805281399112	0.0019578062158468468	7.3048640315921199e-05	FAILED_not_reclassified
boundary	EAS	M3	148	296	-0.10885482715855702	0.11286031390254814	0.11337666198376795	FAILED_not_reclassified
neutral	EUR	M0	149	298	0.76292702017242164	0	0	FAILED_not_reclassified
neutral	EUR	M2	149	298	0.80144715590218207	-0.038520135729760485	-0.037591628938390353	FAILED_not_reclassified
neutral	EUR	M3	149	298	0.78234842321694131	-0.019421403044536767	-0.02575194864996444	FAILED_not_reclassified
neutral	EAS	M0	149	298	0.015295061566842565	0	0	FAILED_not_reclassified
neutral	EAS	M2	149	298	0.012895100884308749	0.0023999606825341191	0.00038369856416354165	FAILED_not_reclassified
neutral	EAS	M3	149	298	-0.10243112867546292	0.11772619024228925	0.11743123041180348	FAILED_not_reclassified
