block	n_removed	high_removed	estimate	delta	valid
ASN:chr10:100365649-102471756	20	0	0.20680944057995523	-0.010119878930183096	True
ASN:chr10:102471756-106139565	9	0	0.21155409878215464	-0.0053752207279836872	True
ASN:chr10:112170486-115752990	5	0	0.20809327998681423	-0.0088360395233240963	True
ASN:chr10:16679279-18537267	10	0	0.19648179411532909	-0.020447525394809235	True
ASN:chr10:18537267-20311057	2	0	0.21257445664039148	-0.004354862869746845	True
ASN:chr10:62085190-64198067	2	0	0.22003830752504186	0.0031089880149035298	True
ASN:chr10:64198067-66313715	5	0	0.22355189775881548	0.0066225782486771523	True
ASN:chr10:68757629-71054709	15	0	0.20063228778704453	-0.016297031723093797	True
ASN:chr10:71054709-72673145	10	0	0.18806206510250911	-0.028867254407629217	True
ASN:chr10:73730459-75699350	1	0	0.21670089613543586	-0.00022842337470246887	True
ASN:chr10:79466701-80464093	2	0	0.21683737102031767	-9.1948489820664614e-05	True
ASN:chr10:89149284-90787308	1	0	0.2171083814608443	0.00017906195070596653	True
ASN:chr10:92107336-95362627	9	0	0.21961267274705243	0.0026833532369140989	True
ASN:chr10:95362627-97064851	4	0	0.21782455498877548	0.00089523547863715192	True
ASN:chr10:97064851-100365649	2	0	0.2169340113937086	4.6918835702736139e-06	True
ASN:chr11:116383543-117901740	4	0	0.21335785833088433	-0.0035714611792539985	True
ASN:chr11:117901740-118900987	21	0	0.21646764921192693	-0.00046167029821139738	True
ASN:chr11:118900987-120771784	18	0	0.24586264022085408	0.028933320710715749	True
ASN:chr11:124496119-126773879	17	0	0.21599102389019334	-0.00093829561994498989	True
ASN:chr11:128188777-130049774	12	0	0.21590888218504553	-0.0010204373250927989	True
ASN:chr11:130049774-131429519	3	0	0.21708204983987353	0.00015273032973520118	True
ASN:chr11:2739889-4466102	16	0	0.21359113315561429	-0.003338186354524042	True
ASN:chr11:70855-2739889	13	0	0.20432219830698381	-0.01260712120315452	True
ASN:chr11:90954609-92731401	1	0	0.21742346944817706	0.00049414993803872931	True
ASN:chr11:92731401-94987750	13	0	0.21612783142136879	-0.00080148808876953637	True
ASN:chr12:109270450-113028429	25	23	0.15957683218400281	-0.057352487326135515	True
ASN:chr12:113028429-114181109	11	0	0.21684613449229093	-8.3185017847403619e-05	True
ASN:chr12:119859279-122015993	28	5	0.20339588035033235	-0.013533439159805982	True
ASN:chr12:122015993-124721969	9	8	0.22769950434288044	0.010770184832742113	True
ASN:chr12:20523761-21757656	7	0	0.20406273498657543	-0.012866584523562902	True
ASN:chr12:21757656-24562053	6	0	0.2098036721637597	-0.007125647346378633	True
ASN:chr12:61107-1739022	10	0	0.21673770614557927	-0.00019161336455905675	True
ASN:chr13:30625939-32301388	5	0	0.21508686141021882	-0.0018424580999195084	True
ASN:chr13:32301388-34095663	1	0	0.21697158874443231	4.2269234293984548e-05	True
ASN:chr14:101357468-103390025	8	0	0.21673880637206785	-0.00019051313807047499	True
ASN:chr14:103390025-105001894	13	0	0.21638848238655334	-0.00054083712358499181	True
ASN:chr14:35858508-40256601	5	0	0.21649358044941541	-0.00043573906072291724	True
ASN:chr14:78561980-81000021	1	0	0.21749550353071734	0.00056618402057900807	True
ASN:chr14:81000021-83137833	3	0	0.22165491141547233	0.0047255919053340034	True
ASN:chr14:92916399-94325285	7	1	0.22297859782278323	0.0060492783126449012	True
ASN:chr14:94325285-95947052	19	19	0.18742786993428801	-0.029501449575850325	True
ASN:chr15:58828306-59909705	1	0	0.2168683683428432	-6.095116729512573e-05	True
ASN:chr15:59909705-61292486	4	0	0.21733784594108049	0.00040852643094216323	True
ASN:chr16:10868121-12612116	5	0	0.21578467193668957	-0.0011446475734487593	True
ASN:chr16:51214363-54450244	5	0	0.20771504229265797	-0.00921427721748036	True
ASN:chr16:56907578-58867358	15	0	0.21631323382972961	-0.00061608568040871781	True
ASN:chr16:84445738-85374253	2	0	0.21627155967869363	-0.00065775983144469863	True
ASN:chr16:85374253-86981136	3	0	0.21698768051381737	5.8361003679036072e-05	True
ASN:chr16:8961640-10868121	1	0	0.21687951220716933	-4.9807302968996048e-05	True
ASN:chr17:14215665-15280576	1	0	0.2178748884103249	0.00094556890018657191	True
ASN:chr17:36495389-38649589	33	0	0.16046799581727464	-0.056461323692863691	True
ASN:chr17:38649589-39900528	13	0	0.22941713343707576	0.01248781392693743	True
ASN:chr17:64800166-67858770	17	0	0.23775496653202446	0.020825647021886134	True
ASN:chr18:54958664-57377707	12	0	0.21240717500765505	-0.0045221445024832829	True
ASN:chr19:12500149-15648148	19	0	0.21644476139058424	-0.0004845581195540849	True
ASN:chr19:15648148-16749208	23	0	0.21696826818620962	3.8948676071293153e-05	True
ASN:chr19:16749208-20221313	80	51	0.30282376499020658	0.085894445480068249	True
ASN:chr19:20221313-21822864	3	1	0.21900826267806744	0.0020789431679291148	True
ASN:chr19:43862455-45579043	15	0	0.22046266086558594	0.0035333413554476112	True
ASN:chr19:45579043-47334409	39	0	0.2043680454298461	-0.012561274080292228	True
ASN:chr19:47334409-49093112	20	20	0.21607358960920373	-0.00085572990093460422	True
ASN:chr19:49093112-51334271	60	58	0.23719181402312006	0.020262494512981732	True
ASN:chr19:52985347-54734184	17	0	0.18007185609614812	-0.03685746341399021	True
ASN:chr19:54734184-55660892	1	0	0.21496031080205988	-0.0019690087080784513	True
ASN:chr1:14893157-17875820	34	0	0.23625564446078207	0.019326324950643736	True
ASN:chr1:153397055-156616039	58	22	0.20180666914049369	-0.015122650369644636	True
ASN:chr1:156616039-157982579	3	0	0.21648842084412295	-0.00044089866601537686	True
ASN:chr1:157982579-159953315	25	0	0.21370733106165293	-0.0032219884484853967	True
ASN:chr1:159953315-162888864	41	0	0.22436335579815953	0.0074340362880211952	True
ASN:chr1:164954020-168175845	3	0	0.22024556867148001	0.0033162491613416833	True
ASN:chr1:168175845-170169621	2	0	0.21916493633126066	0.0022356168211223326	True
ASN:chr1:20304720-22145806	14	0	0.23399415271401389	0.017064833203875557	True
ASN:chr1:220125116-221151629	6	6	0.24010129005672548	0.023171970546587151	True
ASN:chr1:221151629-223654495	1	1	0.21332984774789079	-0.0035994717622475358	True
ASN:chr1:22145806-23916165	9	0	0.22438320180270135	0.0074538822925630244	True
ASN:chr1:65041376-66774011	5	0	0.22070375095700703	0.0037744314468687035	True
ASN:chr1:66774011-68477862	10	0	0.20550299828693153	-0.011426321223206803	True
ASN:chr1:68477862-69687902	2	0	0.21416531450874812	-0.0027640050013902073	True
ASN:chr1:83991644-86012417	6	0	0.21025980545962561	-0.0066695140505127204	True
ASN:chr22:16050408-17581547	2	0	0.21331326084664817	-0.003616058663490157	True
ASN:chr22:17581547-18557031	6	0	0.21204153421825225	-0.0048877852918860765	True
ASN:chr22:18557031-19912242	11	0	0.20898404687388228	-0.0079452726362560511	True
ASN:chr22:23398337-25209349	24	0	0.15595206538049877	-0.060977254129639558	True
ASN:chr22:25209349-26524344	3	0	0.21763955830199089	0.00071023879185255767	True
ASN:chr22:34860926-36453608	9	0	0.22457681022796971	0.0076474907178313845	True
ASN:chr22:36453608-37977990	25	0	0.20869277641792966	-0.0082365430922086702	True
ASN:chr22:37977990-40527060	47	0	0.22288454063772439	0.0059552211275860634	True
ASN:chr22:42690818-44994946	11	11	0.16228635066032332	-0.05464296884981501	True
ASN:chr22:44994946-46915049	4	4	0.19651263209010783	-0.020416687420030499	True
ASN:chr2:232191250-233550713	9	0	0.2177752369943475	0.00084591748420917434	True
ASN:chr2:233550713-234883167	19	0	0.2356607307498432	0.01873141123970487	True
ASN:chr2:234883167-236066960	3	0	0.22126682613767482	0.004337506627536486	True
ASN:chr2:26209579-29456860	39	39	0.2607112565252423	0.043781937015103967	True
ASN:chr2:42336744-44322128	11	0	0.21329485749332522	-0.0036344620168131114	True
ASN:chr3:11019488-12860229	11	0	0.21750770392187749	0.00057838441173915789	True
ASN:chr3:116898042-118903462	2	0	0.21773005297848089	0.0008007334683425571	True
ASN:chr3:118903462-120523073	15	0	0.22438119379528601	0.0074518742851476805	True
ASN:chr3:12860229-14816750	1	0	0.21667604333276141	-0.00025327617737691543	True
ASN:chr3:135268752-137727495	7	0	0.21820826248596728	0.0012789429758289506	True
ASN:chr3:159155377-161620009	7	0	0.21087808551449438	-0.0060512339956439454	True
ASN:chr3:168270619-172048457	1	0	0.21709522145868537	0.00016590194854704254	True
ASN:chr3:172048457-175051223	4	0	0.21708017033814683	0.00015085082800850302	True
ASN:chr3:184112682-186230742	1	0	0.21722865507789152	0.00029933556775318948	True
ASN:chr3:186230742-188951597	13	0	0.21603817419047627	-0.00089114531966205668	True
ASN:chr3:35283408-38353505	16	0	0.21865120963060938	0.0017218901204710535	True
ASN:chr3:47793553-51831792	25	0	0.20286115177501227	-0.014068167735126064	True
ASN:chr3:56847831-59704331	16	0	0.20017485418697173	-0.016754465323166601	True
ASN:chr4:101711689-102707193	2	1	0.22072755329771881	0.003798233787580485	True
ASN:chr4:102707193-105305539	8	2	0.22298024576962494	0.0060509262594866109	True
ASN:chr4:105305539-107501341	3	0	0.21641084860371854	-0.00051847090641979343	True
ASN:chr4:145025810-148834277	10	3	0.2226247457488699	0.0056954262387315657	True
ASN:chr4:77718852-78969420	5	0	0.21558940502493967	-0.0013399144851986566	True
ASN:chr4:78969420-80322665	1	0	0.2168136085802353	-0.00011571092990303455	True
ASN:chr4:84922154-87214993	1	0	0.21751737631589371	0.00058805680575538255	True
ASN:chr4:87214993-89236855	16	15	0.28900798593220989	0.072078666422071558	True
ASN:chr4:99040831-101711689	14	0	0.26513012859699175	0.048200809086853424	True
ASN:chr5:13611631-17400372	1	0	0.21529987287700883	-0.0016294466331294999	True
ASN:chr5:29594524-31391126	1	0	0.21691226491590848	-1.7054594229848341e-05	True
ASN:chr5:31391126-33500818	2	0	0.21713014687715793	0.00020082736701959591	True
ASN:chr5:67851517-71419711	1	0	0.21631065038900887	-0.00061866912112945593	True
ASN:chr5:71419711-73759199	10	0	0.21578614191611675	-0.0011431775940215771	True
ASN:chr6:23199920-24397129	3	2	0.21882851492170782	0.0018991954115694931	True
ASN:chr6:24397129-26141757	15	15	0.25119632363438799	0.034267004124249656	True
ASN:chr6:26141757-26697553	8	8	0.20560748909049995	-0.011321830419638385	True
ASN:chr6:26697553-28901402	17	17	0.21042089162022043	-0.0065084278899179004	True
ASN:chr6:28901402-29688046	17	17	0.23901491756142723	0.022085598051288902	True
ASN:chr6:29688046-30458591	7	7	0.22537449911637883	0.0084451796062404993	True
ASN:chr6:30458591-31054923	5	1	0.21159694318388705	-0.0053323763262512758	True
ASN:chr6:31571894-32682590	20	17	0.17543845917012327	-0.041490860340015062	True
ASN:chr6:32682590-33209310	15	15	0.17432688906036742	-0.042602430449770912	True
ASN:chr6:33209310-35757007	22	18	0.11801426576687454	-0.098915053743263787	True
ASN:chr7:126869221-129589868	19	0	0.24672727070235895	0.029797951192220618	True
ASN:chr7:129589868-131635483	3	0	0.21630125130027586	-0.00062806820986247014	True
ASN:chr7:63624322-67371495	7	0	0.21547528638912133	-0.0014540331210169954	True
ASN:chr8:123780420-126401023	7	7	0.20721514209492883	-0.0097141774152094962	True
ASN:chr8:57212083-59047312	1	0	0.2177172250748729	0.00078790556473457007	True
ASN:chr8:59047312-60470380	4	0	0.21771591172213892	0.00078659221200058638	True
ASN:chr8:7153079-9099581	1	0	0.21689394710858134	-3.5372401556987842e-05	True
ASN:chr8:79751440-82016264	4	0	0.21523349630796892	-0.0016958232021694053	True
ASN:chr8:82016264-83727741	8	0	0.21389945582316863	-0.0030298636869696971	True
ASN:chr9:110368474-112864469	2	0	0.21739164074501577	0.00046232123487743859	True
ASN:chr9:112864469-116400502	6	0	0.22121341690290092	0.0042840973927625869	True
ASN:chr9:116400502-119530000	11	0	0.23305352890625236	0.016124209396114031	True
ASN:chr9:122117725-124681439	2	0	0.2180830674441363	0.0011537479339979728	True
ASN:chr9:130597604-132047808	9	0	0.22993817277043013	0.013008853260291803	True
ASN:chr9:132047808-133641809	12	0	0.23535815967109738	0.018428840160959054	True
ASN:chr9:134722557-136612240	25	25	0.36745075370022851	0.15052143419009018	True
ASN:chr9:136612240-138198537	4	3	0.23603425192605282	0.019104932415914488	True
