branch	ancestry	scope	model	n_old	high_n_old	blocks_old	estimate_old	cluster_se_old	ci_low_old	ci_high_old	p_pointwise_old	condition_number_old	bootstrap_valid_old	bootstrap_ci_low_old	bootstrap_ci_high_old	interpretation_old	n_new	high_n_new	blocks_new	estimate_new	cluster_se_new	ci_low_new	ci_high_new	p_pointwise_new	condition_number_new	bootstrap_valid_new	bootstrap_ci_low_new	bootstrap_ci_high_new	interpretation_new
boundary	EUR	overall	overall_unadjusted	15593	513	1539	0.14106726344626799	0.071205273641513467	0.0013975767925689664	0.28073695009996702	0.04775398944516137	2.4172412589795509	0			post_result_conditional_association_not_selection_adjusted	15593	513	1539	0.14108913835766559	0.071205173316059148	0.0014196484931094655	0.28075862822222175	0.047719207714243025	2.4172412589795509	0			post_result_conditional_association_not_selection_adjusted
boundary	EUR	overall	overall_X_adjusted	15593	513	1539	0.13149329233392279	0.071028999214083455	-0.0078306306876025633	0.27081721535544812	0.064323446496158621	2.5674196054507625	0			post_result_conditional_association_not_selection_adjusted	15593	513	1539	0.13151419483302726	0.07102886947003427	-0.007809473694557284	0.27083786336061177	0.064280629210442544	2.5674196054507625	0			post_result_conditional_association_not_selection_adjusted
boundary	EUR	support	M0	1652	443	169	0.8970453861220965	0.33927821673936931	0.22724735495958581	1.5668434172846073	0.0089698315619557503	2.4553872909379097	0			post_result_conditional_association_not_selection_adjusted	1652	443	169	0.89704900745087812	0.33927820633703176	0.22725099682450811	1.5668470180772482	0.0089695581811427179	2.4553872909379097	0			post_result_conditional_association_not_selection_adjusted
boundary	EUR	support	M1	1652	443	169	0.60066185301089936	0.35693731177111793	-0.10399850205218497	1.3053222080739837	0.094267127644102	6.7115946460743148	0			post_result_conditional_association_not_selection_adjusted	1652	443	169	0.6006676713177006	0.35693744369088209	-0.1039929441794285	1.3053282868148297	0.094264085664023431	6.7115946460743148	0			post_result_conditional_association_not_selection_adjusted
boundary	EUR	support	M2	1652	443	169	0.6918393282910531	0.35269711774091561	-0.0044500985100547341	1.3881287550921608	0.051465397602969726	6.7686589149313354	1000	0.063367723274284915	1.4038343934755173	post_result_conditional_association_not_selection_adjusted	1652	443	169	0.69184560935043349	0.35269721925254743	-0.0044440178534346231	1.3881352365543016	0.051463370360154075	6.7686589149313381	1000	0.063373982352686611	1.4038416729408276	post_result_conditional_association_not_selection_adjusted
boundary	EUR	support	M3	1652	443	169	0.645208498902343	0.32843270609199449	-0.0031784857497927366	1.2935954835544787	0.051120786064304195	135.49604425579361	1000	0.03100839055469351	1.3478115432825093	post_result_conditional_association_not_selection_adjusted	1652	443	169	0.64521545628579047	0.32843276627239015	-0.0031716471735911966	1.2936025597451721	0.051118351865521966	135.49604425579327	1000	0.031013954722941748	1.3478220676532418	post_result_conditional_association_not_selection_adjusted
boundary	EUR	S4	M3	749	33	94	0.52188021784339833	0.69474225080262586	-0.85774020430315723	1.9015006399899539	0.4544377505088304	2117.5333208306492	0			post_result_conditional_association_not_selection_adjusted	749	33	94	0.52188224061536514	0.6947394646339341	-0.85773264875234712	1.9014971299830774	0.45443420304106796	2117.5333208305792	0			post_result_conditional_association_not_selection_adjusted
boundary	EUR	S5	M3	903	410	91	0.72638859532029665	0.34184645465512231	0.047250947027120183	1.405526243613473	0.036335882434903044	2725.2889356070295	0			post_result_conditional_association_not_selection_adjusted	903	410	91	0.72639348032117856	0.34184679958580722	0.04725514676299214	1.4055318138793651	0.036334840425924407	2725.2889356067362	0			post_result_conditional_association_not_selection_adjusted
boundary	EUR	exclude_B7plus	M3	1606	397	168	0.48256714817616797	0.31211056497058959	-0.13362367562511501	1.098757971977451	0.12396327262293738	131.68144139898703	0			post_result_conditional_association_not_selection_adjusted	1606	397	168	0.48257402444369796	0.31211054610990246	-0.13361676212147827	1.0987648110088741	0.12395793120565361	131.68144139898681	0			post_result_conditional_association_not_selection_adjusted
boundary	EUR	EUR_EAS_common	M3	1652	443	169	0.645208498902343	0.32843270609199449	-0.0031784857497927366	1.2935954835544787	0.051120786064304195	135.49604425579361	0			post_result_conditional_association_not_selection_adjusted	1652	443	169	0.64521545628579047	0.32843276627239015	-0.0031716471735911966	1.2936025597451721	0.051118351865521966	135.49604425579327	0			post_result_conditional_association_not_selection_adjusted
boundary	EUR	equal_block_weight	M3	1652	443	169	1.1875193587740538	0.22819211404092274	0.73702586650003132	1.6380128510480763	5.6302223208198741e-07	135.49604425579361	0			post_result_conditional_association_not_selection_adjusted	1652	443	169	1.1875243400462747	0.22819155551034359	0.73703195041505043	1.638016729677499	5.6293203158971321e-07	135.49604425579327	0			post_result_conditional_association_not_selection_adjusted
boundary	EUR	FAILED_match_diagnostic	M0	296	148	69	0.75168339473889401	0.41375122142000154	-0.073944312945869006	1.577311102423657	0.073662131505456446	2.6180339887498958	0			post_result_conditional_association_not_selection_adjusted	296	148	69	0.7516870341936841	0.41375168361094516	-0.073941595778747371	1.5773156641661155	0.073661083005738828	2.6180339887498958	0			post_result_conditional_association_not_selection_adjusted
boundary	EUR	FAILED_match_diagnostic	M2	296	148	69	0.78521490795949345	0.36739172854988172	0.052096127973897843	1.518333687945089	0.036175258305272254	9.715776434689781	0			post_result_conditional_association_not_selection_adjusted	296	148	69	0.7852184386406047	0.36739245623954864	0.052098206572886996	1.5183386707083224	0.036174804640328233	9.7157764346897793	0			post_result_conditional_association_not_selection_adjusted
boundary	EUR	FAILED_match_diagnostic	M3	296	148	69	0.7878165676353911	0.33243953619101113	0.1244438015872813	1.4511893336835009	0.020641326859586813	259.53055145100194	0			post_result_conditional_association_not_selection_adjusted	296	148	69	0.78781787412145377	0.33243996615986748	0.12444425008384963	1.4511914981590579	0.020641282359982048	259.53055145100234	0			post_result_conditional_association_not_selection_adjusted
boundary	EAS	overall	overall_unadjusted	15551	479	1334	0.24851570106039386	0.065234787023635721	0.12054166928223273	0.37648973283855502	0.00014555217636405288	2.4177032837570636	0			post_result_conditional_association_not_selection_adjusted	15551	479	1334	0.24851764778682578	0.065234546861869344	0.12054408714486245	0.37649120842878914	0.00014552663523648203	2.4177032837570636	0			post_result_conditional_association_not_selection_adjusted
boundary	EAS	overall	overall_X_adjusted	15551	479	1334	0.23404214234956996	0.063956428520970499	0.1085759242565319	0.35950836044260803	0.00026267452246374773	2.5774914051133844	0			post_result_conditional_association_not_selection_adjusted	15551	479	1334	0.23404432407730949	0.063956128086943467	0.1085786953592886	0.35950995279533038	0.00026262247074594001	2.5774914051133835	0			post_result_conditional_association_not_selection_adjusted
boundary	EAS	support	M0	1652	443	148	0.37573522459746023	0.24230155371103329	-0.10310917664077179	0.85457962583569225	0.12312564739786819	2.4553872909379097	0			post_result_conditional_association_not_selection_adjusted	1652	443	148	0.37573554231527223	0.24230109279174747	-0.10310794803891443	0.85457903266945889	0.1231246258527318	2.4553872909379097	0			post_result_conditional_association_not_selection_adjusted
boundary	EAS	support	M1	1652	443	148	0.35518440542525936	0.22311039673806282	-0.085733792166955647	0.79610260301747438	0.11354023566741513	6.7115946460743148	0			post_result_conditional_association_not_selection_adjusted	1652	443	148	0.35518419304347854	0.22310993176987645	-0.085733085663119046	0.79610147175007606	0.11353970377118167	6.7115946460743148	0			post_result_conditional_association_not_selection_adjusted
boundary	EAS	support	M2	1652	443	148	0.25571203374665608	0.22404978291357663	-0.18706261009551506	0.69848667758882721	0.25559348832357742	6.7686589149313354	1000	-0.19665032151746265	0.79125825505323688	post_result_conditional_association_not_selection_adjusted	1652	443	148	0.25571097561176953	0.22404931308660581	-0.18706273974269244	0.69848469096623145	0.25559445421703425	6.7686589149313381	1000	-0.19664953569911378	0.79125456686242046	post_result_conditional_association_not_selection_adjusted
boundary	EAS	support	M3	1652	443	148	0.20013151384289884	0.24880777429879966	-0.29157069723582774	0.69183372492162543	0.42248688668514389	135.49604425579361	1000	-0.3014645397394759	0.75003040046326619	post_result_conditional_association_not_selection_adjusted	1652	443	148	0.20013131471589335	0.2488074046317032	-0.29157016581440398	0.69183279524619068	0.42248665949209407	135.49604425579327	1000	-0.30146145947870862	0.75002881454807879	post_result_conditional_association_not_selection_adjusted
boundary	EAS	S4	M3	749	33	91	-0.032726025249074912	0.20883228008185425	-0.44760779936481326	0.38215574886666343	0.87582471882982449	2117.5333208306492	0			post_result_conditional_association_not_selection_adjusted	749	33	91	-0.032726183574870005	0.20883197263353367	-0.44760734689085729	0.38215497974111728	0.87582394172794675	2117.5333208305792	0			post_result_conditional_association_not_selection_adjusted
boundary	EAS	S5	M3	903	410	76	0.18344536314987317	0.29561753072351077	-0.40545495656525654	0.77234568286500282	0.53677714917949348	2725.2889356070295	0			post_result_conditional_association_not_selection_adjusted	903	410	76	0.18344401010401373	0.29561728533422399	-0.40545582077058911	0.77234384097861652	0.53677980809945536	2725.2889356067362	0			post_result_conditional_association_not_selection_adjusted
boundary	EAS	exclude_B7plus	M3	1606	397	148	0.23865627979519194	0.26374352162847503	-0.28256245264952312	0.75987501223990694	0.36700952357018346	131.68144139898703	0			post_result_conditional_association_not_selection_adjusted	1606	397	148	0.2386556955358986	0.26374319800021295	-0.28256239734386523	0.75987378841566244	0.36701010703790493	131.68144139898681	0			post_result_conditional_association_not_selection_adjusted
boundary	EAS	EUR_EAS_common	M3	1652	443	148	0.20013151384289884	0.24880777429879966	-0.29157069723582774	0.69183372492162543	0.42248688668514389	135.49604425579361	0			post_result_conditional_association_not_selection_adjusted	1652	443	148	0.20013131471589335	0.2488074046317032	-0.29157016581440398	0.69183279524619068	0.42248665949209407	135.49604425579327	0			post_result_conditional_association_not_selection_adjusted
boundary	EAS	equal_block_weight	M3	1652	443	148	0.29789855843977842	0.23041379741308063	-0.15745286283453702	0.75324997971409391	0.19807911557340205	135.49604425579361	0			post_result_conditional_association_not_selection_adjusted	1652	443	148	0.2978976792754201	0.23041364003910073	-0.1574534309911943	0.75324878954203456	0.19808012730828636	135.49604425579327	0			post_result_conditional_association_not_selection_adjusted
boundary	EAS	FAILED_match_diagnostic	M0	296	148	64	0.0040045586950616004	0.27370168862159255	-0.54294462223385465	0.55095373962397776	0.98837271844170749	2.6180339887498958	0			post_result_conditional_association_not_selection_adjusted	296	148	64	0.0040054867439870438	0.2737013967449653	-0.54294311091603153	0.55095408440400562	0.98837001163515614	2.6180339887498958	0			post_result_conditional_association_not_selection_adjusted
boundary	EAS	FAILED_match_diagnostic	M2	296	148	64	0.0020468073236736195	0.27222382877151741	-0.54194910635067384	0.54604272099802098	0.99402464915134614	9.715776434689781	0			post_result_conditional_association_not_selection_adjusted	296	148	64	0.0020476805281399112	0.27222359221687709	-0.54194776042947923	0.54604312148575895	0.99402209481453241	9.7157764346897793	0			post_result_conditional_association_not_selection_adjusted
boundary	EAS	FAILED_match_diagnostic	M3	296	148	64	-0.10885545937884149	0.27502864177990083	-0.65845634460203095	0.440745425844348	0.69359215009319342	259.53055145100194	0			post_result_conditional_association_not_selection_adjusted	296	148	64	-0.10885482715855702	0.27502845467586767	-0.65845533848417137	0.44074568416705739	0.69359363975500543	259.53055145100234	0			post_result_conditional_association_not_selection_adjusted
neutral	EUR	overall	overall_unadjusted	15593	512	1539	0.14009996861280508	0.071652731135191217	-0.00044740932324840998	0.28064734654885859	0.050732859009445457	2.417262666099854	0			post_result_conditional_association_not_selection_adjusted	15593	512	1539	0.14011989784390549	0.071652641829834302	-0.00042730491901010748	0.2806671006068211	0.050699736549428345	2.417262666099854	0			post_result_conditional_association_not_selection_adjusted
neutral	EUR	overall	overall_X_adjusted	15593	512	1539	0.13252419829830342	0.071528256210996996	-0.0077790211257559028	0.27282741772236274	0.064109206895017923	2.5669445283598384	0			post_result_conditional_association_not_selection_adjusted	15593	512	1539	0.13254310754772627	0.071528134314760405	-0.0077598727759364272	0.27284608787138898	0.064070830680321128	2.5669445283598384	0			post_result_conditional_association_not_selection_adjusted
neutral	EUR	support	M0	1652	442	169	0.90350606188714422	0.33608629407922919	0.24000947717153942	1.5670026466027491	0.0079046094257780777	2.4562079312218317	0			post_result_conditional_association_not_selection_adjusted	1652	442	169	0.90351031396952108	0.33608639515747091	0.24001352970674827	1.5670070982322939	0.0079043408315485949	2.4562079312218317	0			post_result_conditional_association_not_selection_adjusted
neutral	EUR	support	M1	1652	442	169	0.61706043104021835	0.35583745023346292	-0.085428593662925323	1.319549455743362	0.084733362743060051	6.7096797977818721	0			post_result_conditional_association_not_selection_adjusted	1652	442	169	0.61706570633459068	0.35583762956492132	-0.0854236724020625	1.3195550850712439	0.084730880587309557	6.7096797977818765	0			post_result_conditional_association_not_selection_adjusted
neutral	EUR	support	M2	1652	442	169	0.71102396567559334	0.35193989539755288	0.016229436011150788	1.4058184953400359	0.044940898719270074	6.7666024235012978	1000	0.09722207085166816	1.4302902016679129	post_result_conditional_association_not_selection_adjusted	1652	442	169	0.71102940477548648	0.35194005352623708	0.016234562935737329	1.4058242466152358	0.04493937421002546	6.7666024235012978	1000	0.097226811035626928	1.430296501062003	post_result_conditional_association_not_selection_adjusted
neutral	EUR	support	M3	1652	442	169	0.66907881511134371	0.32781350487031952	0.021914248341373121	1.3162433818813142	0.042812029013388174	135.50069215232179	1000	0.077904878591770602	1.3690185184996142	post_result_conditional_association_not_selection_adjusted	1652	442	169	0.66908449135992154	0.32781366211038354	0.021919614168945056	1.316249368550898	0.042810386298299384	135.50069215232156	1000	0.077908802545456582	1.3690241098448248	post_result_conditional_association_not_selection_adjusted
neutral	EUR	S4	M3	749	33	94	0.49378496200674565	0.68613544586693631	-0.86874405128279708	1.8563139752962883	0.47353838294950679	2117.549185063765	0			post_result_conditional_association_not_selection_adjusted	749	33	94	0.49378744561343846	0.68613378266303637	-0.86873826488278205	1.8563131561096591	0.47353509504972724	2117.5491850637341	0			post_result_conditional_association_not_selection_adjusted
neutral	EUR	S5	M3	903	409	91	0.73999914606247308	0.34247699997156245	0.059608809442365018	1.4203894826825811	0.033372527783154846	2724.4027411998923	0			post_result_conditional_association_not_selection_adjusted	903	409	91	0.74000321763337296	0.34247740513766706	0.059612076080080123	1.4203943591866657	0.033371784157209664	2724.402741200216	0			post_result_conditional_association_not_selection_adjusted
neutral	EUR	exclude_B7plus	M3	1606	396	168	0.50575176356012386	0.31066318556765932	-0.10758154112216156	1.1190850682424092	0.1054154225252132	131.68736548958685	0			post_result_conditional_association_not_selection_adjusted	1606	396	168	0.50575732027614917	0.31066329764328265	-0.10757620567378434	1.1190908462260827	0.10541175049020805	131.68736548958697	0			post_result_conditional_association_not_selection_adjusted
neutral	EUR	EUR_EAS_common	M3	1652	442	169	0.66907881511134371	0.32781350487031952	0.021914248341373121	1.3162433818813142	0.042812029013388174	135.50069215232179	0			post_result_conditional_association_not_selection_adjusted	1652	442	169	0.66908449135992154	0.32781366211038354	0.021919614168945056	1.316249368550898	0.042810386298299384	135.50069215232156	0			post_result_conditional_association_not_selection_adjusted
neutral	EUR	equal_block_weight	M3	1652	442	169	1.2059002723004493	0.22778519395793248	0.75621011562824281	1.6555904289726557	3.701242258150438e-07	135.50069215232179	0			post_result_conditional_association_not_selection_adjusted	1652	442	169	1.2059040161802634	0.22778487326514074	0.75621449261501739	1.6555935397455095	3.7008278063104035e-07	135.50069215232156	0			post_result_conditional_association_not_selection_adjusted
neutral	EUR	FAILED_match_diagnostic	M0	298	149	69	0.76292345059929079	0.4070231077662097	-0.049278515322201732	1.5751254165207833	0.06517164574159369	2.6180339887498949	0			post_result_conditional_association_not_selection_adjusted	298	149	69	0.76292702017242164	0.40702357468173395	-0.049275877464493134	1.5751299178093365	0.065170720236003968	2.6180339887498949	0			post_result_conditional_association_not_selection_adjusted
neutral	EUR	FAILED_match_diagnostic	M2	298	149	69	0.80144371082400079	0.36388221803855147	0.075328050028291127	1.5275593716197104	0.031024951365229966	9.7289570304361561	0			post_result_conditional_association_not_selection_adjusted	298	149	69	0.80144715590218207	0.36388297550785703	0.075329983600006645	1.5275643282043574	0.031024591153558011	9.7289570304361472	0			post_result_conditional_association_not_selection_adjusted
neutral	EUR	FAILED_match_diagnostic	M3	298	149	69	0.78234721572989352	0.33039337177125316	0.12305750721000797	1.4416369242497791	0.020738126042927522	258.38814871879526	0			post_result_conditional_association_not_selection_adjusted	298	149	69	0.78234842321694131	0.33039380398025647	0.12305785223741772	1.4416389941964649	0.020738097263997057	258.3881487187947	0			post_result_conditional_association_not_selection_adjusted
neutral	EAS	overall	overall_unadjusted	15551	478	1334	0.23910042246840343	0.065660555915052876	0.11029114060165643	0.36790970433515047	0.00028147971782845467	2.4177263783136245	0			post_result_conditional_association_not_selection_adjusted	15551	478	1334	0.23910227547418061	0.065660338216573938	0.11029342067638462	0.36791113027197664	0.00028143609393382034	2.4177263783136245	0			post_result_conditional_association_not_selection_adjusted
neutral	EAS	overall	overall_X_adjusted	15551	478	1334	0.22573595548849629	0.064455387968052211	0.099290906083972313	0.35218100489302029	0.00047667325378264133	2.5770555562516155	0			post_result_conditional_association_not_selection_adjusted	15551	478	1334	0.22573804950518675	0.064455111043357993	0.099293543356358621	0.35218255565401491	0.00047658899426512836	2.5770555562516146	0			post_result_conditional_association_not_selection_adjusted
neutral	EAS	support	M0	1652	442	148	0.3897697646386577	0.24475508096358853	-0.093923378880330033	0.87346290815764549	0.11342294891035908	2.4562079312218317	0			post_result_conditional_association_not_selection_adjusted	1652	442	148	0.38976944622149307	0.2447547706097519	-0.093923083965905207	0.87346197640889134	0.1134227875394741	2.4562079312218317	0			post_result_conditional_association_not_selection_adjusted
neutral	EAS	support	M1	1652	442	148	0.37018272730558305	0.22553572734722488	-0.07552848942151541	0.81589394403268156	0.10286289882690955	6.7096797977818721	0			post_result_conditional_association_not_selection_adjusted	1652	442	148	0.37018215688699968	0.22553536617433231	-0.075528346078198194	0.81589265985219761	0.10286287820010231	6.7096797977818765	0			post_result_conditional_association_not_selection_adjusted
neutral	EAS	support	M2	1652	442	148	0.27052281451809268	0.22721306220796475	-0.1785032072309532	0.7195488362671385	0.23572465513385085	6.7666024235012978	1000	-0.1861698474261772	0.818831810083539	post_result_conditional_association_not_selection_adjusted	1652	442	148	0.27052146041318115	0.22721266901822856	-0.17850378430121133	0.71954670512757368	0.23572618185492344	6.7666024235012978	1000	-0.18617044276209219	0.81882968501436326	post_result_conditional_association_not_selection_adjusted
neutral	EAS	support	M3	1652	442	148	0.21692972399951413	0.25195283409106239	-0.28098785899911571	0.71484730699814392	0.3906438650067815	135.50069215232179	1000	-0.2994713179666707	0.77467786772909142	post_result_conditional_association_not_selection_adjusted	1652	442	148	0.21692931951013833	0.2519525596616165	-0.28098772115187959	0.71484636017215619	0.3906442315008104	135.50069215232156	1000	-0.29947158013459629	0.77467500988176685	post_result_conditional_association_not_selection_adjusted
neutral	EAS	S4	M3	749	33	91	-0.0018608156677529422	0.19186066623180437	-0.38302551663294171	0.37930388529743586	0.99228307580239483	2117.549185063765	0			post_result_conditional_association_not_selection_adjusted	749	33	91	-0.0018621415054632365	0.191860727614624	-0.383026964418337	0.37930268140741058	0.99227758011184486	2117.5491850637341	0			post_result_conditional_association_not_selection_adjusted
neutral	EAS	S5	M3	903	409	76	0.19581393840258784	0.3011143762875923	-0.40403665920096632	0.79566453600614206	0.51748715627347885	2724.4027411998923	0			post_result_conditional_association_not_selection_adjusted	903	409	76	0.1958126726232762	0.3011142604209705	-0.40403769416213109	0.79566303940868344	0.51748969534169997	2724.402741200216	0			post_result_conditional_association_not_selection_adjusted
neutral	EAS	exclude_B7plus	M3	1606	396	148	0.25617581593489597	0.26734972913967864	-0.2721696239122095	0.78452125578200138	0.33953275561491802	131.68736548958685	0			post_result_conditional_association_not_selection_adjusted	1606	396	148	0.256175122281594	0.26734946270288695	-0.27216979102424899	0.78452003558743699	0.33953357944675377	131.68736548958697	0			post_result_conditional_association_not_selection_adjusted
neutral	EAS	EUR_EAS_common	M3	1652	442	148	0.21692972399951413	0.25195283409106239	-0.28098785899911571	0.71484730699814392	0.3906438650067815	135.50069215232179	0			post_result_conditional_association_not_selection_adjusted	1652	442	148	0.21692931951013833	0.2519525596616165	-0.28098772115187959	0.71484636017215619	0.3906442315008104	135.50069215232156	0			post_result_conditional_association_not_selection_adjusted
neutral	EAS	equal_block_weight	M3	1652	442	148	0.33671309521017201	0.2321636046730369	-0.12209635345539704	0.79552254387574106	0.14909778138058377	135.50069215232179	0			post_result_conditional_association_not_selection_adjusted	1652	442	148	0.33671098448634845	0.23216351485242662	-0.12209828667273875	0.79552025564543571	0.14910015586358372	135.50069215232156	0			post_result_conditional_association_not_selection_adjusted
neutral	EAS	FAILED_match_diagnostic	M0	298	149	64	0.015294123126901375	0.27394934424022488	-0.53214995806531085	0.56273820431911359	0.9556552787284609	2.6180339887498949	0			post_result_conditional_association_not_selection_adjusted	298	149	64	0.015295061566842565	0.27394921230173358	-0.53214875596733335	0.5627388791010185	0.95565253929279048	2.6180339887498949	0			post_result_conditional_association_not_selection_adjusted
neutral	EAS	FAILED_match_diagnostic	M2	298	149	64	0.012894229884476957	0.27253627280721987	-0.5317260533736835	0.55751451314263745	0.962414245564152	9.7289570304361561	0			post_result_conditional_association_not_selection_adjusted	298	149	64	0.012895100884308749	0.2725361267214147	-0.53172489044466442	0.55751509221328199	0.96241168845324698	9.7289570304361472	0			post_result_conditional_association_not_selection_adjusted
neutral	EAS	FAILED_match_diagnostic	M3	298	149	64	-0.10243169049932103	0.27742086712151415	-0.65681305660950196	0.45194967561085991	0.71319552004254072	258.38814871879526	0			post_result_conditional_association_not_selection_adjusted	298	149	64	-0.10243112867546292	0.27742085551900059	-0.65681247159987066	0.45195021424894488	0.71319701047642359	258.3881487187947	0			post_result_conditional_association_not_selection_adjusted
