branch	ancestry	scope	model	n	high_n	blocks	estimate	cluster_se	ci_low	ci_high	p_pointwise	condition_number	bootstrap_valid	bootstrap_ci_low	bootstrap_ci_high	interpretation
boundary	EUR	overall	overall_unadjusted	15593	513	1539	0.14108913835766559	0.071205173316059148	0.0014196484931094655	0.28075862822222175	0.047719207714243025	2.4172412589795509	0			post_result_conditional_association_not_selection_adjusted
boundary	EUR	overall	overall_X_adjusted	15593	513	1539	0.13151419483302726	0.07102886947003427	-0.007809473694557284	0.27083786336061177	0.064280629210442544	2.5674196054507625	0			post_result_conditional_association_not_selection_adjusted
boundary	EUR	support	M0	1652	443	169	0.89704900745087812	0.33927820633703176	0.22725099682450811	1.5668470180772482	0.0089695581811427179	2.4553872909379097	0			post_result_conditional_association_not_selection_adjusted
boundary	EUR	support	M1	1652	443	169	0.6006676713177006	0.35693744369088209	-0.1039929441794285	1.3053282868148297	0.094264085664023431	6.7115946460743148	0			post_result_conditional_association_not_selection_adjusted
boundary	EUR	support	M2	1652	443	169	0.69184560935043349	0.35269721925254743	-0.0044440178534346231	1.3881352365543016	0.051463370360154075	6.7686589149313381	1000	0.063373982352686611	1.4038416729408276	post_result_conditional_association_not_selection_adjusted
boundary	EUR	support	M3	1652	443	169	0.64521545628579047	0.32843276627239015	-0.0031716471735911966	1.2936025597451721	0.051118351865521966	135.49604425579327	1000	0.031013954722941748	1.3478220676532418	post_result_conditional_association_not_selection_adjusted
boundary	EUR	S4	M3	749	33	94	0.52188224061536514	0.6947394646339341	-0.85773264875234712	1.9014971299830774	0.45443420304106796	2117.5333208305792	0			post_result_conditional_association_not_selection_adjusted
boundary	EUR	S5	M3	903	410	91	0.72639348032117856	0.34184679958580722	0.04725514676299214	1.4055318138793651	0.036334840425924407	2725.2889356067362	0			post_result_conditional_association_not_selection_adjusted
boundary	EUR	exclude_B7plus	M3	1606	397	168	0.48257402444369796	0.31211054610990246	-0.13361676212147827	1.0987648110088741	0.12395793120565361	131.68144139898681	0			post_result_conditional_association_not_selection_adjusted
boundary	EUR	EUR_EAS_common	M3	1652	443	169	0.64521545628579047	0.32843276627239015	-0.0031716471735911966	1.2936025597451721	0.051118351865521966	135.49604425579327	0			post_result_conditional_association_not_selection_adjusted
boundary	EUR	equal_block_weight	M3	1652	443	169	1.1875243400462747	0.22819155551034359	0.73703195041505043	1.638016729677499	5.6293203158971321e-07	135.49604425579327	0			post_result_conditional_association_not_selection_adjusted
boundary	EUR	FAILED_match_diagnostic	M0	296	148	69	0.7516870341936841	0.41375168361094516	-0.073941595778747371	1.5773156641661155	0.073661083005738828	2.6180339887498958	0			post_result_conditional_association_not_selection_adjusted
boundary	EUR	FAILED_match_diagnostic	M2	296	148	69	0.7852184386406047	0.36739245623954864	0.052098206572886996	1.5183386707083224	0.036174804640328233	9.7157764346897793	0			post_result_conditional_association_not_selection_adjusted
boundary	EUR	FAILED_match_diagnostic	M3	296	148	69	0.78781787412145377	0.33243996615986748	0.12444425008384963	1.4511914981590579	0.020641282359982048	259.53055145100234	0			post_result_conditional_association_not_selection_adjusted
boundary	EAS	overall	overall_unadjusted	15551	479	1334	0.24851764778682578	0.065234546861869344	0.12054408714486245	0.37649120842878914	0.00014552663523648203	2.4177032837570636	0			post_result_conditional_association_not_selection_adjusted
boundary	EAS	overall	overall_X_adjusted	15551	479	1334	0.23404432407730949	0.063956128086943467	0.1085786953592886	0.35950995279533038	0.00026262247074594001	2.5774914051133835	0			post_result_conditional_association_not_selection_adjusted
boundary	EAS	support	M0	1652	443	148	0.37573554231527223	0.24230109279174747	-0.10310794803891443	0.85457903266945889	0.1231246258527318	2.4553872909379097	0			post_result_conditional_association_not_selection_adjusted
boundary	EAS	support	M1	1652	443	148	0.35518419304347854	0.22310993176987645	-0.085733085663119046	0.79610147175007606	0.11353970377118167	6.7115946460743148	0			post_result_conditional_association_not_selection_adjusted
boundary	EAS	support	M2	1652	443	148	0.25571097561176953	0.22404931308660581	-0.18706273974269244	0.69848469096623145	0.25559445421703425	6.7686589149313381	1000	-0.19664953569911378	0.79125456686242046	post_result_conditional_association_not_selection_adjusted
boundary	EAS	support	M3	1652	443	148	0.20013131471589335	0.2488074046317032	-0.29157016581440398	0.69183279524619068	0.42248665949209407	135.49604425579327	1000	-0.30146145947870862	0.75002881454807879	post_result_conditional_association_not_selection_adjusted
boundary	EAS	S4	M3	749	33	91	-0.032726183574870005	0.20883197263353367	-0.44760734689085729	0.38215497974111728	0.87582394172794675	2117.5333208305792	0			post_result_conditional_association_not_selection_adjusted
boundary	EAS	S5	M3	903	410	76	0.18344401010401373	0.29561728533422399	-0.40545582077058911	0.77234384097861652	0.53677980809945536	2725.2889356067362	0			post_result_conditional_association_not_selection_adjusted
boundary	EAS	exclude_B7plus	M3	1606	397	148	0.2386556955358986	0.26374319800021295	-0.28256239734386523	0.75987378841566244	0.36701010703790493	131.68144139898681	0			post_result_conditional_association_not_selection_adjusted
boundary	EAS	EUR_EAS_common	M3	1652	443	148	0.20013131471589335	0.2488074046317032	-0.29157016581440398	0.69183279524619068	0.42248665949209407	135.49604425579327	0			post_result_conditional_association_not_selection_adjusted
boundary	EAS	equal_block_weight	M3	1652	443	148	0.2978976792754201	0.23041364003910073	-0.1574534309911943	0.75324878954203456	0.19808012730828636	135.49604425579327	0			post_result_conditional_association_not_selection_adjusted
boundary	EAS	FAILED_match_diagnostic	M0	296	148	64	0.0040054867439870438	0.2737013967449653	-0.54294311091603153	0.55095408440400562	0.98837001163515614	2.6180339887498958	0			post_result_conditional_association_not_selection_adjusted
boundary	EAS	FAILED_match_diagnostic	M2	296	148	64	0.0020476805281399112	0.27222359221687709	-0.54194776042947923	0.54604312148575895	0.99402209481453241	9.7157764346897793	0			post_result_conditional_association_not_selection_adjusted
boundary	EAS	FAILED_match_diagnostic	M3	296	148	64	-0.10885482715855702	0.27502845467586767	-0.65845533848417137	0.44074568416705739	0.69359363975500543	259.53055145100234	0			post_result_conditional_association_not_selection_adjusted
neutral	EUR	overall	overall_unadjusted	15593	512	1539	0.14011989784390549	0.071652641829834302	-0.00042730491901010748	0.2806671006068211	0.050699736549428345	2.417262666099854	0			post_result_conditional_association_not_selection_adjusted
neutral	EUR	overall	overall_X_adjusted	15593	512	1539	0.13254310754772627	0.071528134314760405	-0.0077598727759364272	0.27284608787138898	0.064070830680321128	2.5669445283598384	0			post_result_conditional_association_not_selection_adjusted
neutral	EUR	support	M0	1652	442	169	0.90351031396952108	0.33608639515747091	0.24001352970674827	1.5670070982322939	0.0079043408315485949	2.4562079312218317	0			post_result_conditional_association_not_selection_adjusted
neutral	EUR	support	M1	1652	442	169	0.61706570633459068	0.35583762956492132	-0.0854236724020625	1.3195550850712439	0.084730880587309557	6.7096797977818765	0			post_result_conditional_association_not_selection_adjusted
neutral	EUR	support	M2	1652	442	169	0.71102940477548648	0.35194005352623708	0.016234562935737329	1.4058242466152358	0.04493937421002546	6.7666024235012978	1000	0.097226811035626928	1.430296501062003	post_result_conditional_association_not_selection_adjusted
neutral	EUR	support	M3	1652	442	169	0.66908449135992154	0.32781366211038354	0.021919614168945056	1.316249368550898	0.042810386298299384	135.50069215232156	1000	0.077908802545456582	1.3690241098448248	post_result_conditional_association_not_selection_adjusted
neutral	EUR	S4	M3	749	33	94	0.49378744561343846	0.68613378266303637	-0.86873826488278205	1.8563131561096591	0.47353509504972724	2117.5491850637341	0			post_result_conditional_association_not_selection_adjusted
neutral	EUR	S5	M3	903	409	91	0.74000321763337296	0.34247740513766706	0.059612076080080123	1.4203943591866657	0.033371784157209664	2724.402741200216	0			post_result_conditional_association_not_selection_adjusted
neutral	EUR	exclude_B7plus	M3	1606	396	168	0.50575732027614917	0.31066329764328265	-0.10757620567378434	1.1190908462260827	0.10541175049020805	131.68736548958697	0			post_result_conditional_association_not_selection_adjusted
neutral	EUR	EUR_EAS_common	M3	1652	442	169	0.66908449135992154	0.32781366211038354	0.021919614168945056	1.316249368550898	0.042810386298299384	135.50069215232156	0			post_result_conditional_association_not_selection_adjusted
neutral	EUR	equal_block_weight	M3	1652	442	169	1.2059040161802634	0.22778487326514074	0.75621449261501739	1.6555935397455095	3.7008278063104035e-07	135.50069215232156	0			post_result_conditional_association_not_selection_adjusted
neutral	EUR	FAILED_match_diagnostic	M0	298	149	69	0.76292702017242164	0.40702357468173395	-0.049275877464493134	1.5751299178093365	0.065170720236003968	2.6180339887498949	0			post_result_conditional_association_not_selection_adjusted
neutral	EUR	FAILED_match_diagnostic	M2	298	149	69	0.80144715590218207	0.36388297550785703	0.075329983600006645	1.5275643282043574	0.031024591153558011	9.7289570304361472	0			post_result_conditional_association_not_selection_adjusted
neutral	EUR	FAILED_match_diagnostic	M3	298	149	69	0.78234842321694131	0.33039380398025647	0.12305785223741772	1.4416389941964649	0.020738097263997057	258.3881487187947	0			post_result_conditional_association_not_selection_adjusted
neutral	EAS	overall	overall_unadjusted	15551	478	1334	0.23910227547418061	0.065660338216573938	0.11029342067638462	0.36791113027197664	0.00028143609393382034	2.4177263783136245	0			post_result_conditional_association_not_selection_adjusted
neutral	EAS	overall	overall_X_adjusted	15551	478	1334	0.22573804950518675	0.064455111043357993	0.099293543356358621	0.35218255565401491	0.00047658899426512836	2.5770555562516146	0			post_result_conditional_association_not_selection_adjusted
neutral	EAS	support	M0	1652	442	148	0.38976944622149307	0.2447547706097519	-0.093923083965905207	0.87346197640889134	0.1134227875394741	2.4562079312218317	0			post_result_conditional_association_not_selection_adjusted
neutral	EAS	support	M1	1652	442	148	0.37018215688699968	0.22553536617433231	-0.075528346078198194	0.81589265985219761	0.10286287820010231	6.7096797977818765	0			post_result_conditional_association_not_selection_adjusted
neutral	EAS	support	M2	1652	442	148	0.27052146041318115	0.22721266901822856	-0.17850378430121133	0.71954670512757368	0.23572618185492344	6.7666024235012978	1000	-0.18617044276209219	0.81882968501436326	post_result_conditional_association_not_selection_adjusted
neutral	EAS	support	M3	1652	442	148	0.21692931951013833	0.2519525596616165	-0.28098772115187959	0.71484636017215619	0.3906442315008104	135.50069215232156	1000	-0.29947158013459629	0.77467500988176685	post_result_conditional_association_not_selection_adjusted
neutral	EAS	S4	M3	749	33	91	-0.0018621415054632365	0.191860727614624	-0.383026964418337	0.37930268140741058	0.99227758011184486	2117.5491850637341	0			post_result_conditional_association_not_selection_adjusted
neutral	EAS	S5	M3	903	409	76	0.1958126726232762	0.3011142604209705	-0.40403769416213109	0.79566303940868344	0.51748969534169997	2724.402741200216	0			post_result_conditional_association_not_selection_adjusted
neutral	EAS	exclude_B7plus	M3	1606	396	148	0.256175122281594	0.26734946270288695	-0.27216979102424899	0.78452003558743699	0.33953357944675377	131.68736548958697	0			post_result_conditional_association_not_selection_adjusted
neutral	EAS	EUR_EAS_common	M3	1652	442	148	0.21692931951013833	0.2519525596616165	-0.28098772115187959	0.71484636017215619	0.3906442315008104	135.50069215232156	0			post_result_conditional_association_not_selection_adjusted
neutral	EAS	equal_block_weight	M3	1652	442	148	0.33671098448634845	0.23216351485242662	-0.12209828667273875	0.79552025564543571	0.14910015586358372	135.50069215232156	0			post_result_conditional_association_not_selection_adjusted
neutral	EAS	FAILED_match_diagnostic	M0	298	149	64	0.015295061566842565	0.27394921230173358	-0.53214875596733335	0.5627388791010185	0.95565253929279048	2.6180339887498949	0			post_result_conditional_association_not_selection_adjusted
neutral	EAS	FAILED_match_diagnostic	M2	298	149	64	0.012895100884308749	0.2725361267214147	-0.53172489044466442	0.55751509221328199	0.96241168845324698	9.7289570304361472	0			post_result_conditional_association_not_selection_adjusted
neutral	EAS	FAILED_match_diagnostic	M3	298	149	64	-0.10243112867546292	0.27742085551900059	-0.65681247159987066	0.45195021424894488	0.71319701047642359	258.3881487187947	0			post_result_conditional_association_not_selection_adjusted
