ancestry	version	part	n	blocks	estimate	cluster_se	ci_low	ci_high	nominee_top5	nominee_total	background_top5	background_total	OR	fisher_p	high_n	low_n	analysis_role
EUR	frozen	original	1652	169	0.69183932829105321	0.35269711774091572	-0.0044500985100548451	1.3881287550921613	483	5747	422	12506	2.6274200867197743	2.8154969787142091e-44	443	1209	historical_baseline
EUR	frozen	retained	1259	136	0.0025343633792371811	0.37683542372771966	-0.74273014391105696	0.74779887066953132	263	5028	422	12257	1.5479205104359892	9.3373287062562364e-08	214	1045	historical_baseline
EUR	collision_repaired	original	1652	169	0.69184560935043338	0.35269721925254727	-0.004444017853434401	1.3881352365543012	483	5747	422	12506	2.6274200867197743	2.8154969787142091e-44	443	1209	current_manuscript
EUR	collision_repaired	retained	1259	136	0.0025413173162087688	0.37683516603549405	-0.74272268033816091	0.74780531497057845	263	5028	422	12257	1.5479205104359892	9.3373287062562364e-08	214	1045	current_manuscript
EUR	roundtrip_exclusion_sensitivity	original	1652	169	0.6918919143118244	0.3526636516835	-0.0043314442943278575	1.3881152729179767	483	5747	422	12506	2.6274200867197743	2.8154969787142091e-44	443	1209	conservative_mapping_sensitivity
EUR	roundtrip_exclusion_sensitivity	retained	1259	136	0.0026547122089215502	0.37679635704851633	-0.7425325332116155	0.7478419576294586	263	5028	422	12257	1.5479205104359892	9.3373287062562364e-08	214	1045	conservative_mapping_sensitivity
EAS	frozen	original	1652	148	0.25571203374665741	0.2240497829135768	-0.18706261009551406	0.69848667758882887	428	5709	475	12498	2.0513834102392887	7.3717176331909071e-25	443	1209	historical_baseline
EAS	frozen	retained	1259	126	0.15511864723608665	0.20177860055105881	-0.24422624587542868	0.55446354034760192	322	4990	466	12249	1.7441947916781595	2.4964852200612954e-13	214	1045	historical_baseline
EAS	collision_repaired	original	1652	148	0.25571097561177064	0.22404931308660594	-0.18706273974269161	0.69848469096623289	428	5709	475	12498	2.0513834102392887	7.3717176331909071e-25	443	1209	current_manuscript
EAS	collision_repaired	retained	1259	126	0.15511615578793964	0.20177836482518979	-0.24422827079282511	0.55446058236870432	322	4990	466	12249	1.7441947916781595	2.4964852200612954e-13	214	1045	current_manuscript
EAS	roundtrip_exclusion_sensitivity	original	1652	148	0.2556436677812578	0.22403017619576235	-0.18709222861209085	0.69837956417460645	428	5709	475	12498	2.0513834102392887	7.3717176331909071e-25	443	1209	conservative_mapping_sensitivity
EAS	roundtrip_exclusion_sensitivity	retained	1259	126	0.15492222189923219	0.201766889893055	-0.24439949436669087	0.55424393816515527	322	4990	466	12249	1.7441947916781595	2.4964852200612954e-13	214	1045	conservative_mapping_sensitivity
