comparison_id	region_id	trait	n_variants	coverage_eligible	fit_status	resolution_disposition	HCC_N	liver_N	n_candidate_events	n_events_verified_minimum_in_pair	current_inference_status
EUR:chr2:24686918-26894985__AIH	EUR:chr2:24686918-26894985	AIH	4504	True	unresolved_no_credible_signal	unresolved_no_credible_signal	1566825	485234	0	0	historical_registry_only_effect_encoding_N_and_LD_not_certified
EUR:chr2:24686918-26894985__ALP	EUR:chr2:24686918-26894985	ALP	4515	True	unresolved_no_credible_signal	unresolved_no_credible_signal	1566825	437438	40	0	historical_registry_only_effect_encoding_N_and_LD_not_certified
EUR:chr2:24686918-26894985__ALT	EUR:chr2:24686918-26894985	ALT	4520	True	not_evaluable_pair_LD_diagnostic_gate	not_evaluable_pair_LD_diagnostic_gate	1566825	437267	0	0	historical_registry_only_effect_encoding_N_and_LD_not_certified
EUR:chr2:24686918-26894985__AST	EUR:chr2:24686918-26894985	AST	4469	True	unresolved_no_credible_signal	unresolved_no_credible_signal	1566825	342990	0	0	historical_registry_only_effect_encoding_N_and_LD_not_certified
EUR:chr2:24686918-26894985__BILI	EUR:chr2:24686918-26894985	BILI	4462	True	unresolved_no_credible_signal	unresolved_no_credible_signal	1566825	342829	0	0	historical_registry_only_effect_encoding_N_and_LD_not_certified
EUR:chr2:24686918-26894985__CIRR	EUR:chr2:24686918-26894985	CIRR	4356	True	not_evaluable_pair_LD_diagnostic_gate	not_evaluable_pair_LD_diagnostic_gate	1566825	1577830	0	0	historical_registry_only_effect_encoding_N_and_LD_not_certified
EUR:chr2:24686918-26894985__GGT	EUR:chr2:24686918-26894985	GGT	4514	True	not_evaluable_pair_LD_diagnostic_gate	not_evaluable_pair_LD_diagnostic_gate	1566825	437194	40	0	historical_registry_only_effect_encoding_N_and_LD_not_certified
EUR:chr2:24686918-26894985__LIVER_FAT	EUR:chr2:24686918-26894985	LIVER_FAT	4351	True	not_evaluable_pair_LD_diagnostic_gate	not_evaluable_pair_LD_diagnostic_gate	1566825	32858	40	0	historical_registry_only_effect_encoding_N_and_LD_not_certified
EUR:chr2:24686918-26894985__NAFLD	EUR:chr2:24686918-26894985	NAFLD	3635	True	unresolved_no_credible_signal	unresolved_no_credible_signal	1566825	778614	40	0	historical_registry_only_effect_encoding_N_and_LD_not_certified
EUR:chr2:24686918-26894985__PBC	EUR:chr2:24686918-26894985	PBC	2186	False	not_evaluable_coverage	not_evaluable_coverage	1566825	24510	0	0	historical_registry_only_effect_encoding_N_and_LD_not_certified
EUR:chr2:24686918-26894985__PSC	EUR:chr2:24686918-26894985	PSC	3562	False	not_evaluable_coverage	not_evaluable_coverage	1566825	14890	0	0	historical_registry_only_effect_encoding_N_and_LD_not_certified
EUR:chr2:26894985-28598777__AIH	EUR:chr2:26894985-28598777	AIH	2885	True	unresolved_no_credible_signal	unresolved_no_credible_signal	1566825	485234	0	0	historical_registry_only_effect_encoding_N_and_LD_not_certified
EUR:chr2:26894985-28598777__ALP	EUR:chr2:26894985-28598777	ALP	2896	True	unresolved_no_credible_signal	unresolved_no_credible_signal	1566825	437438	46	46	historical_registry_only_effect_encoding_N_and_LD_not_certified
EUR:chr2:26894985-28598777__ALT	EUR:chr2:26894985-28598777	ALT	2898	True	unresolved_no_credible_signal	unresolved_no_credible_signal	1566825	437267	0	0	historical_registry_only_effect_encoding_N_and_LD_not_certified
EUR:chr2:26894985-28598777__AST	EUR:chr2:26894985-28598777	AST	2865	True	unresolved_no_credible_signal	unresolved_no_credible_signal	1566825	342990	0	0	historical_registry_only_effect_encoding_N_and_LD_not_certified
EUR:chr2:26894985-28598777__BILI	EUR:chr2:26894985-28598777	BILI	2837	True	unresolved_no_credible_signal	unresolved_no_credible_signal	1566825	342829	0	0	historical_registry_only_effect_encoding_N_and_LD_not_certified
EUR:chr2:26894985-28598777__CIRR	EUR:chr2:26894985-28598777	CIRR	2796	True	unresolved_no_credible_signal	unresolved_no_credible_signal	1566825	1577830	0	0	historical_registry_only_effect_encoding_N_and_LD_not_certified
EUR:chr2:26894985-28598777__GGT	EUR:chr2:26894985-28598777	GGT	2896	True	unresolved_no_credible_signal	unresolved_no_credible_signal	1566825	437194	46	46	historical_registry_only_effect_encoding_N_and_LD_not_certified
EUR:chr2:26894985-28598777__LIVER_FAT	EUR:chr2:26894985-28598777	LIVER_FAT	2686	True	not_evaluable_pair_LD_diagnostic_gate	not_evaluable_pair_LD_diagnostic_gate	1566825	32858	46	46	historical_registry_only_effect_encoding_N_and_LD_not_certified
EUR:chr2:26894985-28598777__NAFLD	EUR:chr2:26894985-28598777	NAFLD	2273	False	not_evaluable_coverage	not_evaluable_coverage	1566825	778614	46	46	historical_registry_only_effect_encoding_N_and_LD_not_certified
EUR:chr2:26894985-28598777__PBC	EUR:chr2:26894985-28598777	PBC	1949	False	not_evaluable_coverage	not_evaluable_coverage	1566825	24510	0	0	historical_registry_only_effect_encoding_N_and_LD_not_certified
EUR:chr2:26894985-28598777__PSC	EUR:chr2:26894985-28598777	PSC	2344	True	unresolved_no_credible_signal	unresolved_no_credible_signal	1566825	14890	0	0	historical_registry_only_effect_encoding_N_and_LD_not_certified
EUR:chr2:28598777-29217559__AIH	EUR:chr2:28598777-29217559	AIH	1524	True	unresolved_no_credible_signal	unresolved_no_credible_signal	1566825	485234	0	0	historical_registry_only_effect_encoding_N_and_LD_not_certified
EUR:chr2:28598777-29217559__ALP	EUR:chr2:28598777-29217559	ALP	1528	True	unresolved_no_credible_signal	unresolved_no_credible_signal	1566825	437438	19	0	historical_registry_only_effect_encoding_N_and_LD_not_certified
EUR:chr2:28598777-29217559__ALT	EUR:chr2:28598777-29217559	ALT	1528	True	unresolved_no_credible_signal	unresolved_no_credible_signal	1566825	437267	0	0	historical_registry_only_effect_encoding_N_and_LD_not_certified
EUR:chr2:28598777-29217559__AST	EUR:chr2:28598777-29217559	AST	1513	True	not_evaluable_pair_LD_diagnostic_gate	not_evaluable_pair_LD_diagnostic_gate	1566825	342990	0	0	historical_registry_only_effect_encoding_N_and_LD_not_certified
EUR:chr2:28598777-29217559__BILI	EUR:chr2:28598777-29217559	BILI	1513	True	unresolved_no_credible_signal	unresolved_no_credible_signal	1566825	342829	0	0	historical_registry_only_effect_encoding_N_and_LD_not_certified
EUR:chr2:28598777-29217559__CIRR	EUR:chr2:28598777-29217559	CIRR	1487	True	unresolved_no_credible_signal	unresolved_no_credible_signal	1566825	1577830	0	0	historical_registry_only_effect_encoding_N_and_LD_not_certified
EUR:chr2:28598777-29217559__GGT	EUR:chr2:28598777-29217559	GGT	1528	True	not_evaluable_pair_LD_diagnostic_gate	not_evaluable_pair_LD_diagnostic_gate	1566825	437194	19	0	historical_registry_only_effect_encoding_N_and_LD_not_certified
EUR:chr2:28598777-29217559__LIVER_FAT	EUR:chr2:28598777-29217559	LIVER_FAT	1490	True	unresolved_no_credible_signal	unresolved_no_credible_signal	1566825	32858	19	0	historical_registry_only_effect_encoding_N_and_LD_not_certified
EUR:chr2:28598777-29217559__NAFLD	EUR:chr2:28598777-29217559	NAFLD	1333	True	unresolved_no_credible_signal	unresolved_no_credible_signal	1566825	778614	19	0	historical_registry_only_effect_encoding_N_and_LD_not_certified
EUR:chr2:28598777-29217559__PBC	EUR:chr2:28598777-29217559	PBC	1021	False	not_evaluable_coverage	not_evaluable_coverage	1566825	24510	0	0	historical_registry_only_effect_encoding_N_and_LD_not_certified
EUR:chr2:28598777-29217559__PSC	EUR:chr2:28598777-29217559	PSC	1306	True	unresolved_no_credible_signal	unresolved_no_credible_signal	1566825	14890	0	0	historical_registry_only_effect_encoding_N_and_LD_not_certified
EUR:chr3:135456906-137371083__AIH	EUR:chr3:135456906-137371083	AIH	3459	True	unresolved_no_credible_signal	unresolved_no_credible_signal	1566825	485234	0	0	historical_registry_only_effect_encoding_N_and_LD_not_certified
EUR:chr3:135456906-137371083__ALP	EUR:chr3:135456906-137371083	ALP	3462	True	unresolved_no_credible_signal	unresolved_no_credible_signal	1566825	437438	0	0	historical_registry_only_effect_encoding_N_and_LD_not_certified
EUR:chr3:135456906-137371083__ALT	EUR:chr3:135456906-137371083	ALT	3462	True	not_evaluable_pair_LD_diagnostic_gate	not_evaluable_pair_LD_diagnostic_gate	1566825	437267	0	0	historical_registry_only_effect_encoding_N_and_LD_not_certified
EUR:chr3:135456906-137371083__AST	EUR:chr3:135456906-137371083	AST	3440	True	unresolved_no_credible_signal	unresolved_no_credible_signal	1566825	342990	0	0	historical_registry_only_effect_encoding_N_and_LD_not_certified
EUR:chr3:135456906-137371083__BILI	EUR:chr3:135456906-137371083	BILI	3449	True	not_evaluable_pair_LD_diagnostic_gate	not_evaluable_pair_LD_diagnostic_gate	1566825	342829	0	0	historical_registry_only_effect_encoding_N_and_LD_not_certified
EUR:chr3:135456906-137371083__CIRR	EUR:chr3:135456906-137371083	CIRR	3371	True	not_evaluable_pair_LD_diagnostic_gate	not_evaluable_pair_LD_diagnostic_gate	1566825	1580010	0	0	historical_registry_only_effect_encoding_N_and_LD_not_certified
EUR:chr3:135456906-137371083__GGT	EUR:chr3:135456906-137371083	GGT	3462	True	not_evaluable_pair_LD_diagnostic_gate	not_evaluable_pair_LD_diagnostic_gate	1566825	437194	0	0	historical_registry_only_effect_encoding_N_and_LD_not_certified
EUR:chr3:135456906-137371083__LIVER_FAT	EUR:chr3:135456906-137371083	LIVER_FAT	3367	True	unresolved_no_credible_signal	unresolved_no_credible_signal	1566825	32858	0	0	historical_registry_only_effect_encoding_N_and_LD_not_certified
EUR:chr3:135456906-137371083__NAFLD	EUR:chr3:135456906-137371083	NAFLD	2771	False	not_evaluable_coverage	not_evaluable_coverage	1566825	778614	0	0	historical_registry_only_effect_encoding_N_and_LD_not_certified
EUR:chr3:135456906-137371083__PBC	EUR:chr3:135456906-137371083	PBC	1971	False	not_evaluable_coverage	not_evaluable_coverage	1566825	24510	0	0	historical_registry_only_effect_encoding_N_and_LD_not_certified
EUR:chr3:135456906-137371083__PSC	EUR:chr3:135456906-137371083	PSC	2918	True	unresolved_no_credible_signal	unresolved_no_credible_signal	1566825	14890	0	0	historical_registry_only_effect_encoding_N_and_LD_not_certified
EUR:chr4:86930609-87534648__AIH	EUR:chr4:86930609-87534648	AIH	1457	True	unresolved_no_credible_signal	unresolved_no_credible_signal	1566825	485234	0	0	historical_registry_only_effect_encoding_N_and_LD_not_certified
EUR:chr4:86930609-87534648__ALP	EUR:chr4:86930609-87534648	ALP	1459	True	unresolved_no_credible_signal	unresolved_no_credible_signal	1566825	437438	0	0	historical_registry_only_effect_encoding_N_and_LD_not_certified
EUR:chr4:86930609-87534648__ALT	EUR:chr4:86930609-87534648	ALT	1459	True	unresolved_no_credible_signal	unresolved_no_credible_signal	1566825	437267	10	0	historical_registry_only_effect_encoding_N_and_LD_not_certified
EUR:chr4:86930609-87534648__AST	EUR:chr4:86930609-87534648	AST	1445	True	unresolved_no_credible_signal	unresolved_no_credible_signal	1566825	342990	10	0	historical_registry_only_effect_encoding_N_and_LD_not_certified
EUR:chr4:86930609-87534648__BILI	EUR:chr4:86930609-87534648	BILI	1418	True	unresolved_no_credible_signal	unresolved_no_credible_signal	1566825	342829	10	0	historical_registry_only_effect_encoding_N_and_LD_not_certified
EUR:chr4:86930609-87534648__CIRR	EUR:chr4:86930609-87534648	CIRR	1412	True	unresolved_no_credible_signal	unresolved_no_credible_signal	1566825	1580010	10	0	historical_registry_only_effect_encoding_N_and_LD_not_certified
EUR:chr4:86930609-87534648__GGT	EUR:chr4:86930609-87534648	GGT	1459	True	unresolved_no_credible_signal	unresolved_no_credible_signal	1566825	437194	0	0	historical_registry_only_effect_encoding_N_and_LD_not_certified
EUR:chr4:86930609-87534648__LIVER_FAT	EUR:chr4:86930609-87534648	LIVER_FAT	1407	True	unresolved_no_credible_signal	unresolved_no_credible_signal	1566825	32858	0	0	historical_registry_only_effect_encoding_N_and_LD_not_certified
EUR:chr4:86930609-87534648__NAFLD	EUR:chr4:86930609-87534648	NAFLD	1170	True	unresolved_no_credible_signal	unresolved_no_credible_signal	1566825	778614	0	0	historical_registry_only_effect_encoding_N_and_LD_not_certified
EUR:chr4:86930609-87534648__PBC	EUR:chr4:86930609-87534648	PBC	1001	False	not_evaluable_coverage	not_evaluable_coverage	1566825	24510	0	0	historical_registry_only_effect_encoding_N_and_LD_not_certified
EUR:chr4:86930609-87534648__PSC	EUR:chr4:86930609-87534648	PSC	1223	True	unresolved_no_credible_signal	unresolved_no_credible_signal	1566825	14890	0	0	historical_registry_only_effect_encoding_N_and_LD_not_certified
EUR:chr4:87534648-89238028__AIH	EUR:chr4:87534648-89238028	AIH	4562	True	unresolved_no_credible_signal	unresolved_no_credible_signal	1566825	485234	0	0	historical_registry_only_effect_encoding_N_and_LD_not_certified
EUR:chr4:87534648-89238028__ALP	EUR:chr4:87534648-89238028	ALP	4573	True	not_evaluable_pair_LD_diagnostic_gate	not_evaluable_pair_LD_diagnostic_gate	1566825	437438	0	0	historical_registry_only_effect_encoding_N_and_LD_not_certified
EUR:chr4:87534648-89238028__ALT	EUR:chr4:87534648-89238028	ALT	4573	True	not_evaluable_pair_LD_diagnostic_gate	not_evaluable_pair_LD_diagnostic_gate	1566825	437267	16	16	historical_registry_only_effect_encoding_N_and_LD_not_certified
EUR:chr4:87534648-89238028__AST	EUR:chr4:87534648-89238028	AST	4519	True	conditional_signal_pair_evaluable	unresolved	1566825	342990	16	16	historical_registry_only_effect_encoding_N_and_LD_not_certified
EUR:chr4:87534648-89238028__BILI	EUR:chr4:87534648-89238028	BILI	4526	True	not_evaluable_pair_LD_diagnostic_gate	not_evaluable_pair_LD_diagnostic_gate	1566825	342829	16	16	historical_registry_only_effect_encoding_N_and_LD_not_certified
EUR:chr4:87534648-89238028__CIRR	EUR:chr4:87534648-89238028	CIRR	4450	True	conditional_signal_pair_evaluable	shared-only	1566825	1580010	16	16	historical_registry_only_effect_encoding_N_and_LD_not_certified
EUR:chr4:87534648-89238028__GGT	EUR:chr4:87534648-89238028	GGT	4573	True	not_evaluable_pair_LD_diagnostic_gate	not_evaluable_pair_LD_diagnostic_gate	1566825	437194	0	0	historical_registry_only_effect_encoding_N_and_LD_not_certified
EUR:chr4:87534648-89238028__LIVER_FAT	EUR:chr4:87534648-89238028	LIVER_FAT	4480	True	unresolved_no_credible_signal	unresolved_no_credible_signal	1566825	32858	0	0	historical_registry_only_effect_encoding_N_and_LD_not_certified
EUR:chr4:87534648-89238028__NAFLD	EUR:chr4:87534648-89238028	NAFLD	3771	True	unresolved_no_credible_signal	unresolved_no_credible_signal	1566825	778614	0	0	historical_registry_only_effect_encoding_N_and_LD_not_certified
EUR:chr4:87534648-89238028__PBC	EUR:chr4:87534648-89238028	PBC	3392	False	not_evaluable_coverage	not_evaluable_coverage	1566825	24510	0	0	historical_registry_only_effect_encoding_N_and_LD_not_certified
EUR:chr4:87534648-89238028__PSC	EUR:chr4:87534648-89238028	PSC	3911	True	unresolved_no_credible_signal	unresolved_no_credible_signal	1566825	14890	0	0	historical_registry_only_effect_encoding_N_and_LD_not_certified
EUR:chr6:23936619-24852275__AIH	EUR:chr6:23936619-24852275	AIH	3068	True	unresolved_no_credible_signal	unresolved_no_credible_signal	1566825	485234	7	0	historical_registry_only_effect_encoding_N_and_LD_not_certified
EUR:chr6:23936619-24852275__ALP	EUR:chr6:23936619-24852275	ALP	3070	True	not_evaluable_pair_LD_diagnostic_gate	not_evaluable_pair_LD_diagnostic_gate	1566825	437438	13	12	historical_registry_only_effect_encoding_N_and_LD_not_certified
EUR:chr6:23936619-24852275__ALT	EUR:chr6:23936619-24852275	ALT	3070	True	unresolved_no_credible_signal	unresolved_no_credible_signal	1566825	437267	0	0	historical_registry_only_effect_encoding_N_and_LD_not_certified
EUR:chr6:23936619-24852275__AST	EUR:chr6:23936619-24852275	AST	3052	True	unresolved_no_credible_signal	unresolved_no_credible_signal	1566825	342990	0	0	historical_registry_only_effect_encoding_N_and_LD_not_certified
EUR:chr6:23936619-24852275__BILI	EUR:chr6:23936619-24852275	BILI	3042	True	unresolved_no_credible_signal	unresolved_no_credible_signal	1566825	342829	13	0	historical_registry_only_effect_encoding_N_and_LD_not_certified
EUR:chr6:23936619-24852275__CIRR	EUR:chr6:23936619-24852275	CIRR	2976	True	unresolved_no_credible_signal	unresolved_no_credible_signal	1566825	1577830	13	0	historical_registry_only_effect_encoding_N_and_LD_not_certified
EUR:chr6:23936619-24852275__GGT	EUR:chr6:23936619-24852275	GGT	3070	True	unresolved_no_credible_signal	unresolved_no_credible_signal	1566825	437194	0	0	historical_registry_only_effect_encoding_N_and_LD_not_certified
EUR:chr6:23936619-24852275__LIVER_FAT	EUR:chr6:23936619-24852275	LIVER_FAT	2976	True	unresolved_no_credible_signal	unresolved_no_credible_signal	1566825	32858	0	0	historical_registry_only_effect_encoding_N_and_LD_not_certified
EUR:chr6:23936619-24852275__NAFLD	EUR:chr6:23936619-24852275	NAFLD	2511	True	unresolved_no_credible_signal	unresolved_no_credible_signal	1566825	778614	6	6	historical_registry_only_effect_encoding_N_and_LD_not_certified
EUR:chr6:23936619-24852275__PBC	EUR:chr6:23936619-24852275	PBC	2077	False	not_evaluable_coverage	not_evaluable_coverage	1566825	24510	0	0	historical_registry_only_effect_encoding_N_and_LD_not_certified
EUR:chr6:23936619-24852275__PSC	EUR:chr6:23936619-24852275	PSC	2575	True	unresolved_no_credible_signal	unresolved_no_credible_signal	1566825	14890	13	0	historical_registry_only_effect_encoding_N_and_LD_not_certified
EUR:chr6:24852275-25684587__AIH	EUR:chr6:24852275-25684587	AIH	2819	True	not_evaluable_HCC_regional_diagnostic_gate	not_evaluable_HCC_regional_diagnostic_gate	1566825	485234	52	0	historical_registry_only_effect_encoding_N_and_LD_not_certified
EUR:chr6:24852275-25684587__ALP	EUR:chr6:24852275-25684587	ALP	502	False	not_evaluable_coverage	not_evaluable_coverage	1566825	437438	14	0	historical_registry_only_effect_encoding_N_and_LD_not_certified
EUR:chr6:24852275-25684587__ALT	EUR:chr6:24852275-25684587	ALT	502	False	not_evaluable_coverage	not_evaluable_coverage	1566825	437267	0	0	historical_registry_only_effect_encoding_N_and_LD_not_certified
EUR:chr6:24852275-25684587__AST	EUR:chr6:24852275-25684587	AST	2799	True	not_evaluable_HCC_regional_diagnostic_gate	not_evaluable_HCC_regional_diagnostic_gate	1566825	342990	29	0	historical_registry_only_effect_encoding_N_and_LD_not_certified
EUR:chr6:24852275-25684587__BILI	EUR:chr6:24852275-25684587	BILI	2804	True	not_evaluable_HCC_regional_diagnostic_gate	not_evaluable_HCC_regional_diagnostic_gate	1566825	342829	58	3	historical_registry_only_effect_encoding_N_and_LD_not_certified
EUR:chr6:24852275-25684587__CIRR	EUR:chr6:24852275-25684587	CIRR	2752	True	not_evaluable_HCC_regional_diagnostic_gate	not_evaluable_HCC_regional_diagnostic_gate	1566825	1580010	58	5	historical_registry_only_effect_encoding_N_and_LD_not_certified
EUR:chr6:24852275-25684587__GGT	EUR:chr6:24852275-25684587	GGT	502	False	not_evaluable_coverage	not_evaluable_coverage	1566825	437194	0	0	historical_registry_only_effect_encoding_N_and_LD_not_certified
EUR:chr6:24852275-25684587__LIVER_FAT	EUR:chr6:24852275-25684587	LIVER_FAT	2759	True	not_evaluable_HCC_regional_diagnostic_gate	not_evaluable_HCC_regional_diagnostic_gate	1566825	32858	0	0	historical_registry_only_effect_encoding_N_and_LD_not_certified
EUR:chr6:24852275-25684587__NAFLD	EUR:chr6:24852275-25684587	NAFLD	2481	True	not_evaluable_HCC_regional_diagnostic_gate	not_evaluable_HCC_regional_diagnostic_gate	1566825	778614	6	0	historical_registry_only_effect_encoding_N_and_LD_not_certified
EUR:chr6:24852275-25684587__PBC	EUR:chr6:24852275-25684587	PBC	2102	False	not_evaluable_coverage	not_evaluable_coverage	1566825	24510	0	0	historical_registry_only_effect_encoding_N_and_LD_not_certified
EUR:chr6:24852275-25684587__PSC	EUR:chr6:24852275-25684587	PSC	2521	True	not_evaluable_HCC_regional_diagnostic_gate	not_evaluable_HCC_regional_diagnostic_gate	1566825	14890	58	2	historical_registry_only_effect_encoding_N_and_LD_not_certified
EUR:chr6:25684587-26791233__AIH	EUR:chr6:25684587-26791233	AIH	2869	True	unresolved_no_credible_signal	unresolved_no_credible_signal	1566825	485234	67	52	historical_registry_only_effect_encoding_N_and_LD_not_certified
EUR:chr6:25684587-26791233__ALP	EUR:chr6:25684587-26791233	ALP	0	False	not_evaluable_coverage	not_evaluable_coverage	1566825		0	0	historical_registry_only_effect_encoding_N_and_LD_not_certified
EUR:chr6:25684587-26791233__ALT	EUR:chr6:25684587-26791233	ALT	0	False	not_evaluable_coverage	not_evaluable_coverage	1566825		0	0	historical_registry_only_effect_encoding_N_and_LD_not_certified
EUR:chr6:25684587-26791233__AST	EUR:chr6:25684587-26791233	AST	2830	True	not_evaluable_pair_LD_diagnostic_gate	not_evaluable_pair_LD_diagnostic_gate	1566825	342990	44	0	historical_registry_only_effect_encoding_N_and_LD_not_certified
EUR:chr6:25684587-26791233__BILI	EUR:chr6:25684587-26791233	BILI	2843	True	conditional_signal_pair_evaluable	distinct-only	1566825	342829	71	61	historical_registry_only_effect_encoding_N_and_LD_not_certified
EUR:chr6:25684587-26791233__CIRR	EUR:chr6:25684587-26791233	CIRR	2765	True	conditional_signal_pair_evaluable	shared-only	1566825	1580010	71	59	historical_registry_only_effect_encoding_N_and_LD_not_certified
EUR:chr6:25684587-26791233__GGT	EUR:chr6:25684587-26791233	GGT	0	False	not_evaluable_coverage	not_evaluable_coverage	1566825		0	0	historical_registry_only_effect_encoding_N_and_LD_not_certified
EUR:chr6:25684587-26791233__LIVER_FAT	EUR:chr6:25684587-26791233	LIVER_FAT	2712	True	unresolved_no_credible_signal	unresolved_no_credible_signal	1566825	32858	0	0	historical_registry_only_effect_encoding_N_and_LD_not_certified
EUR:chr6:25684587-26791233__NAFLD	EUR:chr6:25684587-26791233	NAFLD	2286	False	not_evaluable_coverage	not_evaluable_coverage	1566825	778614	4	0	historical_registry_only_effect_encoding_N_and_LD_not_certified
EUR:chr6:25684587-26791233__PBC	EUR:chr6:25684587-26791233	PBC	2244	False	not_evaluable_coverage	not_evaluable_coverage	1566825	24510	1	0	historical_registry_only_effect_encoding_N_and_LD_not_certified
EUR:chr6:25684587-26791233__PSC	EUR:chr6:25684587-26791233	PSC	2469	True	not_evaluable_nonconvergence	not_evaluable_nonconvergence	1566825	14890	66	21	historical_registry_only_effect_encoding_N_and_LD_not_certified
EUR:chr6:26791233-28017819__AIH	EUR:chr6:26791233-28017819	AIH	2987	True	unresolved_no_credible_signal	unresolved_no_credible_signal	1566825	485234	92	9	historical_registry_only_effect_encoding_N_and_LD_not_certified
EUR:chr6:26791233-28017819__ALP	EUR:chr6:26791233-28017819	ALP	0	False	not_evaluable_coverage	not_evaluable_coverage	1566825		0	0	historical_registry_only_effect_encoding_N_and_LD_not_certified
EUR:chr6:26791233-28017819__ALT	EUR:chr6:26791233-28017819	ALT	0	False	not_evaluable_coverage	not_evaluable_coverage	1566825		0	0	historical_registry_only_effect_encoding_N_and_LD_not_certified
EUR:chr6:26791233-28017819__AST	EUR:chr6:26791233-28017819	AST	2942	True	conditional_signal_pair_evaluable	distinct-only	1566825	342990	75	25	historical_registry_only_effect_encoding_N_and_LD_not_certified
EUR:chr6:26791233-28017819__BILI	EUR:chr6:26791233-28017819	BILI	2946	True	not_evaluable_nonconvergence	not_evaluable_nonconvergence	1566825	342829	92	0	historical_registry_only_effect_encoding_N_and_LD_not_certified
EUR:chr6:26791233-28017819__CIRR	EUR:chr6:26791233-28017819	CIRR	2872	True	not_evaluable_pair_LD_diagnostic_gate	not_evaluable_pair_LD_diagnostic_gate	1566825	1577830	92	38	historical_registry_only_effect_encoding_N_and_LD_not_certified
EUR:chr6:26791233-28017819__GGT	EUR:chr6:26791233-28017819	GGT	0	False	not_evaluable_coverage	not_evaluable_coverage	1566825		0	0	historical_registry_only_effect_encoding_N_and_LD_not_certified
EUR:chr6:26791233-28017819__LIVER_FAT	EUR:chr6:26791233-28017819	LIVER_FAT	2700	True	unresolved_no_credible_signal	unresolved_no_credible_signal	1566825	32858	0	0	historical_registry_only_effect_encoding_N_and_LD_not_certified
EUR:chr6:26791233-28017819__NAFLD	EUR:chr6:26791233-28017819	NAFLD	2016	False	not_evaluable_coverage	not_evaluable_coverage	1566825	778614	0	0	historical_registry_only_effect_encoding_N_and_LD_not_certified
EUR:chr6:26791233-28017819__PBC	EUR:chr6:26791233-28017819	PBC	2203	False	not_evaluable_coverage	not_evaluable_coverage	1566825	24510	37	0	historical_registry_only_effect_encoding_N_and_LD_not_certified
EUR:chr6:26791233-28017819__PSC	EUR:chr6:26791233-28017819	PSC	2204	False	not_evaluable_coverage	not_evaluable_coverage	1566825	14890	92	33	historical_registry_only_effect_encoding_N_and_LD_not_certified
EUR:chr6:28017819-28917608__AIH	EUR:chr6:28017819-28917608	AIH	2628	True	unresolved_no_credible_signal	unresolved_no_credible_signal	1566825	485234	51	0	historical_registry_only_effect_encoding_N_and_LD_not_certified
EUR:chr6:28017819-28917608__ALP	EUR:chr6:28017819-28917608	ALP	0	False	not_evaluable_coverage	not_evaluable_coverage	1566825		0	0	historical_registry_only_effect_encoding_N_and_LD_not_certified
EUR:chr6:28017819-28917608__ALT	EUR:chr6:28017819-28917608	ALT	0	False	not_evaluable_coverage	not_evaluable_coverage	1566825		0	0	historical_registry_only_effect_encoding_N_and_LD_not_certified
EUR:chr6:28017819-28917608__AST	EUR:chr6:28017819-28917608	AST	2556	True	unresolved_no_credible_signal	unresolved_no_credible_signal	1566825	342990	51	38	historical_registry_only_effect_encoding_N_and_LD_not_certified
EUR:chr6:28017819-28917608__BILI	EUR:chr6:28017819-28917608	BILI	2486	True	not_evaluable_nonconvergence	not_evaluable_nonconvergence	1566825	342829	51	42	historical_registry_only_effect_encoding_N_and_LD_not_certified
EUR:chr6:28017819-28917608__CIRR	EUR:chr6:28017819-28917608	CIRR	2555	True	unresolved_no_credible_signal	unresolved_no_credible_signal	1566825	1580010	51	8	historical_registry_only_effect_encoding_N_and_LD_not_certified
EUR:chr6:28017819-28917608__GGT	EUR:chr6:28017819-28917608	GGT	0	False	not_evaluable_coverage	not_evaluable_coverage	1566825		0	0	historical_registry_only_effect_encoding_N_and_LD_not_certified
EUR:chr6:28017819-28917608__LIVER_FAT	EUR:chr6:28017819-28917608	LIVER_FAT	2458	True	unresolved_no_credible_signal	unresolved_no_credible_signal	1566825	32858	0	0	historical_registry_only_effect_encoding_N_and_LD_not_certified
EUR:chr6:28017819-28917608__NAFLD	EUR:chr6:28017819-28917608	NAFLD	2059	False	not_evaluable_coverage	not_evaluable_coverage	1566825	778614	0	0	historical_registry_only_effect_encoding_N_and_LD_not_certified
EUR:chr6:28017819-28917608__PBC	EUR:chr6:28017819-28917608	PBC	2398	True	unresolved_no_credible_signal	unresolved_no_credible_signal	1566825	24510	43	43	historical_registry_only_effect_encoding_N_and_LD_not_certified
EUR:chr6:28017819-28917608__PSC	EUR:chr6:28017819-28917608	PSC	2231	True	not_evaluable_nonconvergence	not_evaluable_nonconvergence	1566825	14890	51	46	historical_registry_only_effect_encoding_N_and_LD_not_certified
EUR:chr6:28917608-29737971__AIH	EUR:chr6:28917608-29737971	AIH	3435	True	unresolved_no_credible_signal	unresolved_no_credible_signal	1566825	485234	25	0	historical_registry_only_effect_encoding_N_and_LD_not_certified
EUR:chr6:28917608-29737971__ALP	EUR:chr6:28917608-29737971	ALP	0	False	not_evaluable_coverage	not_evaluable_coverage	1566825		0	0	historical_registry_only_effect_encoding_N_and_LD_not_certified
EUR:chr6:28917608-29737971__ALT	EUR:chr6:28917608-29737971	ALT	0	False	not_evaluable_coverage	not_evaluable_coverage	1566825		0	0	historical_registry_only_effect_encoding_N_and_LD_not_certified
EUR:chr6:28917608-29737971__AST	EUR:chr6:28917608-29737971	AST	3393	True	not_evaluable_nonconvergence	not_evaluable_nonconvergence	1566825	342990	25	0	historical_registry_only_effect_encoding_N_and_LD_not_certified
EUR:chr6:28917608-29737971__BILI	EUR:chr6:28917608-29737971	BILI	3366	True	unresolved_no_credible_signal	unresolved_no_credible_signal	1566825	342829	25	0	historical_registry_only_effect_encoding_N_and_LD_not_certified
EUR:chr6:28917608-29737971__CIRR	EUR:chr6:28917608-29737971	CIRR	3338	True	unresolved_no_credible_signal	unresolved_no_credible_signal	1566825	1580010	25	0	historical_registry_only_effect_encoding_N_and_LD_not_certified
EUR:chr6:28917608-29737971__GGT	EUR:chr6:28917608-29737971	GGT	0	False	not_evaluable_coverage	not_evaluable_coverage	1566825		0	0	historical_registry_only_effect_encoding_N_and_LD_not_certified
EUR:chr6:28917608-29737971__LIVER_FAT	EUR:chr6:28917608-29737971	LIVER_FAT	3154	True	unresolved_no_credible_signal	unresolved_no_credible_signal	1566825	32858	0	0	historical_registry_only_effect_encoding_N_and_LD_not_certified
EUR:chr6:28917608-29737971__NAFLD	EUR:chr6:28917608-29737971	NAFLD	2564	False	not_evaluable_coverage	not_evaluable_coverage	1566825	778614	0	0	historical_registry_only_effect_encoding_N_and_LD_not_certified
EUR:chr6:28917608-29737971__PBC	EUR:chr6:28917608-29737971	PBC	3246	True	unresolved_no_credible_signal	unresolved_no_credible_signal	1566825	24510	25	0	historical_registry_only_effect_encoding_N_and_LD_not_certified
EUR:chr6:28917608-29737971__PSC	EUR:chr6:28917608-29737971	PSC	2896	True	not_evaluable_pair_LD_diagnostic_gate	not_evaluable_pair_LD_diagnostic_gate	1566825	14890	25	0	historical_registry_only_effect_encoding_N_and_LD_not_certified
EUR:chr19:16374416-18409862__AIH	EUR:chr19:16374416-18409862	AIH	5890	True	not_evaluable_HCC_regional_diagnostic_gate	not_evaluable_HCC_regional_diagnostic_gate	1566825	485234	0	0	historical_registry_only_effect_encoding_N_and_LD_not_certified
EUR:chr19:16374416-18409862__ALP	EUR:chr19:16374416-18409862	ALP	5928	True	not_evaluable_HCC_regional_diagnostic_gate	not_evaluable_HCC_regional_diagnostic_gate	1566825	437438	33	0	historical_registry_only_effect_encoding_N_and_LD_not_certified
EUR:chr19:16374416-18409862__ALT	EUR:chr19:16374416-18409862	ALT	5928	True	not_evaluable_HCC_regional_diagnostic_gate	not_evaluable_HCC_regional_diagnostic_gate	1566825	437267	38	0	historical_registry_only_effect_encoding_N_and_LD_not_certified
EUR:chr19:16374416-18409862__AST	EUR:chr19:16374416-18409862	AST	5811	True	not_evaluable_HCC_regional_diagnostic_gate	not_evaluable_HCC_regional_diagnostic_gate	1566825	342990	33	0	historical_registry_only_effect_encoding_N_and_LD_not_certified
EUR:chr19:16374416-18409862__BILI	EUR:chr19:16374416-18409862	BILI	5820	True	not_evaluable_HCC_regional_diagnostic_gate	not_evaluable_HCC_regional_diagnostic_gate	1566825	342829	33	1	historical_registry_only_effect_encoding_N_and_LD_not_certified
EUR:chr19:16374416-18409862__CIRR	EUR:chr19:16374416-18409862	CIRR	5504	True	not_evaluable_HCC_regional_diagnostic_gate	not_evaluable_HCC_regional_diagnostic_gate	1566825	1577830	38	0	historical_registry_only_effect_encoding_N_and_LD_not_certified
EUR:chr19:16374416-18409862__GGT	EUR:chr19:16374416-18409862	GGT	5928	True	not_evaluable_HCC_regional_diagnostic_gate	not_evaluable_HCC_regional_diagnostic_gate	1566825	437194	0	0	historical_registry_only_effect_encoding_N_and_LD_not_certified
EUR:chr19:16374416-18409862__LIVER_FAT	EUR:chr19:16374416-18409862	LIVER_FAT	5762	True	not_evaluable_HCC_regional_diagnostic_gate	not_evaluable_HCC_regional_diagnostic_gate	1566825	32858	38	0	historical_registry_only_effect_encoding_N_and_LD_not_certified
EUR:chr19:16374416-18409862__NAFLD	EUR:chr19:16374416-18409862	NAFLD	4482	False	not_evaluable_coverage	not_evaluable_coverage	1566825	778614	38	0	historical_registry_only_effect_encoding_N_and_LD_not_certified
EUR:chr19:16374416-18409862__PBC	EUR:chr19:16374416-18409862	PBC	1638	False	not_evaluable_coverage	not_evaluable_coverage	1566825	24510	0	0	historical_registry_only_effect_encoding_N_and_LD_not_certified
EUR:chr19:16374416-18409862__PSC	EUR:chr19:16374416-18409862	PSC	3757	False	not_evaluable_coverage	not_evaluable_coverage	1566825	14890	0	0	historical_registry_only_effect_encoding_N_and_LD_not_certified
EUR:chr19:18409862-19877471__AIH	EUR:chr19:18409862-19877471	AIH	3064	True	not_evaluable_HCC_regional_diagnostic_gate	not_evaluable_HCC_regional_diagnostic_gate	1566825	485234	0	0	historical_registry_only_effect_encoding_N_and_LD_not_certified
EUR:chr19:18409862-19877471__ALP	EUR:chr19:18409862-19877471	ALP	3078	True	not_evaluable_HCC_regional_diagnostic_gate	not_evaluable_HCC_regional_diagnostic_gate	1566825	437438	51	3	historical_registry_only_effect_encoding_N_and_LD_not_certified
EUR:chr19:18409862-19877471__ALT	EUR:chr19:18409862-19877471	ALT	3078	True	not_evaluable_HCC_regional_diagnostic_gate	not_evaluable_HCC_regional_diagnostic_gate	1566825	437267	56	56	historical_registry_only_effect_encoding_N_and_LD_not_certified
EUR:chr19:18409862-19877471__AST	EUR:chr19:18409862-19877471	AST	3019	True	not_evaluable_HCC_regional_diagnostic_gate	not_evaluable_HCC_regional_diagnostic_gate	1566825	342990	51	1	historical_registry_only_effect_encoding_N_and_LD_not_certified
EUR:chr19:18409862-19877471__BILI	EUR:chr19:18409862-19877471	BILI	3021	True	not_evaluable_HCC_regional_diagnostic_gate	not_evaluable_HCC_regional_diagnostic_gate	1566825	342829	51	50	historical_registry_only_effect_encoding_N_and_LD_not_certified
EUR:chr19:18409862-19877471__CIRR	EUR:chr19:18409862-19877471	CIRR	2889	True	not_evaluable_HCC_regional_diagnostic_gate	not_evaluable_HCC_regional_diagnostic_gate	1566825	1577830	56	54	historical_registry_only_effect_encoding_N_and_LD_not_certified
EUR:chr19:18409862-19877471__GGT	EUR:chr19:18409862-19877471	GGT	3078	True	not_evaluable_HCC_regional_diagnostic_gate	not_evaluable_HCC_regional_diagnostic_gate	1566825	437194	0	0	historical_registry_only_effect_encoding_N_and_LD_not_certified
EUR:chr19:18409862-19877471__LIVER_FAT	EUR:chr19:18409862-19877471	LIVER_FAT	2985	True	not_evaluable_HCC_regional_diagnostic_gate	not_evaluable_HCC_regional_diagnostic_gate	1566825	32858	56	52	historical_registry_only_effect_encoding_N_and_LD_not_certified
EUR:chr19:18409862-19877471__NAFLD	EUR:chr19:18409862-19877471	NAFLD	2382	False	not_evaluable_coverage	not_evaluable_coverage	1566825	778614	56	8	historical_registry_only_effect_encoding_N_and_LD_not_certified
EUR:chr19:18409862-19877471__PBC	EUR:chr19:18409862-19877471	PBC	697	False	not_evaluable_coverage	not_evaluable_coverage	1566825	24510	0	0	historical_registry_only_effect_encoding_N_and_LD_not_certified
EUR:chr19:18409862-19877471__PSC	EUR:chr19:18409862-19877471	PSC	2175	False	not_evaluable_coverage	not_evaluable_coverage	1566825	14890	0	0	historical_registry_only_effect_encoding_N_and_LD_not_certified
EUR:chr19:19877471-20905757__AIH	EUR:chr19:19877471-20905757	AIH	3571	True	unresolved_no_credible_signal	unresolved_no_credible_signal	1566825	485234	0	0	historical_registry_only_effect_encoding_N_and_LD_not_certified
EUR:chr19:19877471-20905757__ALP	EUR:chr19:19877471-20905757	ALP	3606	True	unresolved_no_credible_signal	unresolved_no_credible_signal	1566825	437438	34	0	historical_registry_only_effect_encoding_N_and_LD_not_certified
EUR:chr19:19877471-20905757__ALT	EUR:chr19:19877471-20905757	ALT	3606	True	unresolved_no_credible_signal	unresolved_no_credible_signal	1566825	437267	34	0	historical_registry_only_effect_encoding_N_and_LD_not_certified
EUR:chr19:19877471-20905757__AST	EUR:chr19:19877471-20905757	AST	3395	True	unresolved_no_credible_signal	unresolved_no_credible_signal	1566825	342990	34	0	historical_registry_only_effect_encoding_N_and_LD_not_certified
EUR:chr19:19877471-20905757__BILI	EUR:chr19:19877471-20905757	BILI	3412	True	unresolved_no_credible_signal	unresolved_no_credible_signal	1566825	342829	34	0	historical_registry_only_effect_encoding_N_and_LD_not_certified
EUR:chr19:19877471-20905757__CIRR	EUR:chr19:19877471-20905757	CIRR	3364	True	unresolved_no_credible_signal	unresolved_no_credible_signal	1566825	1522690	34	0	historical_registry_only_effect_encoding_N_and_LD_not_certified
EUR:chr19:19877471-20905757__GGT	EUR:chr19:19877471-20905757	GGT	3606	True	unresolved_no_credible_signal	unresolved_no_credible_signal	1566825	437194	0	0	historical_registry_only_effect_encoding_N_and_LD_not_certified
EUR:chr19:19877471-20905757__LIVER_FAT	EUR:chr19:19877471-20905757	LIVER_FAT	3517	True	unresolved_no_credible_signal	unresolved_no_credible_signal	1566825	32858	34	0	historical_registry_only_effect_encoding_N_and_LD_not_certified
EUR:chr19:19877471-20905757__NAFLD	EUR:chr19:19877471-20905757	NAFLD	2178	False	not_evaluable_coverage	not_evaluable_coverage	1566825	778614	34	0	historical_registry_only_effect_encoding_N_and_LD_not_certified
EUR:chr19:19877471-20905757__PBC	EUR:chr19:19877471-20905757	PBC	764	False	not_evaluable_coverage	not_evaluable_coverage	1566825	24510	0	0	historical_registry_only_effect_encoding_N_and_LD_not_certified
EUR:chr19:19877471-20905757__PSC	EUR:chr19:19877471-20905757	PSC	2301	False	not_evaluable_coverage	not_evaluable_coverage	1566825	14890	0	0	historical_registry_only_effect_encoding_N_and_LD_not_certified
EUR:chr22:42690818-43714200__AIH	EUR:chr22:42690818-43714200	AIH	3265	True	unresolved_no_credible_signal	unresolved_no_credible_signal	1566825	485234	0	0	historical_registry_only_effect_encoding_N_and_LD_not_certified
EUR:chr22:42690818-43714200__ALP	EUR:chr22:42690818-43714200	ALP	3297	True	unresolved_no_credible_signal	unresolved_no_credible_signal	1566825	437438	0	0	historical_registry_only_effect_encoding_N_and_LD_not_certified
EUR:chr22:42690818-43714200__ALT	EUR:chr22:42690818-43714200	ALT	3297	True	unresolved_no_credible_signal	unresolved_no_credible_signal	1566825	437267	15	0	historical_registry_only_effect_encoding_N_and_LD_not_certified
EUR:chr22:42690818-43714200__AST	EUR:chr22:42690818-43714200	AST	3195	True	unresolved_no_credible_signal	unresolved_no_credible_signal	1566825	342990	15	0	historical_registry_only_effect_encoding_N_and_LD_not_certified
EUR:chr22:42690818-43714200__BILI	EUR:chr22:42690818-43714200	BILI	3203	True	unresolved_no_credible_signal	unresolved_no_credible_signal	1566825	342829	0	0	historical_registry_only_effect_encoding_N_and_LD_not_certified
EUR:chr22:42690818-43714200__CIRR	EUR:chr22:42690818-43714200	CIRR	3128	True	not_evaluable_pair_LD_diagnostic_gate	not_evaluable_pair_LD_diagnostic_gate	1566825	1522690	15	0	historical_registry_only_effect_encoding_N_and_LD_not_certified
EUR:chr22:42690818-43714200__GGT	EUR:chr22:42690818-43714200	GGT	3297	True	unresolved_no_credible_signal	unresolved_no_credible_signal	1566825	437194	0	0	historical_registry_only_effect_encoding_N_and_LD_not_certified
EUR:chr22:42690818-43714200__LIVER_FAT	EUR:chr22:42690818-43714200	LIVER_FAT	3229	True	unresolved_no_credible_signal	unresolved_no_credible_signal	1566825	32858	15	0	historical_registry_only_effect_encoding_N_and_LD_not_certified
EUR:chr22:42690818-43714200__NAFLD	EUR:chr22:42690818-43714200	NAFLD	2647	True	unresolved_no_credible_signal	unresolved_no_credible_signal	1566825	778614	15	0	historical_registry_only_effect_encoding_N_and_LD_not_certified
EUR:chr22:42690818-43714200__PBC	EUR:chr22:42690818-43714200	PBC	1351	False	not_evaluable_coverage	not_evaluable_coverage	1566825	24510	0	0	historical_registry_only_effect_encoding_N_and_LD_not_certified
EUR:chr22:42690818-43714200__PSC	EUR:chr22:42690818-43714200	PSC	2337	False	not_evaluable_coverage	not_evaluable_coverage	1566825	14890	0	0	historical_registry_only_effect_encoding_N_and_LD_not_certified
EUR:chr22:43714200-44995308__AIH	EUR:chr22:43714200-44995308	AIH	4297	True	not_evaluable_HCC_regional_diagnostic_gate	not_evaluable_HCC_regional_diagnostic_gate	1566825	485234	0	0	historical_registry_only_effect_encoding_N_and_LD_not_certified
EUR:chr22:43714200-44995308__ALP	EUR:chr22:43714200-44995308	ALP	4305	True	not_evaluable_HCC_regional_diagnostic_gate	not_evaluable_HCC_regional_diagnostic_gate	1566825	437438	0	0	historical_registry_only_effect_encoding_N_and_LD_not_certified
EUR:chr22:43714200-44995308__ALT	EUR:chr22:43714200-44995308	ALT	4305	True	not_evaluable_HCC_regional_diagnostic_gate	not_evaluable_HCC_regional_diagnostic_gate	1566825	437267	20	20	historical_registry_only_effect_encoding_N_and_LD_not_certified
EUR:chr22:43714200-44995308__AST	EUR:chr22:43714200-44995308	AST	4248	True	not_evaluable_HCC_regional_diagnostic_gate	not_evaluable_HCC_regional_diagnostic_gate	1566825	342990	20	0	historical_registry_only_effect_encoding_N_and_LD_not_certified
EUR:chr22:43714200-44995308__BILI	EUR:chr22:43714200-44995308	BILI	4263	True	not_evaluable_HCC_regional_diagnostic_gate	not_evaluable_HCC_regional_diagnostic_gate	1566825	342829	0	0	historical_registry_only_effect_encoding_N_and_LD_not_certified
EUR:chr22:43714200-44995308__CIRR	EUR:chr22:43714200-44995308	CIRR	4070	True	not_evaluable_HCC_regional_diagnostic_gate	not_evaluable_HCC_regional_diagnostic_gate	1566825	1577830	20	20	historical_registry_only_effect_encoding_N_and_LD_not_certified
EUR:chr22:43714200-44995308__GGT	EUR:chr22:43714200-44995308	GGT	4305	True	not_evaluable_HCC_regional_diagnostic_gate	not_evaluable_HCC_regional_diagnostic_gate	1566825	437194	0	0	historical_registry_only_effect_encoding_N_and_LD_not_certified
EUR:chr22:43714200-44995308__LIVER_FAT	EUR:chr22:43714200-44995308	LIVER_FAT	4208	True	not_evaluable_HCC_regional_diagnostic_gate	not_evaluable_HCC_regional_diagnostic_gate	1566825	32858	20	0	historical_registry_only_effect_encoding_N_and_LD_not_certified
EUR:chr22:43714200-44995308__NAFLD	EUR:chr22:43714200-44995308	NAFLD	3592	True	not_evaluable_HCC_regional_diagnostic_gate	not_evaluable_HCC_regional_diagnostic_gate	1566825	778614	20	20	historical_registry_only_effect_encoding_N_and_LD_not_certified
EUR:chr22:43714200-44995308__PBC	EUR:chr22:43714200-44995308	PBC	1504	False	not_evaluable_coverage	not_evaluable_coverage	1566825	24510	0	0	historical_registry_only_effect_encoding_N_and_LD_not_certified
EUR:chr22:43714200-44995308__PSC	EUR:chr22:43714200-44995308	PSC	3285	False	not_evaluable_coverage	not_evaluable_coverage	1566825	14890	0	0	historical_registry_only_effect_encoding_N_and_LD_not_certified
EUR:chr22:44995308-46470495__AIH	EUR:chr22:44995308-46470495	AIH	5076	True	not_evaluable_HCC_regional_diagnostic_gate	not_evaluable_HCC_regional_diagnostic_gate	1566825	485234	0	0	historical_registry_only_effect_encoding_N_and_LD_not_certified
EUR:chr22:44995308-46470495__ALP	EUR:chr22:44995308-46470495	ALP	5105	True	not_evaluable_HCC_regional_diagnostic_gate	not_evaluable_HCC_regional_diagnostic_gate	1566825	437438	0	0	historical_registry_only_effect_encoding_N_and_LD_not_certified
EUR:chr22:44995308-46470495__ALT	EUR:chr22:44995308-46470495	ALT	5105	True	not_evaluable_HCC_regional_diagnostic_gate	not_evaluable_HCC_regional_diagnostic_gate	1566825	437267	12	0	historical_registry_only_effect_encoding_N_and_LD_not_certified
EUR:chr22:44995308-46470495__AST	EUR:chr22:44995308-46470495	AST	5018	True	not_evaluable_HCC_regional_diagnostic_gate	not_evaluable_HCC_regional_diagnostic_gate	1566825	342990	12	0	historical_registry_only_effect_encoding_N_and_LD_not_certified
EUR:chr22:44995308-46470495__BILI	EUR:chr22:44995308-46470495	BILI	5027	True	not_evaluable_HCC_regional_diagnostic_gate	not_evaluable_HCC_regional_diagnostic_gate	1566825	342829	0	0	historical_registry_only_effect_encoding_N_and_LD_not_certified
EUR:chr22:44995308-46470495__CIRR	EUR:chr22:44995308-46470495	CIRR	4651	True	not_evaluable_HCC_regional_diagnostic_gate	not_evaluable_HCC_regional_diagnostic_gate	1566825	1577830	12	0	historical_registry_only_effect_encoding_N_and_LD_not_certified
EUR:chr22:44995308-46470495__GGT	EUR:chr22:44995308-46470495	GGT	5105	True	not_evaluable_HCC_regional_diagnostic_gate	not_evaluable_HCC_regional_diagnostic_gate	1566825	437194	0	0	historical_registry_only_effect_encoding_N_and_LD_not_certified
EUR:chr22:44995308-46470495__LIVER_FAT	EUR:chr22:44995308-46470495	LIVER_FAT	4978	True	not_evaluable_HCC_regional_diagnostic_gate	not_evaluable_HCC_regional_diagnostic_gate	1566825	32858	12	0	historical_registry_only_effect_encoding_N_and_LD_not_certified
EUR:chr22:44995308-46470495__NAFLD	EUR:chr22:44995308-46470495	NAFLD	3799	False	not_evaluable_coverage	not_evaluable_coverage	1566825	778614	12	0	historical_registry_only_effect_encoding_N_and_LD_not_certified
EUR:chr22:44995308-46470495__PBC	EUR:chr22:44995308-46470495	PBC	1237	False	not_evaluable_coverage	not_evaluable_coverage	1566825	24510	0	0	historical_registry_only_effect_encoding_N_and_LD_not_certified
EUR:chr22:44995308-46470495__PSC	EUR:chr22:44995308-46470495	PSC	3368	False	not_evaluable_coverage	not_evaluable_coverage	1566825	14890	0	0	historical_registry_only_effect_encoding_N_and_LD_not_certified
