variable	original_block_missing	n_genes	n_available	mean	median	q25	q75	minimum	maximum
B	False	208	208	5.2307692307692308	5	4	6	4	7
B	True	75	75	5.0266666666666664	5	4	6	4	7
S	False	208	208	0.99497338841925342	0.99426605395150702	0.99317508547647426	0.99750054632867136	0.98930131004366817	0.9999454178265379
S	True	75	75	0.99206711772325318	0.99143013100436683	0.99074781659388644	0.99227577924559207	0.98941048034934498	0.99972351249723512
EUR_Y	False	208	208	2.3741412095643004	2.3496110814115609	1.942261509410554	2.7320397055400263	1.6469490525183601	3.8691043315252349
EUR_Y	True	75	75	2.3250904606731586	2.4214934608605647	2.1484456558825382	2.4778561147486751	1.8178196417766681	3.2517479382654422
EAS_Y	False	208	208	0.33310063672827983	0.13154424019342348	-0.2249599572296441	1.031864120099439	-1.7813022402770184	2.7096199154361353
EAS_Y	True	75	75	0.17810338758549463	0.18087943320850353	-0.068622320695356884	0.29862719470611676	-1.6115283090978441	2.6364048151397577
EUR_fraction	False	208	208	0.015291449770394551	0.0095035228576110103	0.0031746681959691956	0.026080069910972746	8.1926921186301814e-05	0.049811568081271504
EUR_fraction	True	75	75	0.012240246144883206	0.0077557485389699058	0.0066360806160904468	0.015866513736413786	0.00060079742203288003	0.03457316074061937
EAS_fraction	False	208	208	0.42131524349144828	0.4476998904709748	0.15109529025191676	0.58901971522453445	0.0033953997809419495	0.96259583789704273
EAS_fraction	True	75	75	0.44327199707922593	0.42825848849945236	0.38263964950711937	0.52738225629791891	0.0042168674698795181	0.94649507119386633
gene_length_bp	False	208	208	39411.240384615383	20884	9285.25	42496.5	936	579009
gene_length_bp	True	75	0						
nsnps_cis	False	208	208	5182.9903846153848	4816	3862.75	6714	1873	9077
nsnps_cis	True	75	75	6408.7333333333336	6908	5743	7047.5	2492	9154
HCCDB18_adjacent_median	False	208	196	2.1972959183673471	1.9949999999999999	0.29499999999999998	3.2875000000000001	0	10.300000000000001
HCCDB18_adjacent_median	True	75	1	0.40000000000000002	0.40000000000000002	0.40000000000000002	0.40000000000000002	0.40000000000000002	0.40000000000000002
log_gene_length	False	208	208	9.8817650531594747	9.9467261947299104	9.1361689470700966	10.657175127353772	6.8416154764775916	13.269073300475776
log_gene_length	True	75	0						
log_cis_snp_count	False	208	208	8.4884547124100855	8.4797821270956213	8.2593934871658767	8.8120982781339894	7.5358304627983674	9.1136091830164112
log_cis_snp_count	True	75	75	8.7470395387534445	8.8405801884887953	8.6559111107280593	8.8605685346868981	7.8212420835235577	9.1220554571086119
log1p_adjacent_expression	False	208	196	0.95331025027923366	1.0964409139510412	0.25848821783349973	1.4555903724332979	0	2.4248027257182949
log1p_adjacent_expression	True	75	1	0.33647223662121295	0.33647223662121295	0.33647223662121295	0.33647223662121295	0.33647223662121295	0.33647223662121295
