trait_a	trait_b	n_gene_pairs	shared_minimum_pairs	different_minimum_coordinate_pairs	median_input_Jaccard
ALP	AIH	8	0	8	0.12972919647144537
ALP	BILI	64	2	62	0.99119938411614639
ALP	PSC	14	0	14	0.22666817013831941
ALT	ALP	76	28	48	1
ALT	AST	112	62	50	0.9882030115126561
ALT	BILI	67	50	17	0.9908316961362148
AST	AIH	81	0	81	0.98263888888888884
AST	ALP	76	26	50	0.98912723958440529
AST	BILI	147	0	147	0.98276877761413839
AST	PBC	43	0	43	0.89248994188645503
AST	PSC	81	7	74	0.84770750405425332
BILI	AIH	104	0	104	0.99204838938555406
BILI	PBC	43	0	43	0.86087839553186085
BILI	PSC	110	0	110	0.83550693828813349
CIRR	AIH	104	0	104	0.86012896538824324
CIRR	ALP	90	26	64	0.84337901444321117
CIRR	ALT	127	59	68	0.84441851419681058
CIRR	AST	193	25	168	0.85732323232323238
CIRR	BILI	177	6	171	0.84550084889643462
CIRR	LIVER_FAT	86	13	73	0.8865205040353501
CIRR	NAFLD	114	5	109	0.85578024529071617
CIRR	PBC	43	0	43	0.84505541346973567
CIRR	PSC	110	0	110	0.83258285815034894
GGT	ALP	46	46	0	1
LIVER_FAT	ALP	97	3	94	0.94553990610328642
LIVER_FAT	ALT	86	82	4	0.95047195757746017
LIVER_FAT	AST	71	21	50	0.94582433405327571
LIVER_FAT	BILI	51	50	1	0.94680134680134675
LIVER_FAT	GGT	46	0	46	0.93815094209348282
LIVER_FAT	NAFLD	132	3	129	0.79016580903373357
NAFLD	ALP	125	2	123	0.73946488294314383
NAFLD	ALT	108	26	82	0.74030415667319227
NAFLD	AST	93	1	92	0.74722906403940892
NAFLD	BILI	57	1	56	0.74094931617055515
NAFLD	GGT	46	0	46	0.7442319169854491
NAFLD	PSC	6	0	6	0.78848709319611132
PBC	AIH	43	0	43	0.89555555555555555
PBC	PSC	43	0	43	0.88654353562005273
PSC	AIH	104	0	104	0.83939496963627169
