analysis_id	locus_id	QTL_source	molecular_trait_type	molecular_trait_id	gene	gene_id	QTL_sample_size	HCC_sample_size_summary	n_variants	input_path	input_sha256	LD_genotype_path	effect_orientation	HCC_endpoint_accession	HCC_cases	HCC_controls	HCC_case_fraction	HCC_signal_index	QTL_signal_index	HCC_signal_lead	QTL_signal_lead	susie_PP.H0	susie_PP.H1	susie_PP.H2	susie_PP.H3	susie_PP.H4	top_shared_variant	top_shared_variant_PP	legacy_susie_PP.H4_min_across_priors	legacy_susie_PP.H4_max_across_priors	legacy_susie_PP.H3_max_across_priors	abf_PP.H3	abf_PP.H4	abf_PP.H4_min_across_priors	abf_PP.H4_max_across_priors	abf_PP.H3_max_across_priors	legacy_evidence_class	claim_boundary	n_EUR_LD_samples	n_HCC_susie_credible_sets	n_QTL_susie_credible_sets	HCC_susie_converged	QTL_susie_converged	HCC_max_abs_z	QTL_max_abs_z	HCC_min_p	QTL_min_p	max_abs_QTL_MAF_minus_EUR_MAF	run_status	error_message	effective_N	effective_N_susie_PP.H3	effective_N_susie_PP.H4	effective_N_evidence_class	evidence_class_changed	prior_grid_complete	susie_PP.H4_min_across_priors	susie_PP.H4_max_across_priors	susie_PP.H3_min_across_priors	susie_PP.H3_max_across_priors	historical_audit_status	input_verified	ABF_scale_verified	verification_registry_sha256	source_status	recorded_relative_LD_warning_free	evidence_class	formal_shared_support_allowed	current_role
EUR:chr19:18409862-19877471__Broadaway_eQTL__HAPLN4	EUR:chr19:18409862-19877471	Broadaway_2024_liver_eQTL	eQTL	HAPLN4	HAPLN4	ENSG00000187664	1183	1566825	1896	analysis_update_2026_hcc_gwas/09_coloc/coloc_inputs/EUR_chr19_18409862-19877471__Broadaway_eQTL__HAPLN4.tsv.gz	1e5c104f80d5ced0adad2a83ebc99fcd7d472529c2d5ee59fde550e95d847bc7	result/15_molecular_qtl_completion/ld_genotypes/EUR_chr19_18409862-19877471.EUR_1000G_genotypes.tsv.gz	GCST90860790_effect_oriented_to_frozen_PLINK_BIM_A2_and_EUR_reference_dosage	GCST90860790	8216	1558609	0.0052437253681808004	3	1	rs6511020	rs4808931	0.00014635061865489999	0.0013117366345826	0.100028400086449	0.89654791188616201	0.0019656007741509999	rs11882123	0.172901125830419	2.7276541906458899e-06	0.037896709262790498	0.99853632313033203	0.99861896700373798	3.1602946065749402e-05	6.3207490165821101e-06	0.00063167962550940003	0.99864421508315704	distinct_regional_signals_supported	Saved posterior reaggregation only; input and ABF-scale restrictions remain. Signal-pair summaries do not establish gene-wide or regional architecture.	503	3	1	True	True	14.465	5.8306463801702897	2.0019999999999999e-47	7.3513300000000001e-09	0.095081536293029706	ok		32691.670209500098	0.89664472461822198	0.0019754885863919	distinct_regional_signals_supported	False	True	0.00039373930225205801	0.037896709262790498	0.86427050710709596	0.89795993648321004	H3_leaning_checks_passed	False	False	26f1a3ed06bdf2c719895f654850c9b72f95bb0a1f563275c8a29d111133e057	unresolved	True	conditional_H3_leaning_not_final_region_class	False	historical_only_no_reliable_signal_sharing_inference
EUR:chr19:18409862-19877471__Broadaway_eQTL__ISYNA1	EUR:chr19:18409862-19877471	Broadaway_2024_liver_eQTL	eQTL	ISYNA1	ISYNA1	ENSG00000105655	1183	1566825	1378	analysis_update_2026_hcc_gwas/09_coloc/coloc_inputs/EUR_chr19_18409862-19877471__Broadaway_eQTL__ISYNA1.tsv.gz	078563b764abf97ebaf01d1d47064afbd7c0a4d1085392be2bd7297294f7751a	result/15_molecular_qtl_completion/ld_genotypes/EUR_chr19_18409862-19877471.EUR_1000G_genotypes.tsv.gz	GCST90860790_effect_oriented_to_frozen_PLINK_BIM_A2_and_EUR_reference_dosage	GCST90860790	8216	1558609	0.0052437253681808004	2	1	rs6511021	rs2278238	9.6910365460828892e-06	0.00040282492121069998	0.023472431482938198	0.975671872459411	0.0004431800998948	rs8112859	0.048147117782723403	7.9947260928609002e-07	0.0087895899422731991	0.99958650236232305	0.99960529171083801	9.3951103931810304e-06	1.87903620163825e-06	0.0001878686719722	0.99961280488896798	distinct_regional_signals_supported	Saved posterior reaggregation only; input and ABF-scale restrictions remain. Signal-pair summaries do not establish gene-wide or regional architecture.	503	2	1	True	True	14.465	5.6694218292947598	2.0019999999999999e-47	1.85268e-08	0.095081536293029706	ok		32691.670209500098	0.97569017880156395	0.00043947142209300002	distinct_regional_signals_supported	False	True	8.8667456500759906e-05	0.0087895899422732598	0.96752490456613804	0.97601791383265102	H3_leaning_checks_passed	False	False	26f1a3ed06bdf2c719895f654850c9b72f95bb0a1f563275c8a29d111133e057	unresolved	True	conditional_H3_leaning_not_final_region_class	False	historical_only_no_reliable_signal_sharing_inference
EUR:chr19:18409862-19877471__Broadaway_eQTL__KXD1	EUR:chr19:18409862-19877471	Broadaway_2024_liver_eQTL	eQTL	KXD1	KXD1	ENSG00000105700	1183	1566825	1546	analysis_update_2026_hcc_gwas/09_coloc/coloc_inputs/EUR_chr19_18409862-19877471__Broadaway_eQTL__KXD1.tsv.gz	4dee747e540f807bf91bafdb3d6487ca30848454a1bfd686ce21c714636f525b	result/15_molecular_qtl_completion/ld_genotypes/EUR_chr19_18409862-19877471.EUR_1000G_genotypes.tsv.gz	GCST90860790_effect_oriented_to_frozen_PLINK_BIM_A2_and_EUR_reference_dosage	GCST90860790	8216	1558609	0.0052437253681808004	2	1	rs6511021	rs62137091	9.5294968288942394e-05	0.0039162186543238	0.023650048623114699	0.97191575481262105	0.00042268294165169999	rs2283616	0.095860632944236204	2.18353928292955e-05	0.0083863085909225994	0.99596504481687498	0.99500624767365298	0.00039612754731520002	7.9250624147343999e-05	0.0078633679100718005	0.99532166713828596	distinct_regional_signals_supported	Saved posterior reaggregation only; input and ABF-scale restrictions remain. Signal-pair summaries do not establish gene-wide or regional architecture.	503	2	1	True	True	14.465	5.4605445504198302	2.0019999999999999e-47	5.9296939999999999e-08	0.095081536293029706	ok		32691.670209500098	0.97190672017214697	0.00042362041661939999	distinct_regional_signals_supported	False	True	8.4565183738839804e-05	0.0083863085909226791	0.964172508640596	0.97224451575015802	H3_leaning_checks_passed	False	False	26f1a3ed06bdf2c719895f654850c9b72f95bb0a1f563275c8a29d111133e057	unresolved	True	conditional_H3_leaning_not_final_region_class	False	historical_only_no_reliable_signal_sharing_inference
EUR:chr19:18409862-19877471__Broadaway_eQTL__MAU2	EUR:chr19:18409862-19877471	Broadaway_2024_liver_eQTL	eQTL	MAU2	MAU2	ENSG00000129933	1183	1566825	1896	analysis_update_2026_hcc_gwas/09_coloc/coloc_inputs/EUR_chr19_18409862-19877471__Broadaway_eQTL__MAU2.tsv.gz	82ecfad302a295688dbe0c7d045e23b7075ebeab33e788722e83b6f81154be5d	result/15_molecular_qtl_completion/ld_genotypes/EUR_chr19_18409862-19877471.EUR_1000G_genotypes.tsv.gz	GCST90860790_effect_oriented_to_frozen_PLINK_BIM_A2_and_EUR_reference_dosage	GCST90860790	8216	1558609	0.0052437253681808004	3	2	rs6511020	rs10426780	0	0	0.099884243746189399	0.89525004227677896	0.0048657139739816	rs11882123	0.70441406200485401	1.47912818763209e-48	0.089079049167961097	1	0.99999594574510298	1.38779102000339e-07	2.77558234816101e-08	2.7755747213631601e-06	0.99999605676794201	distinct_regional_signals_supported	Saved posterior reaggregation only; input and ABF-scale restrictions remain. Signal-pair summaries do not establish gene-wide or regional architecture.	503	3	5	True	True	14.465	6.9473975892485997	2.0019999999999999e-47	6.5307730000000002e-12	0.095081536293029706	ok		32691.670209500098	0.89533056556948099	0.0048935187971287002	distinct_regional_signals_supported	False	True	0.00097694562518643702	0.089079049167961097	0.81948942087194199	0.89874848473051205	H3_leaning_checks_passed	False	False	26f1a3ed06bdf2c719895f654850c9b72f95bb0a1f563275c8a29d111133e057	unresolved	True	conditional_H3_leaning_not_final_region_class	False	historical_only_no_reliable_signal_sharing_inference
EUR:chr19:18409862-19877471__Broadaway_eQTL__RFXANK	EUR:chr19:18409862-19877471	Broadaway_2024_liver_eQTL	eQTL	RFXANK	RFXANK	ENSG00000064490	1183	1566825	1896	analysis_update_2026_hcc_gwas/09_coloc/coloc_inputs/EUR_chr19_18409862-19877471__Broadaway_eQTL__RFXANK.tsv.gz	dac6530203caa31b9072d8e4bdb3d9fef8e09e9bb2c90472e5931056ef36eef0	result/15_molecular_qtl_completion/ld_genotypes/EUR_chr19_18409862-19877471.EUR_1000G_genotypes.tsv.gz	GCST90860790_effect_oriented_to_frozen_PLINK_BIM_A2_and_EUR_reference_dosage	GCST90860790	8216	1558609	0.0052437253681808004	3	1	rs6511020	rs113571327	0.0092724910161641992	0.083109086053276798	0.090801353761993497	0.81384413069949502	0.0029729384690711999	rs6511020	0.102223559792508	0.0002494341576781	0.056279760354265899	0.90711695823498195	0.6381457050007	0.0093847121720508006	0.0018911406832011	0.15929111872572299	0.64297299821885101	distinct_regional_signals_supported	Saved posterior reaggregation only; input and ABF-scale restrictions remain. Signal-pair summaries do not establish gene-wide or regional architecture.	503	3	1	True	True	14.465	4.9625181702462902	2.0019999999999999e-47	8.1186959999999996e-07	0.095081536293029706	ok		32691.670209500098	0.81393660923134104	0.0029771865626817	distinct_regional_signals_supported	False	True	0.00059600520325145704	0.056279760354265899	0.77033132569007601	0.81578435204562505	H3_leaning_checks_passed	False	False	26f1a3ed06bdf2c719895f654850c9b72f95bb0a1f563275c8a29d111133e057	unresolved	True	conditional_H3_leaning_not_final_region_class	False	historical_only_no_reliable_signal_sharing_inference
EUR:chr19:18409862-19877471__Broadaway_eQTL__SSBP4	EUR:chr19:18409862-19877471	Broadaway_2024_liver_eQTL	eQTL	SSBP4	SSBP4	ENSG00000130511	1183	1566825	1371	analysis_update_2026_hcc_gwas/09_coloc/coloc_inputs/EUR_chr19_18409862-19877471__Broadaway_eQTL__SSBP4.tsv.gz	451f957169a36136b9b17b04122b278429ddf808c96ad76cfea6baf6e8d409b9	result/15_molecular_qtl_completion/ld_genotypes/EUR_chr19_18409862-19877471.EUR_1000G_genotypes.tsv.gz	GCST90860790_effect_oriented_to_frozen_PLINK_BIM_A2_and_EUR_reference_dosage	GCST90860790	8216	1558609	0.0052437253681808004	2	1	rs6511021	rs12980726	1.34138109523444e-05	0.00055671262982490003	0.023503046031934399	0.97544461265652405	0.00048221487076369998	rs7256530	0.065085441861316595	1.45810865293512e-06	0.0095567377947442002	0.99942814176825501	0.99939047748253595	1.7961736180626899e-05	3.5923988567018102e-06	0.00035911216832999998	0.99940483831937699	distinct_regional_signals_supported	Saved posterior reaggregation only; input and ABF-scale restrictions remain. Signal-pair summaries do not establish gene-wide or regional architecture.	503	2	1	True	True	14.465	5.7354385661153904	2.0019999999999999e-47	1.2723259999999999e-08	0.095081536293029706	ok		32691.670209500098	0.97546080201610297	0.00047796520352839998	distinct_regional_signals_supported	False	True	9.6480193499991296e-05	0.0095567377947442297	0.96658864767989305	0.97582105699643495	H3_leaning_checks_passed	False	False	26f1a3ed06bdf2c719895f654850c9b72f95bb0a1f563275c8a29d111133e057	unresolved	True	conditional_H3_leaning_not_final_region_class	False	historical_only_no_reliable_signal_sharing_inference
EUR:chr19:18409862-19877471__Broadaway_eQTL__SUGP1	EUR:chr19:18409862-19877471	Broadaway_2024_liver_eQTL	eQTL	SUGP1	SUGP1	ENSG00000105705	1183	1566825	1896	analysis_update_2026_hcc_gwas/09_coloc/coloc_inputs/EUR_chr19_18409862-19877471__Broadaway_eQTL__SUGP1.tsv.gz	e0f018c19e3a73b887354e47ba5b4c39445a981dc3ea31b22f3171e67c51b724	result/15_molecular_qtl_completion/ld_genotypes/EUR_chr19_18409862-19877471.EUR_1000G_genotypes.tsv.gz	GCST90860790_effect_oriented_to_frozen_PLINK_BIM_A2_and_EUR_reference_dosage	GCST90860790	8216	1558609	0.0052437253681808004	3	1	rs6511020	rs72999016	0.0135388198213408	0.121348075682157	0.086485805062652105	0.77516300177277697	0.0034642976610733999	rs71332142	0.082546160595597204	0.00037354784726250002	0.065007079617873206	0.86431423298201004	0.85834534294639597	0.0056059483619400998	0.0011262405896589999	0.10132638778403701	0.86221215640708904	distinct_regional_signals_supported	Saved posterior reaggregation only; input and ABF-scale restrictions remain. Signal-pair summaries do not establish gene-wide or regional architecture.	503	3	1	True	True	14.465	4.5292516756617598	2.0019999999999999e-47	6.5999260000000004e-06	0.095081536293029706	ok		32691.670209500098	0.77526416828438505	0.0034517351830103001	inconclusive	True	True	0.00069478508609364205	0.065007079617873206	0.72729147294835705	0.77731728854447002	ABF_dependent_label	False	False	26f1a3ed06bdf2c719895f654850c9b72f95bb0a1f563275c8a29d111133e057	unresolved	True	conditional_inconclusive	False	historical_only_no_reliable_signal_sharing_inference
EUR:chr19:18409862-19877471__Broadaway_eQTL__TM6SF2	EUR:chr19:18409862-19877471	Broadaway_2024_liver_eQTL	eQTL	TM6SF2	TM6SF2	ENSG00000213996	1183	1566825	1896	analysis_update_2026_hcc_gwas/09_coloc/coloc_inputs/EUR_chr19_18409862-19877471__Broadaway_eQTL__TM6SF2.tsv.gz	9bdca5f98c5316894e07a29b6d584a3b06463cca5c0a761c4a434aed22c60170	result/15_molecular_qtl_completion/ld_genotypes/EUR_chr19_18409862-19877471.EUR_1000G_genotypes.tsv.gz	GCST90860790_effect_oriented_to_frozen_PLINK_BIM_A2_and_EUR_reference_dosage	GCST90860790	8216	1558609	0.0052437253681808004	3	1	rs6511020	rs754256	6.0800154135859303e-05	0.0005449501361954	0.100082727787283	0.897034226208685	0.0022772957137012998	rs10423147	0.031600531314616501	1.2087499342657901e-06	0.043656938839853297	0.99939131735762798	0.99931852186665104	1.9546376283148099e-05	3.9093363873176399e-06	0.00039078239644739997	0.99933414855568903	distinct_regional_signals_supported	Saved posterior reaggregation only; input and ABF-scale restrictions remain. Signal-pair summaries do not establish gene-wide or regional architecture.	503	3	1	True	True	14.465	5.4444410490903401	2.0019999999999999e-47	6.4746139999999995e-08	0.095081536293029706	ok		32691.670209500098	0.89715467863707798	0.0022609547756268999	distinct_regional_signals_supported	False	True	0.00045629042933139897	0.043656938839853297	0.85983054627537903	0.89867145873749099	H3_leaning_checks_passed	False	False	26f1a3ed06bdf2c719895f654850c9b72f95bb0a1f563275c8a29d111133e057	unresolved	True	conditional_H3_leaning_not_final_region_class	False	historical_only_no_reliable_signal_sharing_inference
EUR:chr19:18409862-19877471__Broadaway_eQTL__TMEM161A	EUR:chr19:18409862-19877471	Broadaway_2024_liver_eQTL	eQTL	TMEM161A	TMEM161A	ENSG00000064545	1183	1566825	1896	analysis_update_2026_hcc_gwas/09_coloc/coloc_inputs/EUR_chr19_18409862-19877471__Broadaway_eQTL__TMEM161A.tsv.gz	5516708e046a05fe9797f176c3f68d73999e73e70f5b780560524603c37f5f0b	result/15_molecular_qtl_completion/ld_genotypes/EUR_chr19_18409862-19877471.EUR_1000G_genotypes.tsv.gz	GCST90860790_effect_oriented_to_frozen_PLINK_BIM_A2_and_EUR_reference_dosage	GCST90860790	8216	1558609	0.0052437253681808004	3	1	rs6511020	rs4808923	0.0055441537734554	0.049692100240104897	0.029332523213553899	0.261598947239152	0.65383227553373302	rs4808923	0.31130743830234697	0.00048829043407679995	0.97421049385087199	0.84062404690703196	0.832362380540839	0.0047732923596623001	0.00095831793728290004	0.087527733429712207	0.83555305173920902	shared_molecular_QTL_signal_suggestive	Saved posterior reaggregation only; input and ABF-scale restrictions remain. Signal-pair summaries do not establish gene-wide or regional architecture.	503	3	1	True	True	14.465	4.7586374741414001	2.0019999999999999e-47	2.2227649999999998e-06	0.095081536293029706	ok		32691.670209500098	0.26463105568260598	0.64986881475894898	shared_molecular_QTL_signal_suggestive	False	True	0.27418134557648699	0.97421049385087199	0.019489129637465699	0.54850115266084498	suggestive_non_robust	False	False	26f1a3ed06bdf2c719895f654850c9b72f95bb0a1f563275c8a29d111133e057	unresolved	True	conditional_H4_suggestive_not_robust	False	historical_only_no_reliable_signal_sharing_inference
EUR:chr19:18409862-19877471__Broadaway_eQTL__UBA52	EUR:chr19:18409862-19877471	Broadaway_2024_liver_eQTL	eQTL	UBA52	UBA52	ENSG00000221983	1183	1566825	1549	analysis_update_2026_hcc_gwas/09_coloc/coloc_inputs/EUR_chr19_18409862-19877471__Broadaway_eQTL__UBA52.tsv.gz	650da8e63fc38123877a9d97b67055fea7c201457b9b950d75f5b3f813f7252a	result/15_molecular_qtl_completion/ld_genotypes/EUR_chr19_18409862-19877471.EUR_1000G_genotypes.tsv.gz	GCST90860790_effect_oriented_to_frozen_PLINK_BIM_A2_and_EUR_reference_dosage	GCST90860790	8216	1558609	0.0052437253681808004	2	4	rs6511021	rs144474740	1.08923646167304e-17	4.4726484098043697e-16	0.023721615530548801	0.97405812269376801	0.0022202617756843998	rs144474740	0.87849427683871295	4.9660461082374401e-45	0.042607825513374498	1	1	1.2700565273615101e-43	2.5401130547229099e-44	2.5401130547231501e-42	1	distinct_regional_signals_supported	Saved posterior reaggregation only; input and ABF-scale restrictions remain. Signal-pair summaries do not establish gene-wide or regional architecture.	503	2	4	True	True	14.465	33.3715343415249	2.0019999999999999e-47	7.3569180000000004e-167	0.095081536293029706	ok		32691.670209500098	0.97404544730058995	0.0022232192653457998	distinct_regional_signals_supported	False	True	0.00044484248855572602	0.042607825513374498	0.93463074908872801	0.97579133245095195	H3_leaning_checks_passed	False	False	26f1a3ed06bdf2c719895f654850c9b72f95bb0a1f563275c8a29d111133e057	unresolved	True	conditional_H3_leaning_not_final_region_class	False	historical_only_no_reliable_signal_sharing_inference
EUR:chr19:18409862-19877471__GTEx_eQTL__ENSG00000184162	EUR:chr19:18409862-19877471	GTEx_v8_liver_eQTL_Catalogue	eQTL	ENSG00000184162	NR2C2AP	ENSG00000184162	208	1566825	1770	analysis_update_2026_hcc_gwas/09_coloc/coloc_inputs/EUR_chr19_18409862-19877471__GTEx_eQTL__ENSG00000184162.tsv.gz	51666bd91cb66db1c7505d98510b820b3d0efa54f6975307d37af3717053fdfa	result/15_molecular_qtl_completion/ld_genotypes/EUR_chr19_18409862-19877471.EUR_1000G_genotypes.tsv.gz	GCST90860790_effect_oriented_to_frozen_PLINK_BIM_A2_and_EUR_reference_dosage	GCST90860790	8216	1558609	0.0052437253681808004	3	1	rs6511020	rs10425982	0.017105850721838699	0.14880876278925301	0.085647910494867294	0.74506930831610196	0.0033681676779390999	rs6511020	0.085279847011971499	0.00040093730037419999	0.063311708974523997	0.83319093583890802	0.68844222648012598	0.011636131704842999	0.0023490938331522	0.19058652572194501	0.69491108803495005	inconclusive	Saved posterior reaggregation only; input and ABF-scale restrictions remain. Signal-pair summaries do not establish gene-wide or regional architecture.	503	3	1	True	True	14.465	4.56045231322266	2.0019999999999999e-47	9.0556300000000006e-06	0.0873172199192047	ok		32691.670209500098	0.74509496040142797	0.0033646407300104001	inconclusive	False	True	0.00067545356828915305	0.063311708974523997	0.70025627766284104	0.74708234720780098	inconclusive_checks_passed	False	False	26f1a3ed06bdf2c719895f654850c9b72f95bb0a1f563275c8a29d111133e057	unresolved	True	conditional_inconclusive	False	historical_only_no_reliable_signal_sharing_inference
EUR:chr19:18409862-19877471__GTEx_eQTL__ENSG00000250067	EUR:chr19:18409862-19877471	GTEx_v8_liver_eQTL_Catalogue	eQTL	ENSG00000250067	YJEFN3	ENSG00000250067	208	1566825	1682	analysis_update_2026_hcc_gwas/09_coloc/coloc_inputs/EUR_chr19_18409862-19877471__GTEx_eQTL__ENSG00000250067.tsv.gz	d6c108fd478c5fe11661d460a8eb2054f9db52f95de1b6e4c157c08d2f60f2f5	result/15_molecular_qtl_completion/ld_genotypes/EUR_chr19_18409862-19877471.EUR_1000G_genotypes.tsv.gz	GCST90860790_effect_oriented_to_frozen_PLINK_BIM_A2_and_EUR_reference_dosage	GCST90860790	8216	1558609	0.0052437253681808004	3	1	rs6511020	rs34667451	0.00042666540701080002	0.0037407613472883999	0.101792303558187	0.89245426265265304	0.0015860070348606	rs34067609	0.056603401453866498	1.66945804873969e-05	0.0307922431270586	0.995809340845623	0.95213648026535402	0.0023266678431657999	0.0004662013251384	0.0445633583395081	0.95391202942060604	distinct_regional_signals_supported	Saved posterior reaggregation only; input and ABF-scale restrictions remain. Signal-pair summaries do not establish gene-wide or regional architecture.	503	3	1	True	True	14.465	5.3290641301207398	2.0019999999999999e-47	2.7375500000000001e-07	0.0873172199192047	ok		32691.670209500098	0.89261161127275401	0.001567582115518	distinct_regional_signals_supported	False	True	0.00031760438520351799	0.0307922431270586	0.86634762744904203	0.89358805220230098	H3_leaning_checks_passed	False	False	26f1a3ed06bdf2c719895f654850c9b72f95bb0a1f563275c8a29d111133e057	unresolved	True	conditional_H3_leaning_not_final_region_class	False	historical_only_no_reliable_signal_sharing_inference
EUR:chr19:18409862-19877471__GTEx_sQTL__19:18900449-18904771:clu_16997_-:ENSG00000105669	EUR:chr19:18409862-19877471	GTEx_v8_liver_eQTL_Catalogue	sQTL	19:18900449-18904771:clu_16997_-:ENSG00000105669	COPE	ENSG00000105669	208	1566825	1770	analysis_update_2026_hcc_gwas/09_coloc/coloc_inputs/EUR_chr19_18409862-19877471__GTEx_sQTL__19_18900449-18904771_clu_16997_-_ENSG00000105669.tsv.gz	9a1a790515fd35a0f64a37647a60f1260d3b4e410d464497304173ffbdfa53c6	result/15_molecular_qtl_completion/ld_genotypes/EUR_chr19_18409862-19877471.EUR_1000G_genotypes.tsv.gz	GCST90860790_effect_oriented_to_frozen_PLINK_BIM_A2_and_EUR_reference_dosage	GCST90860790	8216	1558609	0.0052437253681808004															0.14806200342922099	0.033532191049619499	0.0068913025899451997	0.40965063635631999	0.152143363700038	not_estimable_no_credible_set_for_one_or_both_traits	Saved posterior reaggregation only; input and ABF-scale restrictions remain. Signal-pair summaries do not establish gene-wide or regional architecture.	503	3	0	True	True	14.465	3.4011522274484798	2.0019999999999999e-47	0.00081555699999999996	0.0873172199192047	no_credible_set_for_one_or_both_traits												not_estimable	False	False	26f1a3ed06bdf2c719895f654850c9b72f95bb0a1f563275c8a29d111133e057	unresolved	True	not_estimable	False	historical_only_no_reliable_signal_sharing_inference
EUR:chr19:18409862-19877471__GTEx_sQTL__19:18924979-18926303:clu_64220_+:ENSG00000105671	EUR:chr19:18409862-19877471	GTEx_v8_liver_eQTL_Catalogue	sQTL	19:18924979-18926303:clu_64220_+:ENSG00000105671	DDX49	ENSG00000105671	208	1566825	1770	analysis_update_2026_hcc_gwas/09_coloc/coloc_inputs/EUR_chr19_18409862-19877471__GTEx_sQTL__19_18924979-18926303_clu_64220_+_ENSG00000105671.tsv.gz	b4a3ddde163530a17799a7fd2f7e64e24922c3a059fc387d429e15890197b53b	result/15_molecular_qtl_completion/ld_genotypes/EUR_chr19_18409862-19877471.EUR_1000G_genotypes.tsv.gz	GCST90860790_effect_oriented_to_frozen_PLINK_BIM_A2_and_EUR_reference_dosage	GCST90860790	8216	1558609	0.0052437253681808004	3	1	rs6511020	rs62138075	5.2431752845266901e-05	0.00045611904363310001	0.102901960088841	0.89517119587834304	0.0014182932363382	rs62138075	0.93636565463381505	8.4424567263063104e-07	0.027621531531154798	0.99948988453156196	0.99924599403376702	2.8161646095977199e-05	5.6324561145839798e-06	0.00056293171332940002	0.99926850687059499	distinct_regional_signals_supported	Saved posterior reaggregation only; input and ABF-scale restrictions remain. Signal-pair summaries do not establish gene-wide or regional architecture.	503	3	1	True	True	14.465	6.8175030605243903	2.0019999999999999e-47	1.15586e-10	0.0873172199192047	ok		32691.670209500098	0.89519688866718705	0.0014204755977446999	distinct_regional_signals_supported	False	True	0.000283980861776062	0.027621531531154798	0.87168149643624404	0.89618804182891199	H3_leaning_checks_passed	False	False	26f1a3ed06bdf2c719895f654850c9b72f95bb0a1f563275c8a29d111133e057	unresolved	True	conditional_H3_leaning_not_final_region_class	False	historical_only_no_reliable_signal_sharing_inference
EUR:chr19:18409862-19877471__GTEx_sQTL__19:19055928-19057393:clu_64226_+:ENSG00000105676	EUR:chr19:18409862-19877471	GTEx_v8_liver_eQTL_Catalogue	sQTL	19:19055928-19057393:clu_64226_+:ENSG00000105676	ARMC6	ENSG00000105676	208	1566825	1770	analysis_update_2026_hcc_gwas/09_coloc/coloc_inputs/EUR_chr19_18409862-19877471__GTEx_sQTL__19_19055928-19057393_clu_64226_+_ENSG00000105676.tsv.gz	df511dac43ce6697f166e8779a63b44637b31b78caf5fc90686698856e4a3138	result/15_molecular_qtl_completion/ld_genotypes/EUR_chr19_18409862-19877471.EUR_1000G_genotypes.tsv.gz	GCST90860790_effect_oriented_to_frozen_PLINK_BIM_A2_and_EUR_reference_dosage	GCST90860790	8216	1558609	0.0052437253681808004	3	1	rs6511020	rs10854005	2.2354545185579099e-09	1.9446868009525699e-08	0.024941768013401099	0.21545647931492601	0.75960173098934902	rs71332142	0.68211063909945102	1.4194427221513501e-10	0.98442252943894704	0.99999991023111501	0.99999989561798097	4.0656259460946501e-09	8.1312519186361397e-10	8.1312512640753106e-08	0.99999989887047602	shared_molecular_QTL_signal_suggestive	Saved posterior reaggregation only; input and ABF-scale restrictions remain. Signal-pair summaries do not establish gene-wide or regional architecture.	503	3	1	True	True	14.465	8.1644552871724603	2.0019999999999999e-47	4.1125999999999998e-14	0.0873172199192047	ok		32691.670209500098	0.21486207058273599	0.76027176571827404	shared_molecular_QTL_signal_suggestive	False	True	0.387237159565125	0.98442252943894704	0.0139612775812765	0.549187499554183	suggestive_non_robust	False	False	26f1a3ed06bdf2c719895f654850c9b72f95bb0a1f563275c8a29d111133e057	unresolved	True	conditional_H4_suggestive_not_robust	False	historical_only_no_reliable_signal_sharing_inference
EUR:chr19:19877471-20905757__GTEx_eQTL__ENSG00000081665	EUR:chr19:19877471-20905757	GTEx_v8_liver_eQTL_Catalogue	eQTL	ENSG00000081665	ZNF506	ENSG00000081665	208	1566825	2367	analysis_update_2026_hcc_gwas/09_coloc/coloc_inputs/EUR_chr19_19877471-20905757__GTEx_eQTL__ENSG00000081665.tsv.gz	cb025a2b1401efdb4d873a095e632487a3398fab5d6cd4cac931b3064177e36b	result/15_molecular_qtl_completion/ld_genotypes/EUR_chr19_19877471-20905757.EUR_1000G_genotypes.tsv.gz	GCST90860790_effect_oriented_to_frozen_PLINK_BIM_A2_and_EUR_reference_dosage	GCST90860790	8216	1558609	0.0052437253681808004	1	2	rs150617279	rs10408434	5.60409063416963e-07	0.15529266742335601	3.0307245154180998e-06	0.83982193245589298	0.0048818089871733999	rs150617279	0.90139285657215895	1.26108845069782e-06	0.089348697526502804	0.99999504499497605	0.99996166697059496	2.7313946322245499e-06	5.4628012013018097e-07	5.4625057795287802e-05	0.99996385200731497	distinct_regional_signals_supported	Saved posterior reaggregation only; input and ABF-scale restrictions remain. Signal-pair summaries do not establish gene-wide or regional architecture.	503	1	2	True	True	6.9330000000001899	7.4537026298960596	4.1079999999999999e-12	2.9790099999999998e-12	0.12555391897010801	ok		32691.670209500098	0.839823142692252	0.0048802588337646998	distinct_regional_signals_supported	False	True	0.00098018987723614203	0.089348697526502804	0.76853678642772405	0.84311467228338799	H3_leaning_checks_passed	False	False	26f1a3ed06bdf2c719895f654850c9b72f95bb0a1f563275c8a29d111133e057	unresolved	True	conditional_H3_leaning_not_final_region_class	False	historical_only_no_reliable_signal_sharing_inference
EUR:chr19:19877471-20905757__GTEx_eQTL__ENSG00000197124	EUR:chr19:19877471-20905757	GTEx_v8_liver_eQTL_Catalogue	eQTL	ENSG00000197124	ZNF682	ENSG00000197124	208	1566825	2367	analysis_update_2026_hcc_gwas/09_coloc/coloc_inputs/EUR_chr19_19877471-20905757__GTEx_eQTL__ENSG00000197124.tsv.gz	2049b7c140a661133be016cfcb8a34b7f0a68b7b8b7958ace8f22d3810100f1f	result/15_molecular_qtl_completion/ld_genotypes/EUR_chr19_19877471-20905757.EUR_1000G_genotypes.tsv.gz	GCST90860790_effect_oriented_to_frozen_PLINK_BIM_A2_and_EUR_reference_dosage	GCST90860790	8216	1558609	0.0052437253681808004	1	1	rs150617279	rs7248117	6.2000957550240597e-12	1.7180832197953501e-06	3.5968467271076001e-06	0.99670092316454095	0.0032937618993121001	rs4808992	0.104132318520715	0.00066049278463740002	0.061995469965122403	0.99933417823730597	0.99859160202538599	0.0013777355158797	0.00027585114310950002	0.026851811134154802	0.99969345256505904	distinct_regional_signals_supported	Saved posterior reaggregation only; input and ABF-scale restrictions remain. Signal-pair summaries do not establish gene-wide or regional architecture.	503	1	1	True	True	6.9330000000001899	7.4786540652204998	4.1079999999999999e-12	2.5716799999999998e-12	0.12555391897010801	ok		32691.670209500098	0.99663815638310904	0.0033564121351914999	distinct_regional_signals_supported	False	True	0.00066049278463747201	0.061995469965122403	0.93799952812559795	0.99933417823730597	H3_leaning_checks_passed	False	False	26f1a3ed06bdf2c719895f654850c9b72f95bb0a1f563275c8a29d111133e057	unresolved	True	conditional_H3_leaning_not_final_region_class	False	historical_only_no_reliable_signal_sharing_inference
EUR:chr19:19877471-20905757__GTEx_eQTL__ENSG00000237440	EUR:chr19:19877471-20905757	GTEx_v8_liver_eQTL_Catalogue	eQTL	ENSG00000237440	ZNF737	ENSG00000237440	208	1566825	2367	analysis_update_2026_hcc_gwas/09_coloc/coloc_inputs/EUR_chr19_19877471-20905757__GTEx_eQTL__ENSG00000237440.tsv.gz	9fc863c8318855a3bee4c3423b898cae92bf162887a725b68ea64d58749635d9	result/15_molecular_qtl_completion/ld_genotypes/EUR_chr19_19877471-20905757.EUR_1000G_genotypes.tsv.gz	GCST90860790_effect_oriented_to_frozen_PLINK_BIM_A2_and_EUR_reference_dosage	GCST90860790	8216	1558609	0.0052437253681808004	1	1	rs150617279	rs7247093	4.2382275221802498e-07	0.117443792406468	3.1792938960557501e-06	0.88099804141012195	0.0015545630667615001	rs150617279	0.83528484499909195	0.00031129976144170002	0.030199274477075301	0.88209505933060905	0.80050116370587898	0.0074038638714917001	0.0014895957858358001	0.129815664737821	0.80527085634593099	distinct_regional_signals_supported	Saved posterior reaggregation only; input and ABF-scale restrictions remain. Signal-pair summaries do not establish gene-wide or regional architecture.	503	1	1	True	True	6.9330000000001899	4.3521661964139398	4.1079999999999999e-12	2.1835200000000001e-05	0.12555391897010801	ok		32691.670209500098	0.88099766560311199	0.0015548718003360999	distinct_regional_signals_supported	False	True	0.00031129976144177803	0.030199274477075301	0.85572281482712698	0.88209505933060905	H3_leaning_checks_passed	False	False	26f1a3ed06bdf2c719895f654850c9b72f95bb0a1f563275c8a29d111133e057	unresolved	True	conditional_H3_leaning_not_final_region_class	False	historical_only_no_reliable_signal_sharing_inference
EUR:chr19:19877471-20905757__GTEx_eQTL__ENSG00000256771	EUR:chr19:19877471-20905757	GTEx_v8_liver_eQTL_Catalogue	eQTL	ENSG00000256771	ZNF253	ENSG00000256771	208	1566825	2367	analysis_update_2026_hcc_gwas/09_coloc/coloc_inputs/EUR_chr19_19877471-20905757__GTEx_eQTL__ENSG00000256771.tsv.gz	59467191cff7644313d78385fe69d680e69cea87798e12692d5722bac9c5ec28	result/15_molecular_qtl_completion/ld_genotypes/EUR_chr19_19877471-20905757.EUR_1000G_genotypes.tsv.gz	GCST90860790_effect_oriented_to_frozen_PLINK_BIM_A2_and_EUR_reference_dosage	GCST90860790	8216	1558609	0.0052437253681808004	1	1	rs150617279	rs143517257	5.4938845752924602e-08	0.0152238792322746	2.9828435705493999e-06	0.82624654987210799	0.1585265331132	rs12327770	0.72845355888559904	0.036310212277849599	0.79026106658945405	0.946251300350896	0.797327934290194	0.11614895875998001	0.0256093954442543	0.72438483437351797	0.87900427976214601	distinct_regional_signals_supported	Saved posterior reaggregation only; input and ABF-scale restrictions remain. Signal-pair summaries do not establish gene-wide or regional architecture.	503	1	1	True	True	6.9330000000001899	5.41081407914682	4.1079999999999999e-12	1.8456300000000001e-07	0.12555391897010801	ok		32691.670209500098	0.82526079214562398	0.15953031483902	distinct_regional_signals_supported	False	True	0.036310212277849599	0.79026106658945405	0.20594359409270999	0.946251300350896	H3_leaning_checks_passed	False	False	26f1a3ed06bdf2c719895f654850c9b72f95bb0a1f563275c8a29d111133e057	unresolved	True	conditional_H3_leaning_not_final_region_class	False	historical_only_no_reliable_signal_sharing_inference
EUR:chr19:19877471-20905757__GTEx_eQTL__ENSG00000266904	EUR:chr19:19877471-20905757	GTEx_v8_liver_eQTL_Catalogue	eQTL	ENSG00000266904	LINC00663	ENSG00000266904	208	1566825	2367	analysis_update_2026_hcc_gwas/09_coloc/coloc_inputs/EUR_chr19_19877471-20905757__GTEx_eQTL__ENSG00000266904.tsv.gz	31ba535d9772d1b03a8a439914aef5b44110149f929452149081b774f1880628	result/15_molecular_qtl_completion/ld_genotypes/EUR_chr19_19877471-20905757.EUR_1000G_genotypes.tsv.gz	GCST90860790_effect_oriented_to_frozen_PLINK_BIM_A2_and_EUR_reference_dosage	GCST90860790	8216	1558609	0.0052437253681808004	1	1	rs150617279	rs62134511	7.0538222760448703e-07	0.19546558902854	2.8819237202461998e-06	0.79858622607957996	0.0059445975859306003	rs150617279	0.57824412316359097	0.001194600653314	0.10682621354652	0.80240219258918899	0.24443684118644399	0.048083878065928197	0.0100015045119275	0.50255055173674601	0.25421578586647398	inconclusive	Saved posterior reaggregation only; input and ABF-scale restrictions remain. Signal-pair summaries do not establish gene-wide or regional architecture.	503	1	1	True	True	6.9330000000001899	5.3790147843858298	4.1079999999999999e-12	2.15249e-07	0.12555391897010801	ok		32691.670209500098	0.79857423510953895	0.0059593997093556998	inconclusive	False	True	0.001194600653314	0.10682621354652	0.71754178049321804	0.80240219258918899	inconclusive_checks_passed	False	False	26f1a3ed06bdf2c719895f654850c9b72f95bb0a1f563275c8a29d111133e057	unresolved	True	conditional_inconclusive	False	historical_only_no_reliable_signal_sharing_inference
EUR:chr19:19877471-20905757__GTEx_eQTL__ENSG00000267481	EUR:chr19:19877471-20905757	GTEx_v8_liver_eQTL_Catalogue	eQTL	ENSG00000267481	ENSG00000267481	ENSG00000267481	208	1566825	2367	analysis_update_2026_hcc_gwas/09_coloc/coloc_inputs/EUR_chr19_19877471-20905757__GTEx_eQTL__ENSG00000267481.tsv.gz	c5a3182c6f84903a3369647c8dd96840f36c7118010e011fec6263b61a73348a	result/15_molecular_qtl_completion/ld_genotypes/EUR_chr19_19877471-20905757.EUR_1000G_genotypes.tsv.gz	GCST90860790_effect_oriented_to_frozen_PLINK_BIM_A2_and_EUR_reference_dosage	GCST90860790	8216	1558609	0.0052437253681808004	1	1	rs150617279	rs7247625	4.9619705146570798e-08	0.0137499138968032	3.55857694347642e-06	0.98610243912357698	0.00014403878297230001	rs150617279	0.86674287854702403	2.88110765243836e-05	0.0028729132518073002	0.98621608181491305	0.96066521166213703	0.0014892670319315	0.0002982086962903	0.0289657243697924	0.96181112654350198	distinct_regional_signals_supported	Saved posterior reaggregation only; input and ABF-scale restrictions remain. Signal-pair summaries do not establish gene-wide or regional architecture.	503	1	1	True	True	6.9330000000001899	5.7559191788212196	4.1079999999999999e-12	3.3429199999999999e-08	0.12555391897010801	ok		32691.670209500098	0.98610232054254499	0.000144041762257	distinct_regional_signals_supported	False	True	2.88110765243836e-05	0.0028729132518073401	0.98341110169682899	0.98621608181491305	H3_leaning_checks_passed	False	False	26f1a3ed06bdf2c719895f654850c9b72f95bb0a1f563275c8a29d111133e057	unresolved	True	conditional_H3_leaning_not_final_region_class	False	historical_only_no_reliable_signal_sharing_inference
EUR:chr22:43714200-44995308__Broadaway_eQTL__MPPED1	EUR:chr22:43714200-44995308	Broadaway_2024_liver_eQTL	eQTL	MPPED1	MPPED1	ENSG00000186732	1183	1566825	3794	analysis_update_2026_hcc_gwas/09_coloc/coloc_inputs/EUR_chr22_43714200-44995308__Broadaway_eQTL__MPPED1.tsv.gz	e23dccb097cd27f11ad0281930869edf2227fcd3a99e36d8917e795b889a3b7b	result/15_molecular_qtl_completion/ld_genotypes/EUR_chr22_43714200-44995308.EUR_1000G_genotypes.tsv.gz	GCST90860790_effect_oriented_to_frozen_PLINK_BIM_A2_and_EUR_reference_dosage	GCST90860790	8216	1558609	0.0052437253681808004	1	1	rs738409	rs73167982	2.6240530763624601e-120	1.4521852091480601e-28	1.80696860140988e-92	1	6.0596715443381498e-31	rs738409	0.98980889179809906	1.2119343088676399e-31	1.21193430886766e-29	1	1	7.2365744225342997e-28	1.4473148845068801e-28	1.4473148845068899e-26	1	distinct_regional_signals_supported	Saved posterior reaggregation only; input and ABF-scale restrictions remain. Signal-pair summaries do not establish gene-wide or regional architecture.	503	1	1	True	True	20.798999999999999	13.1502329521389	4.4100000000000004e-96	1.153881e-36	0.089063233947754006	ok		32691.670209500098	1	6.05967171697651e-31	distinct_regional_signals_supported	False	True	1.2119343088676399e-31	1.21193430886766e-29	1	1	technical_unresolved_LD	False	False	26f1a3ed06bdf2c719895f654850c9b72f95bb0a1f563275c8a29d111133e057	unresolved	False	conditional_H3_leaning_not_final_region_class	False	historical_only_no_reliable_signal_sharing_inference
EUR:chr22:43714200-44995308__Broadaway_eQTL__PARVB	EUR:chr22:43714200-44995308	Broadaway_2024_liver_eQTL	eQTL	PARVB	PARVB	ENSG00000188677	1183	1566825	4131	analysis_update_2026_hcc_gwas/09_coloc/coloc_inputs/EUR_chr22_43714200-44995308__Broadaway_eQTL__PARVB.tsv.gz	a9899de24a24f2cf9c616ec859733964ed5f0212dff4627b523c1baf2dcdf275	result/15_molecular_qtl_completion/ld_genotypes/EUR_chr22_43714200-44995308.EUR_1000G_genotypes.tsv.gz	GCST90860790_effect_oriented_to_frozen_PLINK_BIM_A2_and_EUR_reference_dosage	GCST90860790	8216	1558609	0.0052437253681808004	1	3	rs738409	rs112385337	4.3508097173825202e-98	3.5909350983435899e-06	1.21160473791669e-92	0.999996382533346	2.6531548694246601e-08	rs738409	0.98985072916776995	1.7463352349846501e-62	5.3063070639431401e-07	1	1	1.13223765481928e-80	2.26447530963859e-81	2.2644753096386101e-79	1	distinct_regional_signals_supported	Saved posterior reaggregation only; input and ABF-scale restrictions remain. Signal-pair summaries do not establish gene-wide or regional architecture.	503	1	3	True	True	20.798999999999999	20.112553365819998	4.4100000000000004e-96	2.5555849999999999e-76	0.089063233947754006	ok		32691.670209500098	0.999996382533346	2.6531550243056899e-08	distinct_regional_signals_supported	False	True	5.3063098514771204e-09	5.3063070639431401e-07	0.99999587843600601	0.99999640375851595	technical_unresolved_LD	False	False	26f1a3ed06bdf2c719895f654850c9b72f95bb0a1f563275c8a29d111133e057	unresolved	False	conditional_H3_leaning_not_final_region_class	False	historical_only_no_reliable_signal_sharing_inference
EUR:chr22:43714200-44995308__Broadaway_eQTL__RTL6	EUR:chr22:43714200-44995308	Broadaway_2024_liver_eQTL	eQTL	RTL6	RTL6	ENSG00000188636	1183	1566825	3555	analysis_update_2026_hcc_gwas/09_coloc/coloc_inputs/EUR_chr22_43714200-44995308__Broadaway_eQTL__RTL6.tsv.gz	521d8f2271a0b0dd69eb0ba55d38a762e7525bc5563e61645232349793de0bcc	result/15_molecular_qtl_completion/ld_genotypes/EUR_chr22_43714200-44995308.EUR_1000G_genotypes.tsv.gz	GCST90860790_effect_oriented_to_frozen_PLINK_BIM_A2_and_EUR_reference_dosage	GCST90860790	8216	1558609	0.0052437253681808004	1	2	rs738409	rs6007271	8.9651621449178205e-97	0.0001650500399209	5.43088056904763e-93	0.99983362024425604	1.3297158218512701e-06	rs738409	0.98993345722798598	1.05110870395217e-32	2.6593644559217199e-05	1	1	5.8947492749578999e-31	1.17894985499159e-31	1.17894985499161e-29	1	distinct_regional_signals_supported	Saved posterior reaggregation only; input and ABF-scale restrictions remain. Signal-pair summaries do not establish gene-wide or regional architecture.	503	1	2	True	True	20.798999999999999	12.604209962407801	4.4100000000000004e-96	5.169479e-34	0.080141371440887302	ok		32691.670209500098	0.99983362024422695	1.3297158411532599e-06	distinct_regional_signals_supported	False	True	2.6594344727362602e-07	2.6593644559217199e-05	0.99980836048533095	0.999834683841057	technical_unresolved_LD	False	False	26f1a3ed06bdf2c719895f654850c9b72f95bb0a1f563275c8a29d111133e057	unresolved	False	conditional_H3_leaning_not_final_region_class	False	historical_only_no_reliable_signal_sharing_inference
EUR:chr22:43714200-44995308__Broadaway_eQTL__SAMM50	EUR:chr22:43714200-44995308	Broadaway_2024_liver_eQTL	eQTL	SAMM50	SAMM50	ENSG00000100347	1183	1566825	4131	analysis_update_2026_hcc_gwas/09_coloc/coloc_inputs/EUR_chr22_43714200-44995308__Broadaway_eQTL__SAMM50.tsv.gz	46a767680c17d20afd3df197f84f9a3a65ce2ef6b8cb03126d8e6c2b8082829a	result/15_molecular_qtl_completion/ld_genotypes/EUR_chr22_43714200-44995308.EUR_1000G_genotypes.tsv.gz	GCST90860790_effect_oriented_to_frozen_PLINK_BIM_A2_and_EUR_reference_dosage	GCST90860790	8216	1558609	0.0052437253681808004	1	1	rs738409	rs16991187	1.4567065446597501e-118	1.20229083756678e-26	1.21160912080796e-92	1	2.2376261705220199e-28	rs738409	0.98985257006232397	4.4752523410440902e-29	4.4752523410441301e-27	1	1	2.598555352166e-27	5.1971107043320604e-28	5.1971107043321105e-26	1	distinct_regional_signals_supported	Saved posterior reaggregation only; input and ABF-scale restrictions remain. Signal-pair summaries do not establish gene-wide or regional architecture.	503	1	1	True	True	20.798999999999999	12.4433078597516	4.4100000000000004e-96	3.0144209999999999e-33	0.089063233947754006	ok		32691.670209500098	1	2.2376249962864198e-28	distinct_regional_signals_supported	False	True	4.4752523410440902e-29	4.4752523410441301e-27	1	1	technical_unresolved_LD	False	False	26f1a3ed06bdf2c719895f654850c9b72f95bb0a1f563275c8a29d111133e057	unresolved	False	conditional_H3_leaning_not_final_region_class	False	historical_only_no_reliable_signal_sharing_inference
EUR:chr22:43714200-44995308__Broadaway_eQTL__SULT4A1	EUR:chr22:43714200-44995308	Broadaway_2024_liver_eQTL	eQTL	SULT4A1	SULT4A1	ENSG00000130540	1183	1566825	4131	analysis_update_2026_hcc_gwas/09_coloc/coloc_inputs/EUR_chr22_43714200-44995308__Broadaway_eQTL__SULT4A1.tsv.gz	58e8cb962d93321f4b533158a39b6020df7e413143c406ce4ab0cfb7fa044a35	result/15_molecular_qtl_completion/ld_genotypes/EUR_chr22_43714200-44995308.EUR_1000G_genotypes.tsv.gz	GCST90860790_effect_oriented_to_frozen_PLINK_BIM_A2_and_EUR_reference_dosage	GCST90860790	8216	1558609	0.0052437253681808004	1	1	rs738409	rs8138497	2.10690104221947e-103	1.7389280140235999e-11	1.21160912078671e-92	0.99999999998246403	1.4434139830595899e-13	rs738409	0.98985082434193905	2.88682796611954e-14	2.8868279661113601e-12	0.99999999998257705	0.99999999998632905	3.05765612732131e-13	6.11531225464425e-14	6.1153122546072803e-12	0.99999999998658495	distinct_regional_signals_supported	Saved posterior reaggregation only; input and ABF-scale restrictions remain. Signal-pair summaries do not establish gene-wide or regional architecture.	503	1	1	True	True	20.798999999999999	8.5182805599259392	4.4100000000000004e-96	5.576167e-17	0.089063233947754006	ok		32691.670209500098	0.99999999998246403	1.4434140238026201e-13	distinct_regional_signals_supported	False	True	2.88682796611954e-14	2.8868279661113601e-12	0.99999999997973499	0.99999999998257705	technical_unresolved_LD	False	False	26f1a3ed06bdf2c719895f654850c9b72f95bb0a1f563275c8a29d111133e057	unresolved	False	conditional_H3_leaning_not_final_region_class	False	historical_only_no_reliable_signal_sharing_inference
EUR:chr22:43714200-44995308__GTEx_eQTL__ENSG00000186732	EUR:chr22:43714200-44995308	GTEx_v8_liver_eQTL_Catalogue	eQTL	ENSG00000186732	MPPED1	ENSG00000186732	208	1566825	3265	analysis_update_2026_hcc_gwas/09_coloc/coloc_inputs/EUR_chr22_43714200-44995308__GTEx_eQTL__ENSG00000186732.tsv.gz	54219488cc7f9b8d7671978db802a90b2a972ea6fe691168c62b035af267fae3	result/15_molecular_qtl_completion/ld_genotypes/EUR_chr22_43714200-44995308.EUR_1000G_genotypes.tsv.gz	GCST90860790_effect_oriented_to_frozen_PLINK_BIM_A2_and_EUR_reference_dosage	GCST90860790	8216	1558609	0.0052437253681808004	1	1	rs738409	rs73170005	6.8662560761944404e-96	7.2511033674347303e-06	9.4691877318626305e-91	0.99999269295754201	5.59390932834019e-08	rs738409	0.98938577918904502	1.11878191573495e-08	1.1187806765801e-06	0.99999273770847696	0.99771000560393597	6.8287540104401096e-05	1.3658254171744101e-05	0.0013639810867379001	0.997764513511326	distinct_regional_signals_supported	Saved posterior reaggregation only; input and ABF-scale restrictions remain. Signal-pair summaries do not establish gene-wide or regional architecture.	503	1	1	True	True	20.798999999999999	7.3873760115629903	4.4100000000000004e-96	4.3983800000000001e-12	0.093228766052246101	ok		32691.670209500098	0.99999269295754201	5.5939099257277699e-08	distinct_regional_signals_supported	False	True	1.11878191573495e-08	1.1187806765801e-06	0.99999163012365699	0.99999273770847696	technical_unresolved_LD	False	False	26f1a3ed06bdf2c719895f654850c9b72f95bb0a1f563275c8a29d111133e057	unresolved	False	conditional_H3_leaning_not_final_region_class	False	historical_only_no_reliable_signal_sharing_inference
EUR:chr22:43714200-44995308__GTEx_eQTL__ENSG00000188677	EUR:chr22:43714200-44995308	GTEx_v8_liver_eQTL_Catalogue	eQTL	ENSG00000188677	PARVB	ENSG00000188677	208	1566825	3904	analysis_update_2026_hcc_gwas/09_coloc/coloc_inputs/EUR_chr22_43714200-44995308__GTEx_eQTL__ENSG00000188677.tsv.gz	5c24d406af04dc98654417c76d2cbc4c558110e644fc670307f5bf38ec3e3def	result/15_molecular_qtl_completion/ld_genotypes/EUR_chr22_43714200-44995308.EUR_1000G_genotypes.tsv.gz	GCST90860790_effect_oriented_to_frozen_PLINK_BIM_A2_and_EUR_reference_dosage	GCST90860790	8216	1558609	0.0052437253681808004	1	2	rs738409	rs12170546	7.9084960174575301e-97	1.4536992156476901e-06	5.4402481267367303e-91	0.99999853538977101	1.09110015668341e-08	rs738409	0.989447573055797	7.3183026987389894e-30	2.18219986097715e-07	1	1	3.4283797414635298e-25	6.8567594829271301e-26	6.8567594829271904e-24	1	distinct_regional_signals_supported	Saved posterior reaggregation only; input and ABF-scale restrictions remain. Signal-pair summaries do not establish gene-wide or regional architecture.	503	1	2	True	True	20.798999999999999	12.766084486037901	4.4100000000000004e-96	1.8628600000000002e-27	0.093228766052246101	ok		32691.670209500098	0.99999853538977101	1.09110003448633e-08	distinct_regional_signals_supported	False	True	2.18220033241488e-09	2.18219986097715e-07	0.99999832808109601	0.99999854411857703	technical_unresolved_LD	False	False	26f1a3ed06bdf2c719895f654850c9b72f95bb0a1f563275c8a29d111133e057	unresolved	False	conditional_H3_leaning_not_final_region_class	False	historical_only_no_reliable_signal_sharing_inference
